"../../../Engine/Content/EditorResources/S_Actor.ubulk" 0
"../../../Engine/Content/EditorResources/S_Actor.uasset" 1
"../../../Engine/Content/EditorResources/S_Actor.uexp" 2
"../../../Engine/Content/EditorResources/S_BoxReflectionCapture.uasset" 3
"../../../Engine/Content/EditorResources/S_BoxReflectionCapture.uexp" 4
"../../../Engine/Content/EngineResources/DefaultTexture.ubulk" 5
"../../../Engine/Content/EngineResources/DefaultTexture.uasset" 6
"../../../Engine/Content/EngineResources/DefaultTexture.uexp" 7
"../../../Engine/Content/EngineResources/DefaultTextureCube.uasset" 8
"../../../Engine/Content/EngineResources/DefaultTextureCube.uexp" 9
"../../../Engine/Content/EngineResources/DefaultVolumeTexture2D.uasset" 10
"../../../Engine/Content/EngineResources/DefaultVolumeTexture2D.uexp" 11
"../../../Engine/Content/EngineResources/DefaultVolumeTexture.uasset" 12
"../../../Engine/Content/EngineResources/DefaultVolumeTexture.uexp" 13
"../../../Engine/Content/EditorResources/S_Trigger.ubulk" 14
"../../../Engine/Content/EditorResources/S_Trigger.uasset" 15
"../../../Engine/Content/EditorResources/S_Trigger.uexp" 16
"../../../Engine/Content/EditorResources/S_TriggerBox.uasset" 17
"../../../Engine/Content/EditorResources/S_TriggerBox.uexp" 18
"../../../Engine/Content/EditorResources/S_TriggerCapsule.uasset" 19
"../../../Engine/Content/EditorResources/S_TriggerCapsule.uexp" 20
"../../../Engine/Content/EditorResources/S_TriggerSphere.uasset" 21
"../../../Engine/Content/EditorResources/S_TriggerSphere.uexp" 22
"../../../Engine/Content/EngineMeshes/Sphere.ubulk" 23
"../../../Engine/Content/EngineMeshes/Sphere.uasset" 24
"../../../Engine/Content/EngineMeshes/Sphere.uexp" 25
"../../../Engine/Content/EngineResources/GradientTexture0.uasset" 26
"../../../Engine/Content/EngineResources/GradientTexture0.uexp" 27
"../../../Engine/Content/EngineResources/Black.uasset" 28
"../../../Engine/Content/EngineResources/Black.uexp" 29
"../../../Engine/Content/VREditor/LaserPointer/VR_LaserPower_01.ubulk" 30
"../../../Engine/Content/VREditor/LaserPointer/VR_LaserPower_01.uasset" 31
"../../../Engine/Content/VREditor/LaserPointer/VR_LaserPower_01.uexp" 32
"../../../Engine/Content/VREditor/TransformGizmo/TransformGizmoMaterial.uasset" 33
"../../../Engine/Content/VREditor/TransformGizmo/TransformGizmoMaterial.uexp" 34
"../../../Engine/Content/VREditor/TransformGizmo/TranslucentTransformGizmoMaterial.uasset" 35
"../../../Engine/Content/VREditor/TransformGizmo/TranslucentTransformGizmoMaterial.uexp" 36
"../../../Engine/Content/VREditor/TransformGizmo/BoundingBoxCorner.ubulk" 37
"../../../Engine/Content/VREditor/TransformGizmo/BoundingBoxCorner.uasset" 38
"../../../Engine/Content/VREditor/TransformGizmo/BoundingBoxCorner.uexp" 39
"../../../Engine/Content/VREditor/TransformGizmo/BoundingBoxEdge.ubulk" 40
"../../../Engine/Content/VREditor/TransformGizmo/BoundingBoxEdge.uasset" 41
"../../../Engine/Content/VREditor/TransformGizmo/BoundingBoxEdge.uexp" 42
"../../../Engine/Content/VREditor/TransformGizmo/Main.uasset" 43
"../../../Engine/Content/VREditor/TransformGizmo/Main.uexp" 44
"../../../Engine/Content/VREditor/TransformGizmo/Xray.uasset" 45
"../../../Engine/Content/VREditor/TransformGizmo/Xray.uexp" 46
"../../../Engine/Content/VREditor/TransformGizmo/SM_Sequencer_Node.ubulk" 47
"../../../Engine/Content/VREditor/TransformGizmo/SM_Sequencer_Node.uasset" 48
"../../../Engine/Content/VREditor/TransformGizmo/SM_Sequencer_Node.uexp" 49
"../../../Engine/Content/EditorResources/S_Solver.ubulk" 50
"../../../Engine/Content/EditorResources/S_Solver.uasset" 51
"../../../Engine/Content/EditorResources/S_Solver.uexp" 52
"../../../Engine/Content/EditorMaterials/Camera/CineMat.uasset" 53
"../../../Engine/Content/EditorMaterials/Camera/CineMat.uexp" 54
"../../../Engine/Content/EditorMaterials/Camera/MI_CineMat_Rig.uasset" 55
"../../../Engine/Content/EditorMaterials/Camera/MI_CineMat_Rig.uexp" 56
"../../../Engine/Content/EditorMeshes/Camera/SM_CraneRig_Base.ubulk" 57
"../../../Engine/Content/EditorMeshes/Camera/SM_CraneRig_Base.uasset" 58
"../../../Engine/Content/EditorMeshes/Camera/SM_CraneRig_Base.uexp" 59
"../../../Engine/Content/EditorMeshes/Camera/SM_CraneRig_Arm.ubulk" 60
"../../../Engine/Content/EditorMeshes/Camera/SM_CraneRig_Arm.uasset" 61
"../../../Engine/Content/EditorMeshes/Camera/SM_CraneRig_Arm.uexp" 62
"../../../Engine/Content/EditorMeshes/Camera/SM_CraneRig_Mount.ubulk" 63
"../../../Engine/Content/EditorMeshes/Camera/SM_CraneRig_Mount.uasset" 64
"../../../Engine/Content/EditorMeshes/Camera/SM_CraneRig_Mount.uexp" 65
"../../../Engine/Content/EditorMeshes/Camera/SM_CraneRig_Body.ubulk" 66
"../../../Engine/Content/EditorMeshes/Camera/SM_CraneRig_Body.uasset" 67
"../../../Engine/Content/EditorMeshes/Camera/SM_CraneRig_Body.uexp" 68
"../../../Engine/Content/EditorMeshes/Camera/SM_RailRig_Track.ubulk" 69
"../../../Engine/Content/EditorMeshes/Camera/SM_RailRig_Track.uasset" 70
"../../../Engine/Content/EditorMeshes/Camera/SM_RailRig_Track.uexp" 71
"../../../Engine/Content/EditorMeshes/Camera/SM_RailRig_Mount.ubulk" 72
"../../../Engine/Content/EditorMeshes/Camera/SM_RailRig_Mount.uasset" 73
"../../../Engine/Content/EditorMeshes/Camera/SM_RailRig_Mount.uexp" 74
"../../../Engine/Content/EngineMaterials/T_Default_Material_Grid_M.ubulk" 75
"../../../Engine/Content/EngineMaterials/T_Default_Material_Grid_M.uasset" 76
"../../../Engine/Content/EngineMaterials/T_Default_Material_Grid_M.uexp" 77
"../../../Engine/Content/EngineMaterials/T_Default_Material_Grid_N.ubulk" 78
"../../../Engine/Content/EngineMaterials/T_Default_Material_Grid_N.uasset" 79
"../../../Engine/Content/EngineMaterials/T_Default_Material_Grid_N.uexp" 80
"../../../Engine/Content/Functions/Engine_MaterialFunctions01/Opacity/CameraDepthFade.uasset" 81
"../../../Engine/Content/Functions/Engine_MaterialFunctions01/Opacity/CameraDepthFade.uexp" 82
"../../../Engine/Content/EngineMaterials/WorldGridMaterial.uasset" 83
"../../../Engine/Content/EngineMaterials/WorldGridMaterial.uexp" 84
"../../../Engine/Content/ArtTools/RenderToTexture/Meshes/S_1_Unit_Plane.ubulk" 85
"../../../Engine/Content/ArtTools/RenderToTexture/Meshes/S_1_Unit_Plane.uasset" 86
"../../../Engine/Content/ArtTools/RenderToTexture/Meshes/S_1_Unit_Plane.uexp" 87
"../../../Engine/Content/EditorMaterials/ParticleSystems/PSysThumbnail_NoImage.ubulk" 88
"../../../Engine/Content/EditorMaterials/ParticleSystems/PSysThumbnail_NoImage.uasset" 89
"../../../Engine/Content/EditorMaterials/ParticleSystems/PSysThumbnail_NoImage.uexp" 90
"../../../Engine/Content/EditorMaterials/ParticleSystems/PSysThumbnail_OOD.ubulk" 91
"../../../Engine/Content/EditorMaterials/ParticleSystems/PSysThumbnail_OOD.uasset" 92
"../../../Engine/Content/EditorMaterials/ParticleSystems/PSysThumbnail_OOD.uexp" 93
"../../../Engine/Content/EditorLandscapeResources/SplineEditorMeshMat.uasset" 94
"../../../Engine/Content/EditorLandscapeResources/SplineEditorMeshMat.uexp" 95
"../../../Engine/Content/EditorLandscapeResources/SplineEditorMesh.ubulk" 96
"../../../Engine/Content/EditorLandscapeResources/SplineEditorMesh.uasset" 97
"../../../Engine/Content/EditorLandscapeResources/SplineEditorMesh.uexp" 98
"../../../Engine/Plugins/Media/MediaPlate/Content/SM_MediaPlateScreen.ubulk" 99
"../../../Engine/Plugins/Media/MediaPlate/Content/SM_MediaPlateScreen.uasset" 100
"../../../Engine/Plugins/Media/MediaPlate/Content/SM_MediaPlateScreen.uexp" 101
"../../../Engine/Content/EngineMaterials/DefaultBokeh.uasset" 102
"../../../Engine/Content/EngineMaterials/DefaultBokeh.uexp" 103
"../../../Engine/Content/EngineMaterials/MiniFont.uasset" 104
"../../../Engine/Content/EngineMaterials/MiniFont.uexp" 105
"../../../Engine/Content/EngineMaterials/WeightMapPlaceholderTexture.uasset" 106
"../../../Engine/Content/EngineMaterials/WeightMapPlaceholderTexture.uexp" 107
"../../../Engine/Content/EngineMaterials/DefaultWhiteGrid.ubulk" 108
"../../../Engine/Content/EngineMaterials/DefaultWhiteGrid.uasset" 109
"../../../Engine/Content/EngineMaterials/DefaultWhiteGrid.uexp" 110
"../../../Engine/Content/EngineMaterials/PreintegratedSkinBRDF.uasset" 111
"../../../Engine/Content/EngineMaterials/PreintegratedSkinBRDF.uexp" 112
"../../../Engine/Plugins/Animation/ACLPlugin/Content/ACLAnimBoneCompressionSettings.uasset" 113
"../../../Engine/Plugins/Animation/ACLPlugin/Content/ACLAnimBoneCompressionSettings.uexp" 114
"../../../Engine/Plugins/2D/Paper2D/Content/PlaceholderTextures/DummySpriteTexture.ubulk" 115
"../../../Engine/Plugins/2D/Paper2D/Content/PlaceholderTextures/DummySpriteTexture.uasset" 116
"../../../Engine/Plugins/2D/Paper2D/Content/PlaceholderTextures/DummySpriteTexture.uexp" 117
"../../../Engine/Plugins/2D/Paper2D/Content/DefaultSpriteMaterial.uasset" 118
"../../../Engine/Plugins/2D/Paper2D/Content/DefaultSpriteMaterial.uexp" 119
"../../../Engine/Plugins/2D/Paper2D/Content/OpaqueUnlitSpriteMaterial.uasset" 120
"../../../Engine/Plugins/2D/Paper2D/Content/OpaqueUnlitSpriteMaterial.uexp" 121
"../../../Engine/Plugins/2D/Paper2D/Content/MaskedUnlitSpriteMaterial.uasset" 122
"../../../Engine/Plugins/2D/Paper2D/Content/MaskedUnlitSpriteMaterial.uexp" 123
"../../../Engine/Plugins/2D/Paper2D/Content/DummySprite.uasset" 124
"../../../Engine/Plugins/2D/Paper2D/Content/DummySprite.uexp" 125
"../../../Engine/Plugins/2D/Paper2D/Content/DefaultPaperTerrainMaterial.uasset" 126
"../../../Engine/Plugins/2D/Paper2D/Content/DefaultPaperTerrainMaterial.uexp" 127
"../../../Engine/Content/Functions/Engine_MaterialFunctions02/WorldPositionOffset/CameraOffset.uasset" 128
"../../../Engine/Content/Functions/Engine_MaterialFunctions02/WorldPositionOffset/CameraOffset.uexp" 129
"../../../Engine/Plugins/Animation/ControlRig/Content/M_Manip.uasset" 130
"../../../Engine/Plugins/Animation/ControlRig/Content/M_Manip.uexp" 131
"../../../Engine/Content/Animation/DefaultVariableFrameStrippingSettings.uasset" 132
"../../../Engine/Content/Animation/DefaultVariableFrameStrippingSettings.uexp" 133
"../../../Engine/Content/Animation/DefaultRecorderBoneCompression.uasset" 134
"../../../Engine/Content/Animation/DefaultRecorderBoneCompression.uexp" 135
"../../../Engine/Content/Animation/DefaultAnimCurveCompressionSettings.uasset" 136
"../../../Engine/Content/Animation/DefaultAnimCurveCompressionSettings.uexp" 137
"../../../Engine/Content/EngineMaterials/DefaultMaterial.uasset" 138
"../../../Engine/Content/EngineMaterials/DefaultMaterial.uexp" 139
"../../../Engine/Content/BasicShapes/Sphere.ubulk" 140
"../../../Engine/Content/BasicShapes/Sphere.uasset" 141
"../../../Engine/Content/BasicShapes/Sphere.uexp" 142
"../../../Engine/Content/BasicShapes/Plane.ubulk" 143
"../../../Engine/Content/BasicShapes/Plane.uasset" 144
"../../../Engine/Content/BasicShapes/Plane.uexp" 145
"../../../Engine/Content/BasicShapes/Cylinder.ubulk" 146
"../../../Engine/Content/BasicShapes/Cylinder.uasset" 147
"../../../Engine/Content/BasicShapes/Cylinder.uexp" 148
"../../../Engine/Content/BasicShapes/Cube.ubulk" 149
"../../../Engine/Content/BasicShapes/Cube.uasset" 150
"../../../Engine/Content/BasicShapes/Cube.uexp" 151
"../../../Engine/Content/BasicShapes/Cone.ubulk" 152
"../../../Engine/Content/BasicShapes/Cone.uasset" 153
"../../../Engine/Content/BasicShapes/Cone.uexp" 154
"../../../Engine/Content/EditorResources/S_Terrain.ubulk" 155
"../../../Engine/Content/EditorResources/S_Terrain.uasset" 156
"../../../Engine/Content/EditorResources/S_Terrain.uexp" 157
"../../../Engine/Content/EngineResources/WhiteSquareTexture.uasset" 158
"../../../Engine/Content/EngineResources/WhiteSquareTexture.uexp" 159
"../../../Engine/Content/EngineMaterials/Widget3DPassThrough.uasset" 160
"../../../Engine/Content/EngineMaterials/Widget3DPassThrough.uexp" 161
"../../../Engine/Content/EngineMaterials/Widget3DPassThrough_Translucent.uasset" 162
"../../../Engine/Content/EngineMaterials/Widget3DPassThrough_Translucent.uexp" 163
"../../../Engine/Content/EngineMaterials/Widget3DPassThrough_Translucent_OneSided.uasset" 164
"../../../Engine/Content/EngineMaterials/Widget3DPassThrough_Translucent_OneSided.uexp" 165
"../../../Engine/Content/EngineMaterials/Widget3DPassThrough_Opaque.uasset" 166
"../../../Engine/Content/EngineMaterials/Widget3DPassThrough_Opaque.uexp" 167
"../../../Engine/Content/EngineMaterials/Widget3DPassThrough_Opaque_OneSided.uasset" 168
"../../../Engine/Content/EngineMaterials/Widget3DPassThrough_Opaque_OneSided.uexp" 169
"../../../Engine/Content/EngineMaterials/Widget3DPassThrough_Masked_OneSided.uasset" 170
"../../../Engine/Content/EngineMaterials/Widget3DPassThrough_Masked_OneSided.uexp" 171
"../../../Engine/Content/EngineMaterials/Widget3DPassThrough_Masked.uasset" 172
"../../../Engine/Content/EngineMaterials/Widget3DPassThrough_Masked.uexp" 173
"../../../Engine/Content/EngineMaterials/STBlueNoise_vec2_128x128x64.uasset" 174
"../../../Engine/Content/EngineMaterials/STBlueNoise_vec2_128x128x64.uexp" 175
"../../../Engine/Content/EngineMaterials/STBlueNoise_scalar_128x128x64.uasset" 176
"../../../Engine/Content/EngineMaterials/STBlueNoise_scalar_128x128x64.uexp" 177
"../../../Engine/Plugins/Animation/ControlRig/Content/Controls/DefaultGizmoLibraryNormalized.uasset" 178
"../../../Engine/Plugins/Animation/ControlRig/Content/Controls/DefaultGizmoLibraryNormalized.uexp" 179
"../../../Engine/Plugins/Animation/ControlRig/Content/Controls/ControlRig_Wedge_solid.ubulk" 180
"../../../Engine/Plugins/Animation/ControlRig/Content/Controls/ControlRig_Wedge_solid.uasset" 181
"../../../Engine/Plugins/Animation/ControlRig/Content/Controls/ControlRig_Wedge_solid.uexp" 182
"../../../Engine/Plugins/Animation/ControlRig/Content/Controls/ControlRig_Wedge_3mm.ubulk" 183
"../../../Engine/Plugins/Animation/ControlRig/Content/Controls/ControlRig_Wedge_3mm.uasset" 184
"../../../Engine/Plugins/Animation/ControlRig/Content/Controls/ControlRig_Wedge_3mm.uexp" 185
"../../../Engine/Plugins/Animation/ControlRig/Content/Controls/ControlRig_Wedge_1mm.ubulk" 186
"../../../Engine/Plugins/Animation/ControlRig/Content/Controls/ControlRig_Wedge_1mm.uasset" 187
"../../../Engine/Plugins/Animation/ControlRig/Content/Controls/ControlRig_Wedge_1mm.uexp" 188
"../../../Engine/Plugins/Animation/ControlRig/Content/Controls/ControlRig_Triangle_solid.ubulk" 189
"../../../Engine/Plugins/Animation/ControlRig/Content/Controls/ControlRig_Triangle_solid.uasset" 190
"../../../Engine/Plugins/Animation/ControlRig/Content/Controls/ControlRig_Triangle_solid.uexp" 191
"../../../Engine/Plugins/Animation/ControlRig/Content/Controls/ControlRig_Triangle_3mm.ubulk" 192
"../../../Engine/Plugins/Animation/ControlRig/Content/Controls/ControlRig_Triangle_3mm.uasset" 193
"../../../Engine/Plugins/Animation/ControlRig/Content/Controls/ControlRig_Triangle_3mm.uexp" 194
"../../../Engine/Plugins/Animation/ControlRig/Content/Controls/ControlRig_Triangle_1mm.ubulk" 195
"../../../Engine/Plugins/Animation/ControlRig/Content/Controls/ControlRig_Triangle_1mm.uasset" 196
"../../../Engine/Plugins/Animation/ControlRig/Content/Controls/ControlRig_Triangle_1mm.uexp" 197
"../../../Engine/Plugins/Animation/ControlRig/Content/Controls/ControlRig_Star4_solid.ubulk" 198
"../../../Engine/Plugins/Animation/ControlRig/Content/Controls/ControlRig_Star4_solid.uasset" 199
"../../../Engine/Plugins/Animation/ControlRig/Content/Controls/ControlRig_Star4_solid.uexp" 200
"../../../Engine/Plugins/Animation/ControlRig/Content/Controls/ControlRig_Star4_3mm.ubulk" 201
"../../../Engine/Plugins/Animation/ControlRig/Content/Controls/ControlRig_Star4_3mm.uasset" 202
"../../../Engine/Plugins/Animation/ControlRig/Content/Controls/ControlRig_Star4_3mm.uexp" 203
"../../../Engine/Plugins/Animation/ControlRig/Content/Controls/ControlRig_Star4_1mm.ubulk" 204
"../../../Engine/Plugins/Animation/ControlRig/Content/Controls/ControlRig_Star4_1mm.uasset" 205
"../../../Engine/Plugins/Animation/ControlRig/Content/Controls/ControlRig_Star4_1mm.uexp" 206
"../../../Engine/Plugins/Animation/ControlRig/Content/Controls/ControlRig_Square_solid.ubulk" 207
"../../../Engine/Plugins/Animation/ControlRig/Content/Controls/ControlRig_Square_solid.uasset" 208
"../../../Engine/Plugins/Animation/ControlRig/Content/Controls/ControlRig_Square_solid.uexp" 209
"../../../Engine/Plugins/Animation/ControlRig/Content/Controls/ControlRig_Square_3mm.ubulk" 210
"../../../Engine/Plugins/Animation/ControlRig/Content/Controls/ControlRig_Square_3mm.uasset" 211
"../../../Engine/Plugins/Animation/ControlRig/Content/Controls/ControlRig_Square_3mm.uexp" 212
"../../../Engine/Plugins/Animation/ControlRig/Content/Controls/ControlRig_Square_1mm.ubulk" 213
"../../../Engine/Plugins/Animation/ControlRig/Content/Controls/ControlRig_Square_1mm.uasset" 214
"../../../Engine/Plugins/Animation/ControlRig/Content/Controls/ControlRig_Square_1mm.uexp" 215
"../../../Engine/Plugins/Animation/ControlRig/Content/Controls/ControlRig_Sphere_solid.ubulk" 216
"../../../Engine/Plugins/Animation/ControlRig/Content/Controls/ControlRig_Sphere_solid.uasset" 217
"../../../Engine/Plugins/Animation/ControlRig/Content/Controls/ControlRig_Sphere_solid.uexp" 218
"../../../Engine/Plugins/Animation/ControlRig/Content/Controls/ControlRig_Sphere_3mm.ubulk" 219
"../../../Engine/Plugins/Animation/ControlRig/Content/Controls/ControlRig_Sphere_3mm.uasset" 220
"../../../Engine/Plugins/Animation/ControlRig/Content/Controls/ControlRig_Sphere_3mm.uexp" 221
"../../../Engine/Plugins/Animation/ControlRig/Content/Controls/ControlRig_Sphere_1mm.ubulk" 222
"../../../Engine/Plugins/Animation/ControlRig/Content/Controls/ControlRig_Sphere_1mm.uasset" 223
"../../../Engine/Plugins/Animation/ControlRig/Content/Controls/ControlRig_Sphere_1mm.uexp" 224
"../../../Engine/Plugins/Animation/ControlRig/Content/Controls/ControlRig_RoundedTriangle_solid.ubulk" 225
"../../../Engine/Plugins/Animation/ControlRig/Content/Controls/ControlRig_RoundedTriangle_solid.uasset" 226
"../../../Engine/Plugins/Animation/ControlRig/Content/Controls/ControlRig_RoundedTriangle_solid.uexp" 227
"../../../Engine/Plugins/Animation/ControlRig/Content/Controls/ControlRig_RoundedTriangle_3mm.ubulk" 228
"../../../Engine/Plugins/Animation/ControlRig/Content/Controls/ControlRig_RoundedTriangle_3mm.uasset" 229
"../../../Engine/Plugins/Animation/ControlRig/Content/Controls/ControlRig_RoundedTriangle_3mm.uexp" 230
"../../../Engine/Plugins/Animation/ControlRig/Content/Controls/ControlRig_RoundedTriangle_1mm.ubulk" 231
"../../../Engine/Plugins/Animation/ControlRig/Content/Controls/ControlRig_RoundedTriangle_1mm.uasset" 232
"../../../Engine/Plugins/Animation/ControlRig/Content/Controls/ControlRig_RoundedTriangle_1mm.uexp" 233
"../../../Engine/Plugins/Animation/ControlRig/Content/Controls/ControlRig_RoundedSquare_solid.ubulk" 234
"../../../Engine/Plugins/Animation/ControlRig/Content/Controls/ControlRig_RoundedSquare_solid.uasset" 235
"../../../Engine/Plugins/Animation/ControlRig/Content/Controls/ControlRig_RoundedSquare_solid.uexp" 236
"../../../Engine/Plugins/Animation/ControlRig/Content/Controls/ControlRig_RoundedSquare_3mm.ubulk" 237
"../../../Engine/Plugins/Animation/ControlRig/Content/Controls/ControlRig_RoundedSquare_3mm.uasset" 238
"../../../Engine/Plugins/Animation/ControlRig/Content/Controls/ControlRig_RoundedSquare_3mm.uexp" 239
"../../../Engine/Plugins/Animation/ControlRig/Content/Controls/ControlRig_RoundedSquare_1mm.ubulk" 240
"../../../Engine/Plugins/Animation/ControlRig/Content/Controls/ControlRig_RoundedSquare_1mm.uasset" 241
"../../../Engine/Plugins/Animation/ControlRig/Content/Controls/ControlRig_RoundedSquare_1mm.uexp" 242
"../../../Engine/Plugins/Animation/ControlRig/Content/Controls/ControlRig_QuarterCircle_solid.ubulk" 243
"../../../Engine/Plugins/Animation/ControlRig/Content/Controls/ControlRig_QuarterCircle_solid.uasset" 244
"../../../Engine/Plugins/Animation/ControlRig/Content/Controls/ControlRig_QuarterCircle_solid.uexp" 245
"../../../Engine/Plugins/Animation/ControlRig/Content/Controls/ControlRig_QuarterCircle_3mm.ubulk" 246
"../../../Engine/Plugins/Animation/ControlRig/Content/Controls/ControlRig_QuarterCircle_3mm.uasset" 247
"../../../Engine/Plugins/Animation/ControlRig/Content/Controls/ControlRig_QuarterCircle_3mm.uexp" 248
"../../../Engine/Plugins/Animation/ControlRig/Content/Controls/ControlRig_QuarterCircle_1mm.ubulk" 249
"../../../Engine/Plugins/Animation/ControlRig/Content/Controls/ControlRig_QuarterCircle_1mm.uasset" 250
"../../../Engine/Plugins/Animation/ControlRig/Content/Controls/ControlRig_QuarterCircle_1mm.uexp" 251
"../../../Engine/Plugins/Animation/ControlRig/Content/Controls/ControlRig_Pyramid_solid.ubulk" 252
"../../../Engine/Plugins/Animation/ControlRig/Content/Controls/ControlRig_Pyramid_solid.uasset" 253
"../../../Engine/Plugins/Animation/ControlRig/Content/Controls/ControlRig_Pyramid_solid.uexp" 254
"../../../Engine/Plugins/Animation/ControlRig/Content/Controls/ControlRig_Pyramid_3mm.ubulk" 255
"../../../Engine/Plugins/Animation/ControlRig/Content/Controls/ControlRig_Pyramid_3mm.uasset" 256
"../../../Engine/Plugins/Animation/ControlRig/Content/Controls/ControlRig_Pyramid_3mm.uexp" 257
"../../../Engine/Plugins/Animation/ControlRig/Content/Controls/ControlRig_Pyramid_1mm.ubulk" 258
"../../../Engine/Plugins/Animation/ControlRig/Content/Controls/ControlRig_Pyramid_1mm.uasset" 259
"../../../Engine/Plugins/Animation/ControlRig/Content/Controls/ControlRig_Pyramid_1mm.uexp" 260
"../../../Engine/Plugins/Animation/ControlRig/Content/Controls/ControlRig_Octagon_solid.ubulk" 261
"../../../Engine/Plugins/Animation/ControlRig/Content/Controls/ControlRig_Octagon_solid.uasset" 262
"../../../Engine/Plugins/Animation/ControlRig/Content/Controls/ControlRig_Octagon_solid.uexp" 263
"../../../Engine/Plugins/Animation/ControlRig/Content/Controls/ControlRig_Octagon_3mm.ubulk" 264
"../../../Engine/Plugins/Animation/ControlRig/Content/Controls/ControlRig_Octagon_3mm.uasset" 265
"../../../Engine/Plugins/Animation/ControlRig/Content/Controls/ControlRig_Octagon_3mm.uexp" 266
"../../../Engine/Plugins/Animation/ControlRig/Content/Controls/ControlRig_Octagon_1mm.ubulk" 267
"../../../Engine/Plugins/Animation/ControlRig/Content/Controls/ControlRig_Octagon_1mm.uasset" 268
"../../../Engine/Plugins/Animation/ControlRig/Content/Controls/ControlRig_Octagon_1mm.uexp" 269
"../../../Engine/Plugins/Animation/ControlRig/Content/Controls/ControlRig_Hexagon_solid.ubulk" 270
"../../../Engine/Plugins/Animation/ControlRig/Content/Controls/ControlRig_Hexagon_solid.uasset" 271
"../../../Engine/Plugins/Animation/ControlRig/Content/Controls/ControlRig_Hexagon_solid.uexp" 272
"../../../Engine/Plugins/Animation/ControlRig/Content/Controls/ControlRig_Hexagon_3mm.ubulk" 273
"../../../Engine/Plugins/Animation/ControlRig/Content/Controls/ControlRig_Hexagon_3mm.uasset" 274
"../../../Engine/Plugins/Animation/ControlRig/Content/Controls/ControlRig_Hexagon_3mm.uexp" 275
"../../../Engine/Plugins/Animation/ControlRig/Content/Controls/ControlRig_Hexagon_1mm.ubulk" 276
"../../../Engine/Plugins/Animation/ControlRig/Content/Controls/ControlRig_Hexagon_1mm.uasset" 277
"../../../Engine/Plugins/Animation/ControlRig/Content/Controls/ControlRig_Hexagon_1mm.uexp" 278
"../../../Engine/Plugins/Animation/ControlRig/Content/Controls/ControlRig_HalfCircle_solid.ubulk" 279
"../../../Engine/Plugins/Animation/ControlRig/Content/Controls/ControlRig_HalfCircle_solid.uasset" 280
"../../../Engine/Plugins/Animation/ControlRig/Content/Controls/ControlRig_HalfCircle_solid.uexp" 281
"../../../Engine/Plugins/Animation/ControlRig/Content/Controls/ControlRig_HalfCircle_3mm.ubulk" 282
"../../../Engine/Plugins/Animation/ControlRig/Content/Controls/ControlRig_HalfCircle_3mm.uasset" 283
"../../../Engine/Plugins/Animation/ControlRig/Content/Controls/ControlRig_HalfCircle_3mm.uexp" 284
"../../../Engine/Plugins/Animation/ControlRig/Content/Controls/ControlRig_HalfCircle_1mm.ubulk" 285
"../../../Engine/Plugins/Animation/ControlRig/Content/Controls/ControlRig_HalfCircle_1mm.uasset" 286
"../../../Engine/Plugins/Animation/ControlRig/Content/Controls/ControlRig_HalfCircle_1mm.uexp" 287
"../../../Engine/Plugins/Runtime/MeshModelingToolset/Content/Materials/M_DynamicMeshComponentVtxColor.uasset" 288
"../../../Engine/Plugins/Runtime/MeshModelingToolset/Content/Materials/M_DynamicMeshComponentVtxColor.uexp" 289
"C:/Users/silve/OneDrive/Documents/Unreal Projects/MightyHero/Content/Assets/Music/Space_adventure_3.ubulk" 290
"C:/Users/silve/OneDrive/Documents/Unreal Projects/MightyHero/Content/Assets/Music/Space_adventure_3.uasset" 291
"C:/Users/silve/OneDrive/Documents/Unreal Projects/MightyHero/Content/Assets/Music/Space_adventure_3.uexp" 292
"C:/Users/silve/OneDrive/Documents/Unreal Projects/MightyHero/Content/Assets/Music/MainTheme_Cue.uasset" 293
"C:/Users/silve/OneDrive/Documents/Unreal Projects/MightyHero/Content/Assets/Music/MainTheme_Cue.uexp" 294
"C:/Users/silve/OneDrive/Documents/Unreal Projects/MightyHero/Content/Assets/Music/Collectable_Long.ubulk" 295
"C:/Users/silve/OneDrive/Documents/Unreal Projects/MightyHero/Content/Assets/Music/Collectable_Long.uasset" 296
"C:/Users/silve/OneDrive/Documents/Unreal Projects/MightyHero/Content/Assets/Music/Collectable_Long.uexp" 297
"C:/Users/silve/OneDrive/Documents/Unreal Projects/MightyHero/Content/Assets/Music/Collectable_Long_Cue.uasset" 298
"C:/Users/silve/OneDrive/Documents/Unreal Projects/MightyHero/Content/Assets/Music/Collectable_Long_Cue.uexp" 299
"C:/Users/silve/OneDrive/Documents/Unreal Projects/MightyHero/Content/Assets/Music/rock2.ubulk" 300
"C:/Users/silve/OneDrive/Documents/Unreal Projects/MightyHero/Content/Assets/Music/rock2.uasset" 301
"C:/Users/silve/OneDrive/Documents/Unreal Projects/MightyHero/Content/Assets/Music/rock2.uexp" 302
"C:/Users/silve/OneDrive/Documents/Unreal Projects/MightyHero/Content/Assets/Music/rock1.ubulk" 303
"C:/Users/silve/OneDrive/Documents/Unreal Projects/MightyHero/Content/Assets/Music/rock1.uasset" 304
"C:/Users/silve/OneDrive/Documents/Unreal Projects/MightyHero/Content/Assets/Music/rock1.uexp" 305
"C:/Users/silve/OneDrive/Documents/Unreal Projects/MightyHero/Content/Assets/Music/Destruction_Cue.uasset" 306
"C:/Users/silve/OneDrive/Documents/Unreal Projects/MightyHero/Content/Assets/Music/Destruction_Cue.uexp" 307
"C:/Users/silve/OneDrive/Documents/Unreal Projects/MightyHero/Content/Assets/Music/Jump.ubulk" 308
"C:/Users/silve/OneDrive/Documents/Unreal Projects/MightyHero/Content/Assets/Music/Jump.uasset" 309
"C:/Users/silve/OneDrive/Documents/Unreal Projects/MightyHero/Content/Assets/Music/Jump.uexp" 310
"C:/Users/silve/OneDrive/Documents/Unreal Projects/MightyHero/Content/Assets/Music/Jump_Cue.uasset" 311
"C:/Users/silve/OneDrive/Documents/Unreal Projects/MightyHero/Content/Assets/Music/Jump_Cue.uexp" 312
"C:/Users/silve/OneDrive/Documents/Unreal Projects/MightyHero/Content/Assets/Music/explode01.ubulk" 313
"C:/Users/silve/OneDrive/Documents/Unreal Projects/MightyHero/Content/Assets/Music/explode01.uasset" 314
"C:/Users/silve/OneDrive/Documents/Unreal Projects/MightyHero/Content/Assets/Music/explode01.uexp" 315
"C:/Users/silve/OneDrive/Documents/Unreal Projects/MightyHero/Content/Assets/Music/explode03.ubulk" 316
"C:/Users/silve/OneDrive/Documents/Unreal Projects/MightyHero/Content/Assets/Music/explode03.uasset" 317
"C:/Users/silve/OneDrive/Documents/Unreal Projects/MightyHero/Content/Assets/Music/explode03.uexp" 318
"C:/Users/silve/OneDrive/Documents/Unreal Projects/MightyHero/Content/Assets/Music/explode04.ubulk" 319
"C:/Users/silve/OneDrive/Documents/Unreal Projects/MightyHero/Content/Assets/Music/explode04.uasset" 320
"C:/Users/silve/OneDrive/Documents/Unreal Projects/MightyHero/Content/Assets/Music/explode04.uexp" 321
"C:/Users/silve/OneDrive/Documents/Unreal Projects/MightyHero/Content/Assets/Music/explode02.ubulk" 322
"C:/Users/silve/OneDrive/Documents/Unreal Projects/MightyHero/Content/Assets/Music/explode02.uasset" 323
"C:/Users/silve/OneDrive/Documents/Unreal Projects/MightyHero/Content/Assets/Music/explode02.uexp" 324
"C:/Users/silve/OneDrive/Documents/Unreal Projects/MightyHero/Content/Assets/Music/explosion_Cue.uasset" 325
"C:/Users/silve/OneDrive/Documents/Unreal Projects/MightyHero/Content/Assets/Music/explosion_Cue.uexp" 326
"C:/Users/silve/OneDrive/Documents/Unreal Projects/MightyHero/Content/Assets/Music/Collectable_Short.ubulk" 327
"C:/Users/silve/OneDrive/Documents/Unreal Projects/MightyHero/Content/Assets/Music/Collectable_Short.uasset" 328
"C:/Users/silve/OneDrive/Documents/Unreal Projects/MightyHero/Content/Assets/Music/Collectable_Short.uexp" 329
"C:/Users/silve/OneDrive/Documents/Unreal Projects/MightyHero/Content/Assets/Music/Collectable_Short_Cue.uasset" 330
"C:/Users/silve/OneDrive/Documents/Unreal Projects/MightyHero/Content/Assets/Music/Collectable_Short_Cue.uexp" 331
"C:/Users/silve/OneDrive/Documents/Unreal Projects/MightyHero/Content/Blueprints/BP_SoundController.uasset" 332
"C:/Users/silve/OneDrive/Documents/Unreal Projects/MightyHero/Content/Blueprints/BP_SoundController.uexp" 333
"../../../Engine/Plugins/2D/Paper2D/Content/TranslucentUnlitSpriteMaterial.uasset" 334
"../../../Engine/Plugins/2D/Paper2D/Content/TranslucentUnlitSpriteMaterial.uexp" 335
"C:/Users/silve/OneDrive/Documents/Unreal Projects/MightyHero/Content/Assets/Sprites/Character/Textures/Character.uasset" 336
"C:/Users/silve/OneDrive/Documents/Unreal Projects/MightyHero/Content/Assets/Sprites/Character/Textures/Character.uexp" 337
"C:/Users/silve/OneDrive/Documents/Unreal Projects/MightyHero/Content/Assets/Sprites/Character/Frames/Character__Rise_1_aseprite.uasset" 338
"C:/Users/silve/OneDrive/Documents/Unreal Projects/MightyHero/Content/Assets/Sprites/Character/Frames/Character__Rise_1_aseprite.uexp" 339
"C:/Users/silve/OneDrive/Documents/Unreal Projects/MightyHero/Content/Assets/Sprites/Character/Frames/Character__Rise_0_aseprite.uasset" 340
"C:/Users/silve/OneDrive/Documents/Unreal Projects/MightyHero/Content/Assets/Sprites/Character/Frames/Character__Rise_0_aseprite.uexp" 341
"C:/Users/silve/OneDrive/Documents/Unreal Projects/MightyHero/Content/Assets/Sprites/Character/Frames/Character__Rise_2_aseprite.uasset" 342
"C:/Users/silve/OneDrive/Documents/Unreal Projects/MightyHero/Content/Assets/Sprites/Character/Frames/Character__Rise_2_aseprite.uexp" 343
"C:/Users/silve/OneDrive/Documents/Unreal Projects/MightyHero/Content/Assets/Sprites/Character/Frames/Character__Rise_3_aseprite.uasset" 344
"C:/Users/silve/OneDrive/Documents/Unreal Projects/MightyHero/Content/Assets/Sprites/Character/Frames/Character__Rise_3_aseprite.uexp" 345
"C:/Users/silve/OneDrive/Documents/Unreal Projects/MightyHero/Content/Assets/Sprites/Character/Character__Rise.uasset" 346
"C:/Users/silve/OneDrive/Documents/Unreal Projects/MightyHero/Content/Assets/Sprites/Character/Character__Rise.uexp" 347
"C:/Users/silve/OneDrive/Documents/Unreal Projects/MightyHero/Content/Assets/Sprites/Character/Character_AnimSource.uasset" 348
"C:/Users/silve/OneDrive/Documents/Unreal Projects/MightyHero/Content/Assets/Sprites/Character/Character_AnimSource.uexp" 349
"C:/Users/silve/OneDrive/Documents/Unreal Projects/MightyHero/Content/Assets/Sprites/Character/AnimSequences/Rise.uasset" 350
"C:/Users/silve/OneDrive/Documents/Unreal Projects/MightyHero/Content/Assets/Sprites/Character/AnimSequences/Rise.uexp" 351
"C:/Users/silve/OneDrive/Documents/Unreal Projects/MightyHero/Content/Assets/Sprites/Character/Frames/Character__Sadness_5_aseprite.uasset" 352
"C:/Users/silve/OneDrive/Documents/Unreal Projects/MightyHero/Content/Assets/Sprites/Character/Frames/Character__Sadness_5_aseprite.uexp" 353
"C:/Users/silve/OneDrive/Documents/Unreal Projects/MightyHero/Content/Assets/Sprites/Character/Frames/Character__Sadness_3_aseprite.uasset" 354
"C:/Users/silve/OneDrive/Documents/Unreal Projects/MightyHero/Content/Assets/Sprites/Character/Frames/Character__Sadness_3_aseprite.uexp" 355
"C:/Users/silve/OneDrive/Documents/Unreal Projects/MightyHero/Content/Assets/Sprites/Character/Frames/Character__Sadness_0_aseprite.uasset" 356
"C:/Users/silve/OneDrive/Documents/Unreal Projects/MightyHero/Content/Assets/Sprites/Character/Frames/Character__Sadness_0_aseprite.uexp" 357
"C:/Users/silve/OneDrive/Documents/Unreal Projects/MightyHero/Content/Assets/Sprites/Character/Frames/Character__Sadness_1_aseprite.uasset" 358
"C:/Users/silve/OneDrive/Documents/Unreal Projects/MightyHero/Content/Assets/Sprites/Character/Frames/Character__Sadness_1_aseprite.uexp" 359
"C:/Users/silve/OneDrive/Documents/Unreal Projects/MightyHero/Content/Assets/Sprites/Character/Frames/Character__Sadness_4_aseprite.uasset" 360
"C:/Users/silve/OneDrive/Documents/Unreal Projects/MightyHero/Content/Assets/Sprites/Character/Frames/Character__Sadness_4_aseprite.uexp" 361
"C:/Users/silve/OneDrive/Documents/Unreal Projects/MightyHero/Content/Assets/Sprites/Character/Frames/Character__Sadness_6_aseprite.uasset" 362
"C:/Users/silve/OneDrive/Documents/Unreal Projects/MightyHero/Content/Assets/Sprites/Character/Frames/Character__Sadness_6_aseprite.uexp" 363
"C:/Users/silve/OneDrive/Documents/Unreal Projects/MightyHero/Content/Assets/Sprites/Character/Frames/Character__Sadness_7_aseprite.uasset" 364
"C:/Users/silve/OneDrive/Documents/Unreal Projects/MightyHero/Content/Assets/Sprites/Character/Frames/Character__Sadness_7_aseprite.uexp" 365
"C:/Users/silve/OneDrive/Documents/Unreal Projects/MightyHero/Content/Assets/Sprites/Character/Frames/Character__Sadness_2_aseprite.uasset" 366
"C:/Users/silve/OneDrive/Documents/Unreal Projects/MightyHero/Content/Assets/Sprites/Character/Frames/Character__Sadness_2_aseprite.uexp" 367
"C:/Users/silve/OneDrive/Documents/Unreal Projects/MightyHero/Content/Assets/Sprites/Character/Character__Sadness.uasset" 368
"C:/Users/silve/OneDrive/Documents/Unreal Projects/MightyHero/Content/Assets/Sprites/Character/Character__Sadness.uexp" 369
"C:/Users/silve/OneDrive/Documents/Unreal Projects/MightyHero/Content/Assets/Sprites/Character/AnimSequences/Sad.uasset" 370
"C:/Users/silve/OneDrive/Documents/Unreal Projects/MightyHero/Content/Assets/Sprites/Character/AnimSequences/Sad.uexp" 371
"C:/Users/silve/OneDrive/Documents/Unreal Projects/MightyHero/Content/Assets/Sprites/Character/Frames/Character__Strike_3_aseprite.uasset" 372
"C:/Users/silve/OneDrive/Documents/Unreal Projects/MightyHero/Content/Assets/Sprites/Character/Frames/Character__Strike_3_aseprite.uexp" 373
"C:/Users/silve/OneDrive/Documents/Unreal Projects/MightyHero/Content/Assets/Sprites/Character/Frames/Character__Strike_2_aseprite.uasset" 374
"C:/Users/silve/OneDrive/Documents/Unreal Projects/MightyHero/Content/Assets/Sprites/Character/Frames/Character__Strike_2_aseprite.uexp" 375
"C:/Users/silve/OneDrive/Documents/Unreal Projects/MightyHero/Content/Assets/Sprites/Character/Frames/Character__Strike_0_aseprite.uasset" 376
"C:/Users/silve/OneDrive/Documents/Unreal Projects/MightyHero/Content/Assets/Sprites/Character/Frames/Character__Strike_0_aseprite.uexp" 377
"C:/Users/silve/OneDrive/Documents/Unreal Projects/MightyHero/Content/Assets/Sprites/Character/Frames/Character__Strike_1_aseprite.uasset" 378
"C:/Users/silve/OneDrive/Documents/Unreal Projects/MightyHero/Content/Assets/Sprites/Character/Frames/Character__Strike_1_aseprite.uexp" 379
"C:/Users/silve/OneDrive/Documents/Unreal Projects/MightyHero/Content/Assets/Sprites/Character/Character__Strike.uasset" 380
"C:/Users/silve/OneDrive/Documents/Unreal Projects/MightyHero/Content/Assets/Sprites/Character/Character__Strike.uexp" 381
"C:/Users/silve/OneDrive/Documents/Unreal Projects/MightyHero/Content/Assets/Sprites/Character/AnimSequences/Impact.uasset" 382
"C:/Users/silve/OneDrive/Documents/Unreal Projects/MightyHero/Content/Assets/Sprites/Character/AnimSequences/Impact.uexp" 383
"C:/Users/silve/OneDrive/Documents/Unreal Projects/MightyHero/Content/Assets/Sprites/Character/Frames/Character__IF_0_aseprite.uasset" 384
"C:/Users/silve/OneDrive/Documents/Unreal Projects/MightyHero/Content/Assets/Sprites/Character/Frames/Character__IF_0_aseprite.uexp" 385
"C:/Users/silve/OneDrive/Documents/Unreal Projects/MightyHero/Content/Assets/Sprites/Character/Frames/Character__IF_1_aseprite.uasset" 386
"C:/Users/silve/OneDrive/Documents/Unreal Projects/MightyHero/Content/Assets/Sprites/Character/Frames/Character__IF_1_aseprite.uexp" 387
"C:/Users/silve/OneDrive/Documents/Unreal Projects/MightyHero/Content/Assets/Sprites/Character/Frames/Character__IF_2_aseprite.uasset" 388
"C:/Users/silve/OneDrive/Documents/Unreal Projects/MightyHero/Content/Assets/Sprites/Character/Frames/Character__IF_2_aseprite.uexp" 389
"C:/Users/silve/OneDrive/Documents/Unreal Projects/MightyHero/Content/Assets/Sprites/Character/Character__IF.uasset" 390
"C:/Users/silve/OneDrive/Documents/Unreal Projects/MightyHero/Content/Assets/Sprites/Character/Character__IF.uexp" 391
"C:/Users/silve/OneDrive/Documents/Unreal Projects/MightyHero/Content/Assets/Sprites/Character/AnimSequences/IF.uasset" 392
"C:/Users/silve/OneDrive/Documents/Unreal Projects/MightyHero/Content/Assets/Sprites/Character/AnimSequences/IF.uexp" 393
"C:/Users/silve/OneDrive/Documents/Unreal Projects/MightyHero/Content/Assets/Sprites/Character/Frames/Character__Catastrophe_Start_2_aseprite.uasset" 394
"C:/Users/silve/OneDrive/Documents/Unreal Projects/MightyHero/Content/Assets/Sprites/Character/Frames/Character__Catastrophe_Start_2_aseprite.uexp" 395
"C:/Users/silve/OneDrive/Documents/Unreal Projects/MightyHero/Content/Assets/Sprites/Character/Frames/Character__Catastrophe_Start_5_aseprite.uasset" 396
"C:/Users/silve/OneDrive/Documents/Unreal Projects/MightyHero/Content/Assets/Sprites/Character/Frames/Character__Catastrophe_Start_5_aseprite.uexp" 397
"C:/Users/silve/OneDrive/Documents/Unreal Projects/MightyHero/Content/Assets/Sprites/Character/Frames/Character__Catastrophe_Start_1_aseprite.uasset" 398
"C:/Users/silve/OneDrive/Documents/Unreal Projects/MightyHero/Content/Assets/Sprites/Character/Frames/Character__Catastrophe_Start_1_aseprite.uexp" 399
"C:/Users/silve/OneDrive/Documents/Unreal Projects/MightyHero/Content/Assets/Sprites/Character/Frames/Character__Catastrophe_Start_9_aseprite.uasset" 400
"C:/Users/silve/OneDrive/Documents/Unreal Projects/MightyHero/Content/Assets/Sprites/Character/Frames/Character__Catastrophe_Start_9_aseprite.uexp" 401
"C:/Users/silve/OneDrive/Documents/Unreal Projects/MightyHero/Content/Assets/Sprites/Character/Frames/Character__Catastrophe_Start_6_aseprite.uasset" 402
"C:/Users/silve/OneDrive/Documents/Unreal Projects/MightyHero/Content/Assets/Sprites/Character/Frames/Character__Catastrophe_Start_6_aseprite.uexp" 403
"C:/Users/silve/OneDrive/Documents/Unreal Projects/MightyHero/Content/Assets/Sprites/Character/Frames/Character__Catastrophe_Start_3_aseprite.uasset" 404
"C:/Users/silve/OneDrive/Documents/Unreal Projects/MightyHero/Content/Assets/Sprites/Character/Frames/Character__Catastrophe_Start_3_aseprite.uexp" 405
"C:/Users/silve/OneDrive/Documents/Unreal Projects/MightyHero/Content/Assets/Sprites/Character/Frames/Character__Catastrophe_Start_8_aseprite.uasset" 406
"C:/Users/silve/OneDrive/Documents/Unreal Projects/MightyHero/Content/Assets/Sprites/Character/Frames/Character__Catastrophe_Start_8_aseprite.uexp" 407
"C:/Users/silve/OneDrive/Documents/Unreal Projects/MightyHero/Content/Assets/Sprites/Character/Frames/Character__Catastrophe_Start_7_aseprite.uasset" 408
"C:/Users/silve/OneDrive/Documents/Unreal Projects/MightyHero/Content/Assets/Sprites/Character/Frames/Character__Catastrophe_Start_7_aseprite.uexp" 409
"C:/Users/silve/OneDrive/Documents/Unreal Projects/MightyHero/Content/Assets/Sprites/Character/Frames/Character__Catastrophe_Start_0_aseprite.uasset" 410
"C:/Users/silve/OneDrive/Documents/Unreal Projects/MightyHero/Content/Assets/Sprites/Character/Frames/Character__Catastrophe_Start_0_aseprite.uexp" 411
"C:/Users/silve/OneDrive/Documents/Unreal Projects/MightyHero/Content/Assets/Sprites/Character/Frames/Character__Catastrophe_Start_4_aseprite.uasset" 412
"C:/Users/silve/OneDrive/Documents/Unreal Projects/MightyHero/Content/Assets/Sprites/Character/Frames/Character__Catastrophe_Start_4_aseprite.uexp" 413
"C:/Users/silve/OneDrive/Documents/Unreal Projects/MightyHero/Content/Assets/Sprites/Character/Character__Catastrophe_Start.uasset" 414
"C:/Users/silve/OneDrive/Documents/Unreal Projects/MightyHero/Content/Assets/Sprites/Character/Character__Catastrophe_Start.uexp" 415
"C:/Users/silve/OneDrive/Documents/Unreal Projects/MightyHero/Content/Assets/Sprites/Character/AnimSequences/GameOverStart.uasset" 416
"C:/Users/silve/OneDrive/Documents/Unreal Projects/MightyHero/Content/Assets/Sprites/Character/AnimSequences/GameOverStart.uexp" 417
"C:/Users/silve/OneDrive/Documents/Unreal Projects/MightyHero/Content/Assets/Sprites/Character/Frames/Character__Catastrophe_End_6_aseprite.uasset" 418
"C:/Users/silve/OneDrive/Documents/Unreal Projects/MightyHero/Content/Assets/Sprites/Character/Frames/Character__Catastrophe_End_6_aseprite.uexp" 419
"C:/Users/silve/OneDrive/Documents/Unreal Projects/MightyHero/Content/Assets/Sprites/Character/Frames/Character__Catastrophe_End_7_aseprite.uasset" 420
"C:/Users/silve/OneDrive/Documents/Unreal Projects/MightyHero/Content/Assets/Sprites/Character/Frames/Character__Catastrophe_End_7_aseprite.uexp" 421
"C:/Users/silve/OneDrive/Documents/Unreal Projects/MightyHero/Content/Assets/Sprites/Character/Frames/Character__Catastrophe_End_4_aseprite.uasset" 422
"C:/Users/silve/OneDrive/Documents/Unreal Projects/MightyHero/Content/Assets/Sprites/Character/Frames/Character__Catastrophe_End_4_aseprite.uexp" 423
"C:/Users/silve/OneDrive/Documents/Unreal Projects/MightyHero/Content/Assets/Sprites/Character/Frames/Character__Catastrophe_End_1_aseprite.uasset" 424
"C:/Users/silve/OneDrive/Documents/Unreal Projects/MightyHero/Content/Assets/Sprites/Character/Frames/Character__Catastrophe_End_1_aseprite.uexp" 425
"C:/Users/silve/OneDrive/Documents/Unreal Projects/MightyHero/Content/Assets/Sprites/Character/Frames/Character__Catastrophe_End_2_aseprite.uasset" 426
"C:/Users/silve/OneDrive/Documents/Unreal Projects/MightyHero/Content/Assets/Sprites/Character/Frames/Character__Catastrophe_End_2_aseprite.uexp" 427
"C:/Users/silve/OneDrive/Documents/Unreal Projects/MightyHero/Content/Assets/Sprites/Character/Frames/Character__Catastrophe_End_8_aseprite.uasset" 428
"C:/Users/silve/OneDrive/Documents/Unreal Projects/MightyHero/Content/Assets/Sprites/Character/Frames/Character__Catastrophe_End_8_aseprite.uexp" 429
"C:/Users/silve/OneDrive/Documents/Unreal Projects/MightyHero/Content/Assets/Sprites/Character/Frames/Character__Catastrophe_End_3_aseprite.uasset" 430
"C:/Users/silve/OneDrive/Documents/Unreal Projects/MightyHero/Content/Assets/Sprites/Character/Frames/Character__Catastrophe_End_3_aseprite.uexp" 431
"C:/Users/silve/OneDrive/Documents/Unreal Projects/MightyHero/Content/Assets/Sprites/Character/Frames/Character__Catastrophe_End_9_aseprite.uasset" 432
"C:/Users/silve/OneDrive/Documents/Unreal Projects/MightyHero/Content/Assets/Sprites/Character/Frames/Character__Catastrophe_End_9_aseprite.uexp" 433
"C:/Users/silve/OneDrive/Documents/Unreal Projects/MightyHero/Content/Assets/Sprites/Character/Frames/Character__Catastrophe_End_0_aseprite.uasset" 434
"C:/Users/silve/OneDrive/Documents/Unreal Projects/MightyHero/Content/Assets/Sprites/Character/Frames/Character__Catastrophe_End_0_aseprite.uexp" 435
"C:/Users/silve/OneDrive/Documents/Unreal Projects/MightyHero/Content/Assets/Sprites/Character/Frames/Character__Catastrophe_End_10_aseprite.uasset" 436
"C:/Users/silve/OneDrive/Documents/Unreal Projects/MightyHero/Content/Assets/Sprites/Character/Frames/Character__Catastrophe_End_10_aseprite.uexp" 437
"C:/Users/silve/OneDrive/Documents/Unreal Projects/MightyHero/Content/Assets/Sprites/Character/Frames/Character__Catastrophe_End_5_aseprite.uasset" 438
"C:/Users/silve/OneDrive/Documents/Unreal Projects/MightyHero/Content/Assets/Sprites/Character/Frames/Character__Catastrophe_End_5_aseprite.uexp" 439
"C:/Users/silve/OneDrive/Documents/Unreal Projects/MightyHero/Content/Assets/Sprites/Character/Character__Catastrophe_End.uasset" 440
"C:/Users/silve/OneDrive/Documents/Unreal Projects/MightyHero/Content/Assets/Sprites/Character/Character__Catastrophe_End.uexp" 441
"C:/Users/silve/OneDrive/Documents/Unreal Projects/MightyHero/Content/Assets/Sprites/Character/AnimSequences/GameOverEnd.uasset" 442
"C:/Users/silve/OneDrive/Documents/Unreal Projects/MightyHero/Content/Assets/Sprites/Character/AnimSequences/GameOverEnd.uexp" 443
"C:/Users/silve/OneDrive/Documents/Unreal Projects/MightyHero/Content/Assets/Sprites/Character/Frames/Character__Idle_8_aseprite.uasset" 444
"C:/Users/silve/OneDrive/Documents/Unreal Projects/MightyHero/Content/Assets/Sprites/Character/Frames/Character__Idle_8_aseprite.uexp" 445
"C:/Users/silve/OneDrive/Documents/Unreal Projects/MightyHero/Content/Assets/Sprites/Character/Frames/Character__Idle_7_aseprite.uasset" 446
"C:/Users/silve/OneDrive/Documents/Unreal Projects/MightyHero/Content/Assets/Sprites/Character/Frames/Character__Idle_7_aseprite.uexp" 447
"C:/Users/silve/OneDrive/Documents/Unreal Projects/MightyHero/Content/Assets/Sprites/Character/Frames/Character__Idle_5_aseprite.uasset" 448
"C:/Users/silve/OneDrive/Documents/Unreal Projects/MightyHero/Content/Assets/Sprites/Character/Frames/Character__Idle_5_aseprite.uexp" 449
"C:/Users/silve/OneDrive/Documents/Unreal Projects/MightyHero/Content/Assets/Sprites/Character/Frames/Character__Idle_2_aseprite.uasset" 450
"C:/Users/silve/OneDrive/Documents/Unreal Projects/MightyHero/Content/Assets/Sprites/Character/Frames/Character__Idle_2_aseprite.uexp" 451
"C:/Users/silve/OneDrive/Documents/Unreal Projects/MightyHero/Content/Assets/Sprites/Character/Frames/Character__Idle_6_aseprite.uasset" 452
"C:/Users/silve/OneDrive/Documents/Unreal Projects/MightyHero/Content/Assets/Sprites/Character/Frames/Character__Idle_6_aseprite.uexp" 453
"C:/Users/silve/OneDrive/Documents/Unreal Projects/MightyHero/Content/Assets/Sprites/Character/Frames/Character__Idle_3_aseprite.uasset" 454
"C:/Users/silve/OneDrive/Documents/Unreal Projects/MightyHero/Content/Assets/Sprites/Character/Frames/Character__Idle_3_aseprite.uexp" 455
"C:/Users/silve/OneDrive/Documents/Unreal Projects/MightyHero/Content/Assets/Sprites/Character/Frames/Character__Idle_1_aseprite.uasset" 456
"C:/Users/silve/OneDrive/Documents/Unreal Projects/MightyHero/Content/Assets/Sprites/Character/Frames/Character__Idle_1_aseprite.uexp" 457
"C:/Users/silve/OneDrive/Documents/Unreal Projects/MightyHero/Content/Assets/Sprites/Character/Frames/Character__Idle_9_aseprite.uasset" 458
"C:/Users/silve/OneDrive/Documents/Unreal Projects/MightyHero/Content/Assets/Sprites/Character/Frames/Character__Idle_9_aseprite.uexp" 459
"C:/Users/silve/OneDrive/Documents/Unreal Projects/MightyHero/Content/Assets/Sprites/Character/Frames/Character__Idle_0_aseprite.uasset" 460
"C:/Users/silve/OneDrive/Documents/Unreal Projects/MightyHero/Content/Assets/Sprites/Character/Frames/Character__Idle_0_aseprite.uexp" 461
"C:/Users/silve/OneDrive/Documents/Unreal Projects/MightyHero/Content/Assets/Sprites/Character/Frames/Character__Idle_4_aseprite.uasset" 462
"C:/Users/silve/OneDrive/Documents/Unreal Projects/MightyHero/Content/Assets/Sprites/Character/Frames/Character__Idle_4_aseprite.uexp" 463
"C:/Users/silve/OneDrive/Documents/Unreal Projects/MightyHero/Content/Assets/Sprites/Character/Character__Idle.uasset" 464
"C:/Users/silve/OneDrive/Documents/Unreal Projects/MightyHero/Content/Assets/Sprites/Character/Character__Idle.uexp" 465
"C:/Users/silve/OneDrive/Documents/Unreal Projects/MightyHero/Content/Assets/Sprites/Character/AnimSequences/Idle.uasset" 466
"C:/Users/silve/OneDrive/Documents/Unreal Projects/MightyHero/Content/Assets/Sprites/Character/AnimSequences/Idle.uexp" 467
"C:/Users/silve/OneDrive/Documents/Unreal Projects/MightyHero/Content/Assets/Sprites/Character/Frames/Character__Fall_1_aseprite.uasset" 468
"C:/Users/silve/OneDrive/Documents/Unreal Projects/MightyHero/Content/Assets/Sprites/Character/Frames/Character__Fall_1_aseprite.uexp" 469
"C:/Users/silve/OneDrive/Documents/Unreal Projects/MightyHero/Content/Assets/Sprites/Character/Frames/Character__Fall_0_aseprite.uasset" 470
"C:/Users/silve/OneDrive/Documents/Unreal Projects/MightyHero/Content/Assets/Sprites/Character/Frames/Character__Fall_0_aseprite.uexp" 471
"C:/Users/silve/OneDrive/Documents/Unreal Projects/MightyHero/Content/Assets/Sprites/Character/Frames/Character__Fall_3_aseprite.uasset" 472
"C:/Users/silve/OneDrive/Documents/Unreal Projects/MightyHero/Content/Assets/Sprites/Character/Frames/Character__Fall_3_aseprite.uexp" 473
"C:/Users/silve/OneDrive/Documents/Unreal Projects/MightyHero/Content/Assets/Sprites/Character/Frames/Character__Fall_2_aseprite.uasset" 474
"C:/Users/silve/OneDrive/Documents/Unreal Projects/MightyHero/Content/Assets/Sprites/Character/Frames/Character__Fall_2_aseprite.uexp" 475
"C:/Users/silve/OneDrive/Documents/Unreal Projects/MightyHero/Content/Assets/Sprites/Character/Character__Fall.uasset" 476
"C:/Users/silve/OneDrive/Documents/Unreal Projects/MightyHero/Content/Assets/Sprites/Character/Character__Fall.uexp" 477
"C:/Users/silve/OneDrive/Documents/Unreal Projects/MightyHero/Content/Assets/Sprites/Character/AnimSequences/Fall.uasset" 478
"C:/Users/silve/OneDrive/Documents/Unreal Projects/MightyHero/Content/Assets/Sprites/Character/AnimSequences/Fall.uexp" 479
"C:/Users/silve/OneDrive/Documents/Unreal Projects/MightyHero/Content/Assets/Sprites/Character/Character_ABP.uasset" 480
"C:/Users/silve/OneDrive/Documents/Unreal Projects/MightyHero/Content/Assets/Sprites/Character/Character_ABP.uexp" 481
"C:/Users/silve/OneDrive/Documents/Unreal Projects/MightyHero/Content/Blueprints/BP_Character.uasset" 482
"C:/Users/silve/OneDrive/Documents/Unreal Projects/MightyHero/Content/Blueprints/BP_Character.uexp" 483
"C:/Users/silve/OneDrive/Documents/Unreal Projects/MightyHero/Content/Blueprints/Skins/BP_MC_Male.uasset" 484
"C:/Users/silve/OneDrive/Documents/Unreal Projects/MightyHero/Content/Blueprints/Skins/BP_MC_Male.uexp" 485
"C:/Users/silve/OneDrive/Documents/Unreal Projects/MightyHero/Content/Blueprints/BP_MightyHeroPlayerState.uasset" 486
"C:/Users/silve/OneDrive/Documents/Unreal Projects/MightyHero/Content/Blueprints/BP_MightyHeroPlayerState.uexp" 487
"C:/Users/silve/OneDrive/Documents/Unreal Projects/MightyHero/Content/Assets/Sprites/Background/Background.uasset" 488
"C:/Users/silve/OneDrive/Documents/Unreal Projects/MightyHero/Content/Assets/Sprites/Background/Background.uexp" 489
"C:/Users/silve/OneDrive/Documents/Unreal Projects/MightyHero/Content/Assets/Sprites/Background/Background_Sprite_0.uasset" 490
"C:/Users/silve/OneDrive/Documents/Unreal Projects/MightyHero/Content/Assets/Sprites/Background/Background_Sprite_0.uexp" 491
"C:/Users/silve/OneDrive/Documents/Unreal Projects/MightyHero/Content/Assets/Sprites/Background/Background_Flipbook.uasset" 492
"C:/Users/silve/OneDrive/Documents/Unreal Projects/MightyHero/Content/Assets/Sprites/Background/Background_Flipbook.uexp" 493
"C:/Users/silve/OneDrive/Documents/Unreal Projects/MightyHero/Content/Blueprints/BP_BackgroundActor.uasset" 494
"C:/Users/silve/OneDrive/Documents/Unreal Projects/MightyHero/Content/Blueprints/BP_BackgroundActor.uexp" 495
"C:/Users/silve/OneDrive/Documents/Unreal Projects/MightyHero/Content/Blueprints/BP_BackgroundController.uasset" 496
"C:/Users/silve/OneDrive/Documents/Unreal Projects/MightyHero/Content/Blueprints/BP_BackgroundController.uexp" 497
"C:/Users/silve/OneDrive/Documents/Unreal Projects/MightyHero/Content/Blueprints/BP_MightyHeroPlayerController.uasset" 498
"C:/Users/silve/OneDrive/Documents/Unreal Projects/MightyHero/Content/Blueprints/BP_MightyHeroPlayerController.uexp" 499
"C:/Users/silve/OneDrive/Documents/Unreal Projects/MightyHero/Content/Assets/Sprites/Icons/SoundOff_x4.uasset" 500
"C:/Users/silve/OneDrive/Documents/Unreal Projects/MightyHero/Content/Assets/Sprites/Icons/SoundOff_x4.uexp" 501
"C:/Users/silve/OneDrive/Documents/Unreal Projects/MightyHero/Content/Assets/Sprites/Icons/SoundOff_x4_Sprite.uasset" 502
"C:/Users/silve/OneDrive/Documents/Unreal Projects/MightyHero/Content/Assets/Sprites/Icons/SoundOff_x4_Sprite.uexp" 503
"C:/Users/silve/OneDrive/Documents/Unreal Projects/MightyHero/Content/Assets/Sprites/UI/Border_x4.uasset" 504
"C:/Users/silve/OneDrive/Documents/Unreal Projects/MightyHero/Content/Assets/Sprites/UI/Border_x4.uexp" 505
"../../../Engine/Content/EngineMaterials/DefaultDiffuse.ubulk" 506
"../../../Engine/Content/EngineMaterials/DefaultDiffuse.uasset" 507
"../../../Engine/Content/EngineMaterials/DefaultDiffuse.uexp" 508
"../../../Engine/Content/Functions/Engine_MaterialFunctions02/ExampleContent/DebugNumberStrip.uasset" 509
"../../../Engine/Content/Functions/Engine_MaterialFunctions02/ExampleContent/DebugNumberStrip.uexp" 510
"../../../Engine/Content/Functions/Engine_MaterialFunctions01/Texturing/ComputeMipLevel.uasset" 511
"../../../Engine/Content/Functions/Engine_MaterialFunctions01/Texturing/ComputeMipLevel.uexp" 512
"../../../Engine/Content/Functions/Engine_MaterialFunctions01/Texturing/TextureCropping.uasset" 513
"../../../Engine/Content/Functions/Engine_MaterialFunctions01/Texturing/TextureCropping.uexp" 514
"../../../Engine/Content/Functions/Engine_MaterialFunctions02/ExampleContent/Textures/DebugNumberPeriod.uasset" 515
"../../../Engine/Content/Functions/Engine_MaterialFunctions02/ExampleContent/Textures/DebugNumberPeriod.uexp" 516
"../../../Engine/Content/Functions/Engine_MaterialFunctions02/Utility/DebugScalarValues.uasset" 517
"../../../Engine/Content/Functions/Engine_MaterialFunctions02/Utility/DebugScalarValues.uexp" 518
"../../../Engine/Content/Functions/Engine_MaterialFunctions02/Utility/BreakOutFloat2Components.uasset" 519
"../../../Engine/Content/Functions/Engine_MaterialFunctions02/Utility/BreakOutFloat2Components.uexp" 520
"../../../Engine/Content/Functions/Engine_MaterialFunctions02/Utility/DebugFloat2Values.uasset" 521
"../../../Engine/Content/Functions/Engine_MaterialFunctions02/Utility/DebugFloat2Values.uexp" 522
"../../../Engine/Content/Functions/Engine_MaterialFunctions02/ExampleContent/Textures/flipbook.ubulk" 523
"../../../Engine/Content/Functions/Engine_MaterialFunctions02/ExampleContent/Textures/flipbook.uasset" 524
"../../../Engine/Content/Functions/Engine_MaterialFunctions02/ExampleContent/Textures/flipbook.uexp" 525
"../../../Engine/Content/Functions/Engine_MaterialFunctions02/Texturing/FlipBook.uasset" 526
"../../../Engine/Content/Functions/Engine_MaterialFunctions02/Texturing/FlipBook.uexp" 527
"C:/Users/silve/OneDrive/Documents/Unreal Projects/MightyHero/Content/Materials/Coin/Coin_Anim_x4.uasset" 528
"C:/Users/silve/OneDrive/Documents/Unreal Projects/MightyHero/Content/Materials/Coin/Coin_Anim_x4.uexp" 529
"C:/Users/silve/OneDrive/Documents/Unreal Projects/MightyHero/Content/Materials/Coin/M_Coin.uasset" 530
"C:/Users/silve/OneDrive/Documents/Unreal Projects/MightyHero/Content/Materials/Coin/M_Coin.uexp" 531
"C:/Users/silve/OneDrive/Documents/Unreal Projects/MightyHero/Content/Assets/Sprites/Icons/Scores_x4.ubulk" 532
"C:/Users/silve/OneDrive/Documents/Unreal Projects/MightyHero/Content/Assets/Sprites/Icons/Scores_x4.uasset" 533
"C:/Users/silve/OneDrive/Documents/Unreal Projects/MightyHero/Content/Assets/Sprites/Icons/Scores_x4.uexp" 534
"C:/Users/silve/OneDrive/Documents/Unreal Projects/MightyHero/Content/Assets/Sprites/Icons/Scores_x4_Sprite.uasset" 535
"C:/Users/silve/OneDrive/Documents/Unreal Projects/MightyHero/Content/Assets/Sprites/Icons/Scores_x4_Sprite.uexp" 536
"C:/Users/silve/OneDrive/Documents/Unreal Projects/MightyHero/Content/Assets/Sprites/Border.uasset" 537
"C:/Users/silve/OneDrive/Documents/Unreal Projects/MightyHero/Content/Assets/Sprites/Border.uexp" 538
"C:/Users/silve/OneDrive/Documents/Unreal Projects/MightyHero/Content/Assets/Sprites/Border_Sprite.uasset" 539
"C:/Users/silve/OneDrive/Documents/Unreal Projects/MightyHero/Content/Assets/Sprites/Border_Sprite.uexp" 540
"C:/Users/silve/OneDrive/Documents/Unreal Projects/MightyHero/Content/Assets/Sprites/Icons/SoundOn_x4.uasset" 541
"C:/Users/silve/OneDrive/Documents/Unreal Projects/MightyHero/Content/Assets/Sprites/Icons/SoundOn_x4.uexp" 542
"C:/Users/silve/OneDrive/Documents/Unreal Projects/MightyHero/Content/Assets/Sprites/Icons/SoundOn_x4_Sprite.uasset" 543
"C:/Users/silve/OneDrive/Documents/Unreal Projects/MightyHero/Content/Assets/Sprites/Icons/SoundOn_x4_Sprite.uexp" 544
"C:/Users/silve/OneDrive/Documents/Unreal Projects/MightyHero/Content/Assets/Sprites/Icons/Pause_x4.uasset" 545
"C:/Users/silve/OneDrive/Documents/Unreal Projects/MightyHero/Content/Assets/Sprites/Icons/Pause_x4.uexp" 546
"C:/Users/silve/OneDrive/Documents/Unreal Projects/MightyHero/Content/Assets/Sprites/Icons/Pause_x4_Sprite.uasset" 547
"C:/Users/silve/OneDrive/Documents/Unreal Projects/MightyHero/Content/Assets/Sprites/Icons/Pause_x4_Sprite.uexp" 548
"../../../Engine/Content/EditorBlueprintResources/StandardMacros.uasset" 549
"../../../Engine/Content/EditorBlueprintResources/StandardMacros.uexp" 550
"C:/Users/silve/OneDrive/Documents/Unreal Projects/MightyHero/Content/Assets/Sprites/UI/Button_Medium_Pressed.uasset" 551
"C:/Users/silve/OneDrive/Documents/Unreal Projects/MightyHero/Content/Assets/Sprites/UI/Button_Medium_Pressed.uexp" 552
"C:/Users/silve/OneDrive/Documents/Unreal Projects/MightyHero/Content/Assets/Sprites/UI/Button_Medium_Pressed_Sprite.uasset" 553
"C:/Users/silve/OneDrive/Documents/Unreal Projects/MightyHero/Content/Assets/Sprites/UI/Button_Medium_Pressed_Sprite.uexp" 554
"C:/Users/silve/OneDrive/Documents/Unreal Projects/MightyHero/Content/Assets/Sprites/UI/Button_Medium.uasset" 555
"C:/Users/silve/OneDrive/Documents/Unreal Projects/MightyHero/Content/Assets/Sprites/UI/Button_Medium.uexp" 556
"C:/Users/silve/OneDrive/Documents/Unreal Projects/MightyHero/Content/Assets/Sprites/UI/Button_Medium_Sprite.uasset" 557
"C:/Users/silve/OneDrive/Documents/Unreal Projects/MightyHero/Content/Assets/Sprites/UI/Button_Medium_Sprite.uexp" 558
"C:/Users/silve/OneDrive/Documents/Unreal Projects/MightyHero/Content/UI/UMG_GameplayWidget.uasset" 559
"C:/Users/silve/OneDrive/Documents/Unreal Projects/MightyHero/Content/UI/UMG_GameplayWidget.uexp" 560
"C:/Users/silve/OneDrive/Documents/Unreal Projects/MightyHero/Content/Assets/Sprites/Icons/Documents_x4.uasset" 561
"C:/Users/silve/OneDrive/Documents/Unreal Projects/MightyHero/Content/Assets/Sprites/Icons/Documents_x4.uexp" 562
"C:/Users/silve/OneDrive/Documents/Unreal Projects/MightyHero/Content/Assets/Sprites/Icons/Documents_x4_Sprite.uasset" 563
"C:/Users/silve/OneDrive/Documents/Unreal Projects/MightyHero/Content/Assets/Sprites/Icons/Documents_x4_Sprite.uexp" 564
"C:/Users/silve/OneDrive/Documents/Unreal Projects/MightyHero/Content/Assets/Sprites/UI/GameTitle_4x.uasset" 565
"C:/Users/silve/OneDrive/Documents/Unreal Projects/MightyHero/Content/Assets/Sprites/UI/GameTitle_4x.uexp" 566
"C:/Users/silve/OneDrive/Documents/Unreal Projects/MightyHero/Content/Assets/Sprites/UI/GameTitle_4x_Sprite.uasset" 567
"C:/Users/silve/OneDrive/Documents/Unreal Projects/MightyHero/Content/Assets/Sprites/UI/GameTitle_4x_Sprite.uexp" 568
"C:/Users/silve/OneDrive/Documents/Unreal Projects/MightyHero/Content/UI/UMG_MainWidget.uasset" 569
"C:/Users/silve/OneDrive/Documents/Unreal Projects/MightyHero/Content/UI/UMG_MainWidget.uexp" 570
"C:/Users/silve/OneDrive/Documents/Unreal Projects/MightyHero/Content/Assets/Music/Female_Hit_Voice_1.ubulk" 571
"C:/Users/silve/OneDrive/Documents/Unreal Projects/MightyHero/Content/Assets/Music/Female_Hit_Voice_1.uasset" 572
"C:/Users/silve/OneDrive/Documents/Unreal Projects/MightyHero/Content/Assets/Music/Female_Hit_Voice_1.uexp" 573
"C:/Users/silve/OneDrive/Documents/Unreal Projects/MightyHero/Content/Assets/Music/Female_Hit_Voice_2.ubulk" 574
"C:/Users/silve/OneDrive/Documents/Unreal Projects/MightyHero/Content/Assets/Music/Female_Hit_Voice_2.uasset" 575
"C:/Users/silve/OneDrive/Documents/Unreal Projects/MightyHero/Content/Assets/Music/Female_Hit_Voice_2.uexp" 576
"C:/Users/silve/OneDrive/Documents/Unreal Projects/MightyHero/Content/Assets/Music/Female_Hit_Voice_3.ubulk" 577
"C:/Users/silve/OneDrive/Documents/Unreal Projects/MightyHero/Content/Assets/Music/Female_Hit_Voice_3.uasset" 578
"C:/Users/silve/OneDrive/Documents/Unreal Projects/MightyHero/Content/Assets/Music/Female_Hit_Voice_3.uexp" 579
"C:/Users/silve/OneDrive/Documents/Unreal Projects/MightyHero/Content/Assets/Music/Female_Hit_Voice_4.ubulk" 580
"C:/Users/silve/OneDrive/Documents/Unreal Projects/MightyHero/Content/Assets/Music/Female_Hit_Voice_4.uasset" 581
"C:/Users/silve/OneDrive/Documents/Unreal Projects/MightyHero/Content/Assets/Music/Female_Hit_Voice_4.uexp" 582
"C:/Users/silve/OneDrive/Documents/Unreal Projects/MightyHero/Content/Assets/Music/Female_Jump_Cue.uasset" 583
"C:/Users/silve/OneDrive/Documents/Unreal Projects/MightyHero/Content/Assets/Music/Female_Jump_Cue.uexp" 584
"C:/Users/silve/OneDrive/Documents/Unreal Projects/MightyHero/Content/Assets/Sprites/Skins/Susan/Textures/Susan.uasset" 585
"C:/Users/silve/OneDrive/Documents/Unreal Projects/MightyHero/Content/Assets/Sprites/Skins/Susan/Textures/Susan.uexp" 586
"C:/Users/silve/OneDrive/Documents/Unreal Projects/MightyHero/Content/Assets/Sprites/Skins/Susan/Frames/Susan__Fall_3_aseprite.uasset" 587
"C:/Users/silve/OneDrive/Documents/Unreal Projects/MightyHero/Content/Assets/Sprites/Skins/Susan/Frames/Susan__Fall_3_aseprite.uexp" 588
"C:/Users/silve/OneDrive/Documents/Unreal Projects/MightyHero/Content/Assets/Sprites/Skins/Susan/Frames/Susan__Fall_2_aseprite.uasset" 589
"C:/Users/silve/OneDrive/Documents/Unreal Projects/MightyHero/Content/Assets/Sprites/Skins/Susan/Frames/Susan__Fall_2_aseprite.uexp" 590
"C:/Users/silve/OneDrive/Documents/Unreal Projects/MightyHero/Content/Assets/Sprites/Skins/Susan/Frames/Susan__Fall_1_aseprite.uasset" 591
"C:/Users/silve/OneDrive/Documents/Unreal Projects/MightyHero/Content/Assets/Sprites/Skins/Susan/Frames/Susan__Fall_1_aseprite.uexp" 592
"C:/Users/silve/OneDrive/Documents/Unreal Projects/MightyHero/Content/Assets/Sprites/Skins/Susan/Frames/Susan__Fall_0_aseprite.uasset" 593
"C:/Users/silve/OneDrive/Documents/Unreal Projects/MightyHero/Content/Assets/Sprites/Skins/Susan/Frames/Susan__Fall_0_aseprite.uexp" 594
"C:/Users/silve/OneDrive/Documents/Unreal Projects/MightyHero/Content/Assets/Sprites/Skins/Susan/Susan__Fall.uasset" 595
"C:/Users/silve/OneDrive/Documents/Unreal Projects/MightyHero/Content/Assets/Sprites/Skins/Susan/Susan__Fall.uexp" 596
"C:/Users/silve/OneDrive/Documents/Unreal Projects/MightyHero/Content/Assets/Sprites/Skins/Susan/Frames/Susan__Idle_3_aseprite.uasset" 597
"C:/Users/silve/OneDrive/Documents/Unreal Projects/MightyHero/Content/Assets/Sprites/Skins/Susan/Frames/Susan__Idle_3_aseprite.uexp" 598
"C:/Users/silve/OneDrive/Documents/Unreal Projects/MightyHero/Content/Assets/Sprites/Skins/Susan/Frames/Susan__Idle_9_aseprite.uasset" 599
"C:/Users/silve/OneDrive/Documents/Unreal Projects/MightyHero/Content/Assets/Sprites/Skins/Susan/Frames/Susan__Idle_9_aseprite.uexp" 600
"C:/Users/silve/OneDrive/Documents/Unreal Projects/MightyHero/Content/Assets/Sprites/Skins/Susan/Frames/Susan__Idle_8_aseprite.uasset" 601
"C:/Users/silve/OneDrive/Documents/Unreal Projects/MightyHero/Content/Assets/Sprites/Skins/Susan/Frames/Susan__Idle_8_aseprite.uexp" 602
"C:/Users/silve/OneDrive/Documents/Unreal Projects/MightyHero/Content/Assets/Sprites/Skins/Susan/Frames/Susan__Idle_7_aseprite.uasset" 603
"C:/Users/silve/OneDrive/Documents/Unreal Projects/MightyHero/Content/Assets/Sprites/Skins/Susan/Frames/Susan__Idle_7_aseprite.uexp" 604
"C:/Users/silve/OneDrive/Documents/Unreal Projects/MightyHero/Content/Assets/Sprites/Skins/Susan/Frames/Susan__Idle_2_aseprite.uasset" 605
"C:/Users/silve/OneDrive/Documents/Unreal Projects/MightyHero/Content/Assets/Sprites/Skins/Susan/Frames/Susan__Idle_2_aseprite.uexp" 606
"C:/Users/silve/OneDrive/Documents/Unreal Projects/MightyHero/Content/Assets/Sprites/Skins/Susan/Frames/Susan__Idle_5_aseprite.uasset" 607
"C:/Users/silve/OneDrive/Documents/Unreal Projects/MightyHero/Content/Assets/Sprites/Skins/Susan/Frames/Susan__Idle_5_aseprite.uexp" 608
"C:/Users/silve/OneDrive/Documents/Unreal Projects/MightyHero/Content/Assets/Sprites/Skins/Susan/Frames/Susan__Idle_0_aseprite.uasset" 609
"C:/Users/silve/OneDrive/Documents/Unreal Projects/MightyHero/Content/Assets/Sprites/Skins/Susan/Frames/Susan__Idle_0_aseprite.uexp" 610
"C:/Users/silve/OneDrive/Documents/Unreal Projects/MightyHero/Content/Assets/Sprites/Skins/Susan/Frames/Susan__Idle_4_aseprite.uasset" 611
"C:/Users/silve/OneDrive/Documents/Unreal Projects/MightyHero/Content/Assets/Sprites/Skins/Susan/Frames/Susan__Idle_4_aseprite.uexp" 612
"C:/Users/silve/OneDrive/Documents/Unreal Projects/MightyHero/Content/Assets/Sprites/Skins/Susan/Frames/Susan__Idle_1_aseprite.uasset" 613
"C:/Users/silve/OneDrive/Documents/Unreal Projects/MightyHero/Content/Assets/Sprites/Skins/Susan/Frames/Susan__Idle_1_aseprite.uexp" 614
"C:/Users/silve/OneDrive/Documents/Unreal Projects/MightyHero/Content/Assets/Sprites/Skins/Susan/Frames/Susan__Idle_6_aseprite.uasset" 615
"C:/Users/silve/OneDrive/Documents/Unreal Projects/MightyHero/Content/Assets/Sprites/Skins/Susan/Frames/Susan__Idle_6_aseprite.uexp" 616
"C:/Users/silve/OneDrive/Documents/Unreal Projects/MightyHero/Content/Assets/Sprites/Skins/Susan/Susan__Idle.uasset" 617
"C:/Users/silve/OneDrive/Documents/Unreal Projects/MightyHero/Content/Assets/Sprites/Skins/Susan/Susan__Idle.uexp" 618
"C:/Users/silve/OneDrive/Documents/Unreal Projects/MightyHero/Content/Assets/Sprites/Skins/Susan/Susan_AnimSource.uasset" 619
"C:/Users/silve/OneDrive/Documents/Unreal Projects/MightyHero/Content/Assets/Sprites/Skins/Susan/Susan_AnimSource.uexp" 620
"C:/Users/silve/OneDrive/Documents/Unreal Projects/MightyHero/Content/Assets/Sprites/Skins/Susan/AnimSequences/Idle.uasset" 621
"C:/Users/silve/OneDrive/Documents/Unreal Projects/MightyHero/Content/Assets/Sprites/Skins/Susan/AnimSequences/Idle.uexp" 622
"C:/Users/silve/OneDrive/Documents/Unreal Projects/MightyHero/Content/Assets/Sprites/Skins/Susan/Frames/Susan__Sadness_2_aseprite.uasset" 623
"C:/Users/silve/OneDrive/Documents/Unreal Projects/MightyHero/Content/Assets/Sprites/Skins/Susan/Frames/Susan__Sadness_2_aseprite.uexp" 624
"C:/Users/silve/OneDrive/Documents/Unreal Projects/MightyHero/Content/Assets/Sprites/Skins/Susan/Frames/Susan__Sadness_0_aseprite.uasset" 625
"C:/Users/silve/OneDrive/Documents/Unreal Projects/MightyHero/Content/Assets/Sprites/Skins/Susan/Frames/Susan__Sadness_0_aseprite.uexp" 626
"C:/Users/silve/OneDrive/Documents/Unreal Projects/MightyHero/Content/Assets/Sprites/Skins/Susan/Frames/Susan__Sadness_4_aseprite.uasset" 627
"C:/Users/silve/OneDrive/Documents/Unreal Projects/MightyHero/Content/Assets/Sprites/Skins/Susan/Frames/Susan__Sadness_4_aseprite.uexp" 628
"C:/Users/silve/OneDrive/Documents/Unreal Projects/MightyHero/Content/Assets/Sprites/Skins/Susan/Frames/Susan__Sadness_1_aseprite.uasset" 629
"C:/Users/silve/OneDrive/Documents/Unreal Projects/MightyHero/Content/Assets/Sprites/Skins/Susan/Frames/Susan__Sadness_1_aseprite.uexp" 630
"C:/Users/silve/OneDrive/Documents/Unreal Projects/MightyHero/Content/Assets/Sprites/Skins/Susan/Frames/Susan__Sadness_3_aseprite.uasset" 631
"C:/Users/silve/OneDrive/Documents/Unreal Projects/MightyHero/Content/Assets/Sprites/Skins/Susan/Frames/Susan__Sadness_3_aseprite.uexp" 632
"C:/Users/silve/OneDrive/Documents/Unreal Projects/MightyHero/Content/Assets/Sprites/Skins/Susan/Susan__Sadness.uasset" 633
"C:/Users/silve/OneDrive/Documents/Unreal Projects/MightyHero/Content/Assets/Sprites/Skins/Susan/Susan__Sadness.uexp" 634
"C:/Users/silve/OneDrive/Documents/Unreal Projects/MightyHero/Content/Assets/Sprites/Skins/Susan/AnimSequences/Sad.uasset" 635
"C:/Users/silve/OneDrive/Documents/Unreal Projects/MightyHero/Content/Assets/Sprites/Skins/Susan/AnimSequences/Sad.uexp" 636
"C:/Users/silve/OneDrive/Documents/Unreal Projects/MightyHero/Content/Assets/Sprites/Skins/Susan/AnimSequences/Fall.uasset" 637
"C:/Users/silve/OneDrive/Documents/Unreal Projects/MightyHero/Content/Assets/Sprites/Skins/Susan/AnimSequences/Fall.uexp" 638
"C:/Users/silve/OneDrive/Documents/Unreal Projects/MightyHero/Content/Assets/Sprites/Skins/Susan/Frames/Susan__Strike_0_aseprite.uasset" 639
"C:/Users/silve/OneDrive/Documents/Unreal Projects/MightyHero/Content/Assets/Sprites/Skins/Susan/Frames/Susan__Strike_0_aseprite.uexp" 640
"C:/Users/silve/OneDrive/Documents/Unreal Projects/MightyHero/Content/Assets/Sprites/Skins/Susan/Frames/Susan__Strike_3_aseprite.uasset" 641
"C:/Users/silve/OneDrive/Documents/Unreal Projects/MightyHero/Content/Assets/Sprites/Skins/Susan/Frames/Susan__Strike_3_aseprite.uexp" 642
"C:/Users/silve/OneDrive/Documents/Unreal Projects/MightyHero/Content/Assets/Sprites/Skins/Susan/Frames/Susan__Strike_1_aseprite.uasset" 643
"C:/Users/silve/OneDrive/Documents/Unreal Projects/MightyHero/Content/Assets/Sprites/Skins/Susan/Frames/Susan__Strike_1_aseprite.uexp" 644
"C:/Users/silve/OneDrive/Documents/Unreal Projects/MightyHero/Content/Assets/Sprites/Skins/Susan/Frames/Susan__Strike_2_aseprite.uasset" 645
"C:/Users/silve/OneDrive/Documents/Unreal Projects/MightyHero/Content/Assets/Sprites/Skins/Susan/Frames/Susan__Strike_2_aseprite.uexp" 646
"C:/Users/silve/OneDrive/Documents/Unreal Projects/MightyHero/Content/Assets/Sprites/Skins/Susan/Susan__Strike.uasset" 647
"C:/Users/silve/OneDrive/Documents/Unreal Projects/MightyHero/Content/Assets/Sprites/Skins/Susan/Susan__Strike.uexp" 648
"C:/Users/silve/OneDrive/Documents/Unreal Projects/MightyHero/Content/Assets/Sprites/Skins/Susan/AnimSequences/Strike.uasset" 649
"C:/Users/silve/OneDrive/Documents/Unreal Projects/MightyHero/Content/Assets/Sprites/Skins/Susan/AnimSequences/Strike.uexp" 650
"C:/Users/silve/OneDrive/Documents/Unreal Projects/MightyHero/Content/Assets/Sprites/Skins/Susan/Frames/Susan__Rise_2_aseprite.uasset" 651
"C:/Users/silve/OneDrive/Documents/Unreal Projects/MightyHero/Content/Assets/Sprites/Skins/Susan/Frames/Susan__Rise_2_aseprite.uexp" 652
"C:/Users/silve/OneDrive/Documents/Unreal Projects/MightyHero/Content/Assets/Sprites/Skins/Susan/Frames/Susan__Rise_0_aseprite.uasset" 653
"C:/Users/silve/OneDrive/Documents/Unreal Projects/MightyHero/Content/Assets/Sprites/Skins/Susan/Frames/Susan__Rise_0_aseprite.uexp" 654
"C:/Users/silve/OneDrive/Documents/Unreal Projects/MightyHero/Content/Assets/Sprites/Skins/Susan/Frames/Susan__Rise_3_aseprite.uasset" 655
"C:/Users/silve/OneDrive/Documents/Unreal Projects/MightyHero/Content/Assets/Sprites/Skins/Susan/Frames/Susan__Rise_3_aseprite.uexp" 656
"C:/Users/silve/OneDrive/Documents/Unreal Projects/MightyHero/Content/Assets/Sprites/Skins/Susan/Frames/Susan__Rise_1_aseprite.uasset" 657
"C:/Users/silve/OneDrive/Documents/Unreal Projects/MightyHero/Content/Assets/Sprites/Skins/Susan/Frames/Susan__Rise_1_aseprite.uexp" 658
"C:/Users/silve/OneDrive/Documents/Unreal Projects/MightyHero/Content/Assets/Sprites/Skins/Susan/Susan__Rise.uasset" 659
"C:/Users/silve/OneDrive/Documents/Unreal Projects/MightyHero/Content/Assets/Sprites/Skins/Susan/Susan__Rise.uexp" 660
"C:/Users/silve/OneDrive/Documents/Unreal Projects/MightyHero/Content/Assets/Sprites/Skins/Susan/AnimSequences/Rise.uasset" 661
"C:/Users/silve/OneDrive/Documents/Unreal Projects/MightyHero/Content/Assets/Sprites/Skins/Susan/AnimSequences/Rise.uexp" 662
"C:/Users/silve/OneDrive/Documents/Unreal Projects/MightyHero/Content/Assets/Sprites/Skins/Susan/ABP_Susan.uasset" 663
"C:/Users/silve/OneDrive/Documents/Unreal Projects/MightyHero/Content/Assets/Sprites/Skins/Susan/ABP_Susan.uexp" 664
"C:/Users/silve/OneDrive/Documents/Unreal Projects/MightyHero/Content/Blueprints/Skins/BP_Susan.uasset" 665
"C:/Users/silve/OneDrive/Documents/Unreal Projects/MightyHero/Content/Blueprints/Skins/BP_Susan.uexp" 666
"C:/Users/silve/OneDrive/Documents/Unreal Projects/MightyHero/Content/Assets/Sprites/Cards/TonySplash.uasset" 667
"C:/Users/silve/OneDrive/Documents/Unreal Projects/MightyHero/Content/Assets/Sprites/Cards/TonySplash.uexp" 668
"C:/Users/silve/OneDrive/Documents/Unreal Projects/MightyHero/Content/Assets/Sprites/Cards/TonySplash_Sprite.uasset" 669
"C:/Users/silve/OneDrive/Documents/Unreal Projects/MightyHero/Content/Assets/Sprites/Cards/TonySplash_Sprite.uexp" 670
"C:/Users/silve/OneDrive/Documents/Unreal Projects/MightyHero/Content/Assets/Sprites/Cards/Card.uasset" 671
"C:/Users/silve/OneDrive/Documents/Unreal Projects/MightyHero/Content/Assets/Sprites/Cards/Card.uexp" 672
"C:/Users/silve/OneDrive/Documents/Unreal Projects/MightyHero/Content/Assets/Sprites/Cards/Card_Sprite.uasset" 673
"C:/Users/silve/OneDrive/Documents/Unreal Projects/MightyHero/Content/Assets/Sprites/Cards/Card_Sprite.uexp" 674
"C:/Users/silve/OneDrive/Documents/Unreal Projects/MightyHero/Content/UI/BP_CollectionCardWidget.uasset" 675
"C:/Users/silve/OneDrive/Documents/Unreal Projects/MightyHero/Content/UI/BP_CollectionCardWidget.uexp" 676
"C:/Users/silve/OneDrive/Documents/Unreal Projects/MightyHero/Content/Assets/Sprites/Skins/Jemal/Textures/Jemal.uasset" 677
"C:/Users/silve/OneDrive/Documents/Unreal Projects/MightyHero/Content/Assets/Sprites/Skins/Jemal/Textures/Jemal.uexp" 678
"C:/Users/silve/OneDrive/Documents/Unreal Projects/MightyHero/Content/Assets/Sprites/Skins/Jemal/Frames/Jemal__Rise_0_aseprite.uasset" 679
"C:/Users/silve/OneDrive/Documents/Unreal Projects/MightyHero/Content/Assets/Sprites/Skins/Jemal/Frames/Jemal__Rise_0_aseprite.uexp" 680
"C:/Users/silve/OneDrive/Documents/Unreal Projects/MightyHero/Content/Assets/Sprites/Skins/Jemal/Frames/Jemal__Rise_2_aseprite.uasset" 681
"C:/Users/silve/OneDrive/Documents/Unreal Projects/MightyHero/Content/Assets/Sprites/Skins/Jemal/Frames/Jemal__Rise_2_aseprite.uexp" 682
"C:/Users/silve/OneDrive/Documents/Unreal Projects/MightyHero/Content/Assets/Sprites/Skins/Jemal/Frames/Jemal__Rise_3_aseprite.uasset" 683
"C:/Users/silve/OneDrive/Documents/Unreal Projects/MightyHero/Content/Assets/Sprites/Skins/Jemal/Frames/Jemal__Rise_3_aseprite.uexp" 684
"C:/Users/silve/OneDrive/Documents/Unreal Projects/MightyHero/Content/Assets/Sprites/Skins/Jemal/Frames/Jemal__Rise_1_aseprite.uasset" 685
"C:/Users/silve/OneDrive/Documents/Unreal Projects/MightyHero/Content/Assets/Sprites/Skins/Jemal/Frames/Jemal__Rise_1_aseprite.uexp" 686
"C:/Users/silve/OneDrive/Documents/Unreal Projects/MightyHero/Content/Assets/Sprites/Skins/Jemal/Jemal__Rise.uasset" 687
"C:/Users/silve/OneDrive/Documents/Unreal Projects/MightyHero/Content/Assets/Sprites/Skins/Jemal/Jemal__Rise.uexp" 688
"C:/Users/silve/OneDrive/Documents/Unreal Projects/MightyHero/Content/Assets/Sprites/Skins/Jemal/Frames/Jemal__Strike_0_aseprite.uasset" 689
"C:/Users/silve/OneDrive/Documents/Unreal Projects/MightyHero/Content/Assets/Sprites/Skins/Jemal/Frames/Jemal__Strike_0_aseprite.uexp" 690
"C:/Users/silve/OneDrive/Documents/Unreal Projects/MightyHero/Content/Assets/Sprites/Skins/Jemal/Frames/Jemal__Strike_2_aseprite.uasset" 691
"C:/Users/silve/OneDrive/Documents/Unreal Projects/MightyHero/Content/Assets/Sprites/Skins/Jemal/Frames/Jemal__Strike_2_aseprite.uexp" 692
"C:/Users/silve/OneDrive/Documents/Unreal Projects/MightyHero/Content/Assets/Sprites/Skins/Jemal/Frames/Jemal__Strike_3_aseprite.uasset" 693
"C:/Users/silve/OneDrive/Documents/Unreal Projects/MightyHero/Content/Assets/Sprites/Skins/Jemal/Frames/Jemal__Strike_3_aseprite.uexp" 694
"C:/Users/silve/OneDrive/Documents/Unreal Projects/MightyHero/Content/Assets/Sprites/Skins/Jemal/Frames/Jemal__Strike_1_aseprite.uasset" 695
"C:/Users/silve/OneDrive/Documents/Unreal Projects/MightyHero/Content/Assets/Sprites/Skins/Jemal/Frames/Jemal__Strike_1_aseprite.uexp" 696
"C:/Users/silve/OneDrive/Documents/Unreal Projects/MightyHero/Content/Assets/Sprites/Skins/Jemal/Jemal__Strike.uasset" 697
"C:/Users/silve/OneDrive/Documents/Unreal Projects/MightyHero/Content/Assets/Sprites/Skins/Jemal/Jemal__Strike.uexp" 698
"C:/Users/silve/OneDrive/Documents/Unreal Projects/MightyHero/Content/Assets/Sprites/Skins/Jemal/Jemal_AnimSource.uasset" 699
"C:/Users/silve/OneDrive/Documents/Unreal Projects/MightyHero/Content/Assets/Sprites/Skins/Jemal/Jemal_AnimSource.uexp" 700
"C:/Users/silve/OneDrive/Documents/Unreal Projects/MightyHero/Content/Assets/Sprites/Skins/Jemal/AnimSequences/Strike.uasset" 701
"C:/Users/silve/OneDrive/Documents/Unreal Projects/MightyHero/Content/Assets/Sprites/Skins/Jemal/AnimSequences/Strike.uexp" 702
"C:/Users/silve/OneDrive/Documents/Unreal Projects/MightyHero/Content/Assets/Sprites/Skins/Jemal/Frames/Jemal__Idle_6_aseprite.uasset" 703
"C:/Users/silve/OneDrive/Documents/Unreal Projects/MightyHero/Content/Assets/Sprites/Skins/Jemal/Frames/Jemal__Idle_6_aseprite.uexp" 704
"C:/Users/silve/OneDrive/Documents/Unreal Projects/MightyHero/Content/Assets/Sprites/Skins/Jemal/Frames/Jemal__Idle_5_aseprite.uasset" 705
"C:/Users/silve/OneDrive/Documents/Unreal Projects/MightyHero/Content/Assets/Sprites/Skins/Jemal/Frames/Jemal__Idle_5_aseprite.uexp" 706
"C:/Users/silve/OneDrive/Documents/Unreal Projects/MightyHero/Content/Assets/Sprites/Skins/Jemal/Frames/Jemal__Idle_4_aseprite.uasset" 707
"C:/Users/silve/OneDrive/Documents/Unreal Projects/MightyHero/Content/Assets/Sprites/Skins/Jemal/Frames/Jemal__Idle_4_aseprite.uexp" 708
"C:/Users/silve/OneDrive/Documents/Unreal Projects/MightyHero/Content/Assets/Sprites/Skins/Jemal/Frames/Jemal__Idle_1_aseprite.uasset" 709
"C:/Users/silve/OneDrive/Documents/Unreal Projects/MightyHero/Content/Assets/Sprites/Skins/Jemal/Frames/Jemal__Idle_1_aseprite.uexp" 710
"C:/Users/silve/OneDrive/Documents/Unreal Projects/MightyHero/Content/Assets/Sprites/Skins/Jemal/Frames/Jemal__Idle_9_aseprite.uasset" 711
"C:/Users/silve/OneDrive/Documents/Unreal Projects/MightyHero/Content/Assets/Sprites/Skins/Jemal/Frames/Jemal__Idle_9_aseprite.uexp" 712
"C:/Users/silve/OneDrive/Documents/Unreal Projects/MightyHero/Content/Assets/Sprites/Skins/Jemal/Frames/Jemal__Idle_2_aseprite.uasset" 713
"C:/Users/silve/OneDrive/Documents/Unreal Projects/MightyHero/Content/Assets/Sprites/Skins/Jemal/Frames/Jemal__Idle_2_aseprite.uexp" 714
"C:/Users/silve/OneDrive/Documents/Unreal Projects/MightyHero/Content/Assets/Sprites/Skins/Jemal/Frames/Jemal__Idle_8_aseprite.uasset" 715
"C:/Users/silve/OneDrive/Documents/Unreal Projects/MightyHero/Content/Assets/Sprites/Skins/Jemal/Frames/Jemal__Idle_8_aseprite.uexp" 716
"C:/Users/silve/OneDrive/Documents/Unreal Projects/MightyHero/Content/Assets/Sprites/Skins/Jemal/Frames/Jemal__Idle_7_aseprite.uasset" 717
"C:/Users/silve/OneDrive/Documents/Unreal Projects/MightyHero/Content/Assets/Sprites/Skins/Jemal/Frames/Jemal__Idle_7_aseprite.uexp" 718
"C:/Users/silve/OneDrive/Documents/Unreal Projects/MightyHero/Content/Assets/Sprites/Skins/Jemal/Frames/Jemal__Idle_0_aseprite.uasset" 719
"C:/Users/silve/OneDrive/Documents/Unreal Projects/MightyHero/Content/Assets/Sprites/Skins/Jemal/Frames/Jemal__Idle_0_aseprite.uexp" 720
"C:/Users/silve/OneDrive/Documents/Unreal Projects/MightyHero/Content/Assets/Sprites/Skins/Jemal/Frames/Jemal__Idle_3_aseprite.uasset" 721
"C:/Users/silve/OneDrive/Documents/Unreal Projects/MightyHero/Content/Assets/Sprites/Skins/Jemal/Frames/Jemal__Idle_3_aseprite.uexp" 722
"C:/Users/silve/OneDrive/Documents/Unreal Projects/MightyHero/Content/Assets/Sprites/Skins/Jemal/Jemal__Idle.uasset" 723
"C:/Users/silve/OneDrive/Documents/Unreal Projects/MightyHero/Content/Assets/Sprites/Skins/Jemal/Jemal__Idle.uexp" 724
"C:/Users/silve/OneDrive/Documents/Unreal Projects/MightyHero/Content/Assets/Sprites/Skins/Jemal/AnimSequences/Idle.uasset" 725
"C:/Users/silve/OneDrive/Documents/Unreal Projects/MightyHero/Content/Assets/Sprites/Skins/Jemal/AnimSequences/Idle.uexp" 726
"C:/Users/silve/OneDrive/Documents/Unreal Projects/MightyHero/Content/Assets/Sprites/Skins/Jemal/Frames/Jemal__Sadness_2_aseprite.uasset" 727
"C:/Users/silve/OneDrive/Documents/Unreal Projects/MightyHero/Content/Assets/Sprites/Skins/Jemal/Frames/Jemal__Sadness_2_aseprite.uexp" 728
"C:/Users/silve/OneDrive/Documents/Unreal Projects/MightyHero/Content/Assets/Sprites/Skins/Jemal/Frames/Jemal__Sadness_4_aseprite.uasset" 729
"C:/Users/silve/OneDrive/Documents/Unreal Projects/MightyHero/Content/Assets/Sprites/Skins/Jemal/Frames/Jemal__Sadness_4_aseprite.uexp" 730
"C:/Users/silve/OneDrive/Documents/Unreal Projects/MightyHero/Content/Assets/Sprites/Skins/Jemal/Frames/Jemal__Sadness_1_aseprite.uasset" 731
"C:/Users/silve/OneDrive/Documents/Unreal Projects/MightyHero/Content/Assets/Sprites/Skins/Jemal/Frames/Jemal__Sadness_1_aseprite.uexp" 732
"C:/Users/silve/OneDrive/Documents/Unreal Projects/MightyHero/Content/Assets/Sprites/Skins/Jemal/Frames/Jemal__Sadness_0_aseprite.uasset" 733
"C:/Users/silve/OneDrive/Documents/Unreal Projects/MightyHero/Content/Assets/Sprites/Skins/Jemal/Frames/Jemal__Sadness_0_aseprite.uexp" 734
"C:/Users/silve/OneDrive/Documents/Unreal Projects/MightyHero/Content/Assets/Sprites/Skins/Jemal/Frames/Jemal__Sadness_7_aseprite.uasset" 735
"C:/Users/silve/OneDrive/Documents/Unreal Projects/MightyHero/Content/Assets/Sprites/Skins/Jemal/Frames/Jemal__Sadness_7_aseprite.uexp" 736
"C:/Users/silve/OneDrive/Documents/Unreal Projects/MightyHero/Content/Assets/Sprites/Skins/Jemal/Frames/Jemal__Sadness_3_aseprite.uasset" 737
"C:/Users/silve/OneDrive/Documents/Unreal Projects/MightyHero/Content/Assets/Sprites/Skins/Jemal/Frames/Jemal__Sadness_3_aseprite.uexp" 738
"C:/Users/silve/OneDrive/Documents/Unreal Projects/MightyHero/Content/Assets/Sprites/Skins/Jemal/Frames/Jemal__Sadness_5_aseprite.uasset" 739
"C:/Users/silve/OneDrive/Documents/Unreal Projects/MightyHero/Content/Assets/Sprites/Skins/Jemal/Frames/Jemal__Sadness_5_aseprite.uexp" 740
"C:/Users/silve/OneDrive/Documents/Unreal Projects/MightyHero/Content/Assets/Sprites/Skins/Jemal/Frames/Jemal__Sadness_6_aseprite.uasset" 741
"C:/Users/silve/OneDrive/Documents/Unreal Projects/MightyHero/Content/Assets/Sprites/Skins/Jemal/Frames/Jemal__Sadness_6_aseprite.uexp" 742
"C:/Users/silve/OneDrive/Documents/Unreal Projects/MightyHero/Content/Assets/Sprites/Skins/Jemal/Jemal__Sadness.uasset" 743
"C:/Users/silve/OneDrive/Documents/Unreal Projects/MightyHero/Content/Assets/Sprites/Skins/Jemal/Jemal__Sadness.uexp" 744
"C:/Users/silve/OneDrive/Documents/Unreal Projects/MightyHero/Content/Assets/Sprites/Skins/Jemal/AnimSequences/Sad.uasset" 745
"C:/Users/silve/OneDrive/Documents/Unreal Projects/MightyHero/Content/Assets/Sprites/Skins/Jemal/AnimSequences/Sad.uexp" 746
"C:/Users/silve/OneDrive/Documents/Unreal Projects/MightyHero/Content/Assets/Sprites/Skins/Jemal/Frames/Jemal__Fall_1_aseprite.uasset" 747
"C:/Users/silve/OneDrive/Documents/Unreal Projects/MightyHero/Content/Assets/Sprites/Skins/Jemal/Frames/Jemal__Fall_1_aseprite.uexp" 748
"C:/Users/silve/OneDrive/Documents/Unreal Projects/MightyHero/Content/Assets/Sprites/Skins/Jemal/Frames/Jemal__Fall_2_aseprite.uasset" 749
"C:/Users/silve/OneDrive/Documents/Unreal Projects/MightyHero/Content/Assets/Sprites/Skins/Jemal/Frames/Jemal__Fall_2_aseprite.uexp" 750
"C:/Users/silve/OneDrive/Documents/Unreal Projects/MightyHero/Content/Assets/Sprites/Skins/Jemal/Frames/Jemal__Fall_0_aseprite.uasset" 751
"C:/Users/silve/OneDrive/Documents/Unreal Projects/MightyHero/Content/Assets/Sprites/Skins/Jemal/Frames/Jemal__Fall_0_aseprite.uexp" 752
"C:/Users/silve/OneDrive/Documents/Unreal Projects/MightyHero/Content/Assets/Sprites/Skins/Jemal/Frames/Jemal__Fall_3_aseprite.uasset" 753
"C:/Users/silve/OneDrive/Documents/Unreal Projects/MightyHero/Content/Assets/Sprites/Skins/Jemal/Frames/Jemal__Fall_3_aseprite.uexp" 754
"C:/Users/silve/OneDrive/Documents/Unreal Projects/MightyHero/Content/Assets/Sprites/Skins/Jemal/Jemal__Fall.uasset" 755
"C:/Users/silve/OneDrive/Documents/Unreal Projects/MightyHero/Content/Assets/Sprites/Skins/Jemal/Jemal__Fall.uexp" 756
"C:/Users/silve/OneDrive/Documents/Unreal Projects/MightyHero/Content/Assets/Sprites/Skins/Jemal/AnimSequences/Fall.uasset" 757
"C:/Users/silve/OneDrive/Documents/Unreal Projects/MightyHero/Content/Assets/Sprites/Skins/Jemal/AnimSequences/Fall.uexp" 758
"C:/Users/silve/OneDrive/Documents/Unreal Projects/MightyHero/Content/Assets/Sprites/Skins/Jemal/AnimSequences/Rise.uasset" 759
"C:/Users/silve/OneDrive/Documents/Unreal Projects/MightyHero/Content/Assets/Sprites/Skins/Jemal/AnimSequences/Rise.uexp" 760
"C:/Users/silve/OneDrive/Documents/Unreal Projects/MightyHero/Content/Assets/Sprites/Skins/Jemal/ABP_Jemal.uasset" 761
"C:/Users/silve/OneDrive/Documents/Unreal Projects/MightyHero/Content/Assets/Sprites/Skins/Jemal/ABP_Jemal.uexp" 762
"C:/Users/silve/OneDrive/Documents/Unreal Projects/MightyHero/Content/Blueprints/Skins/BP_Jemal.uasset" 763
"C:/Users/silve/OneDrive/Documents/Unreal Projects/MightyHero/Content/Blueprints/Skins/BP_Jemal.uexp" 764
"C:/Users/silve/OneDrive/Documents/Unreal Projects/MightyHero/Content/Assets/Sprites/Skins/Kitty/Textures/Kitty.uasset" 765
"C:/Users/silve/OneDrive/Documents/Unreal Projects/MightyHero/Content/Assets/Sprites/Skins/Kitty/Textures/Kitty.uexp" 766
"C:/Users/silve/OneDrive/Documents/Unreal Projects/MightyHero/Content/Assets/Sprites/Skins/Kitty/Frames/Kitty__Rise_0_aseprite.uasset" 767
"C:/Users/silve/OneDrive/Documents/Unreal Projects/MightyHero/Content/Assets/Sprites/Skins/Kitty/Frames/Kitty__Rise_0_aseprite.uexp" 768
"C:/Users/silve/OneDrive/Documents/Unreal Projects/MightyHero/Content/Assets/Sprites/Skins/Kitty/Frames/Kitty__Rise_3_aseprite.uasset" 769
"C:/Users/silve/OneDrive/Documents/Unreal Projects/MightyHero/Content/Assets/Sprites/Skins/Kitty/Frames/Kitty__Rise_3_aseprite.uexp" 770
"C:/Users/silve/OneDrive/Documents/Unreal Projects/MightyHero/Content/Assets/Sprites/Skins/Kitty/Frames/Kitty__Rise_2_aseprite.uasset" 771
"C:/Users/silve/OneDrive/Documents/Unreal Projects/MightyHero/Content/Assets/Sprites/Skins/Kitty/Frames/Kitty__Rise_2_aseprite.uexp" 772
"C:/Users/silve/OneDrive/Documents/Unreal Projects/MightyHero/Content/Assets/Sprites/Skins/Kitty/Frames/Kitty__Rise_1_aseprite.uasset" 773
"C:/Users/silve/OneDrive/Documents/Unreal Projects/MightyHero/Content/Assets/Sprites/Skins/Kitty/Frames/Kitty__Rise_1_aseprite.uexp" 774
"C:/Users/silve/OneDrive/Documents/Unreal Projects/MightyHero/Content/Assets/Sprites/Skins/Kitty/Kitty__Rise.uasset" 775
"C:/Users/silve/OneDrive/Documents/Unreal Projects/MightyHero/Content/Assets/Sprites/Skins/Kitty/Kitty__Rise.uexp" 776
"C:/Users/silve/OneDrive/Documents/Unreal Projects/MightyHero/Content/Assets/Sprites/Skins/Kitty/Kitty_AnimSource.uasset" 777
"C:/Users/silve/OneDrive/Documents/Unreal Projects/MightyHero/Content/Assets/Sprites/Skins/Kitty/Kitty_AnimSource.uexp" 778
"C:/Users/silve/OneDrive/Documents/Unreal Projects/MightyHero/Content/Assets/Sprites/Skins/Kitty/AnimSequences/Rise.uasset" 779
"C:/Users/silve/OneDrive/Documents/Unreal Projects/MightyHero/Content/Assets/Sprites/Skins/Kitty/AnimSequences/Rise.uexp" 780
"C:/Users/silve/OneDrive/Documents/Unreal Projects/MightyHero/Content/Assets/Sprites/Skins/Kitty/Frames/Kitty__Strike_3_aseprite.uasset" 781
"C:/Users/silve/OneDrive/Documents/Unreal Projects/MightyHero/Content/Assets/Sprites/Skins/Kitty/Frames/Kitty__Strike_3_aseprite.uexp" 782
"C:/Users/silve/OneDrive/Documents/Unreal Projects/MightyHero/Content/Assets/Sprites/Skins/Kitty/Frames/Kitty__Strike_2_aseprite.uasset" 783
"C:/Users/silve/OneDrive/Documents/Unreal Projects/MightyHero/Content/Assets/Sprites/Skins/Kitty/Frames/Kitty__Strike_2_aseprite.uexp" 784
"C:/Users/silve/OneDrive/Documents/Unreal Projects/MightyHero/Content/Assets/Sprites/Skins/Kitty/Frames/Kitty__Strike_1_aseprite.uasset" 785
"C:/Users/silve/OneDrive/Documents/Unreal Projects/MightyHero/Content/Assets/Sprites/Skins/Kitty/Frames/Kitty__Strike_1_aseprite.uexp" 786
"C:/Users/silve/OneDrive/Documents/Unreal Projects/MightyHero/Content/Assets/Sprites/Skins/Kitty/Frames/Kitty__Strike_0_aseprite.uasset" 787
"C:/Users/silve/OneDrive/Documents/Unreal Projects/MightyHero/Content/Assets/Sprites/Skins/Kitty/Frames/Kitty__Strike_0_aseprite.uexp" 788
"C:/Users/silve/OneDrive/Documents/Unreal Projects/MightyHero/Content/Assets/Sprites/Skins/Kitty/Kitty__Strike.uasset" 789
"C:/Users/silve/OneDrive/Documents/Unreal Projects/MightyHero/Content/Assets/Sprites/Skins/Kitty/Kitty__Strike.uexp" 790
"C:/Users/silve/OneDrive/Documents/Unreal Projects/MightyHero/Content/Assets/Sprites/Skins/Kitty/AnimSequences/Strike.uasset" 791
"C:/Users/silve/OneDrive/Documents/Unreal Projects/MightyHero/Content/Assets/Sprites/Skins/Kitty/AnimSequences/Strike.uexp" 792
"C:/Users/silve/OneDrive/Documents/Unreal Projects/MightyHero/Content/Assets/Sprites/Skins/Kitty/Frames/Kitty__Sadness_4_aseprite.uasset" 793
"C:/Users/silve/OneDrive/Documents/Unreal Projects/MightyHero/Content/Assets/Sprites/Skins/Kitty/Frames/Kitty__Sadness_4_aseprite.uexp" 794
"C:/Users/silve/OneDrive/Documents/Unreal Projects/MightyHero/Content/Assets/Sprites/Skins/Kitty/Frames/Kitty__Sadness_3_aseprite.uasset" 795
"C:/Users/silve/OneDrive/Documents/Unreal Projects/MightyHero/Content/Assets/Sprites/Skins/Kitty/Frames/Kitty__Sadness_3_aseprite.uexp" 796
"C:/Users/silve/OneDrive/Documents/Unreal Projects/MightyHero/Content/Assets/Sprites/Skins/Kitty/Frames/Kitty__Sadness_2_aseprite.uasset" 797
"C:/Users/silve/OneDrive/Documents/Unreal Projects/MightyHero/Content/Assets/Sprites/Skins/Kitty/Frames/Kitty__Sadness_2_aseprite.uexp" 798
"C:/Users/silve/OneDrive/Documents/Unreal Projects/MightyHero/Content/Assets/Sprites/Skins/Kitty/Frames/Kitty__Sadness_1_aseprite.uasset" 799
"C:/Users/silve/OneDrive/Documents/Unreal Projects/MightyHero/Content/Assets/Sprites/Skins/Kitty/Frames/Kitty__Sadness_1_aseprite.uexp" 800
"C:/Users/silve/OneDrive/Documents/Unreal Projects/MightyHero/Content/Assets/Sprites/Skins/Kitty/Frames/Kitty__Sadness_0_aseprite.uasset" 801
"C:/Users/silve/OneDrive/Documents/Unreal Projects/MightyHero/Content/Assets/Sprites/Skins/Kitty/Frames/Kitty__Sadness_0_aseprite.uexp" 802
"C:/Users/silve/OneDrive/Documents/Unreal Projects/MightyHero/Content/Assets/Sprites/Skins/Kitty/Kitty__Sadness.uasset" 803
"C:/Users/silve/OneDrive/Documents/Unreal Projects/MightyHero/Content/Assets/Sprites/Skins/Kitty/Kitty__Sadness.uexp" 804
"C:/Users/silve/OneDrive/Documents/Unreal Projects/MightyHero/Content/Assets/Sprites/Skins/Kitty/AnimSequences/Sad.uasset" 805
"C:/Users/silve/OneDrive/Documents/Unreal Projects/MightyHero/Content/Assets/Sprites/Skins/Kitty/AnimSequences/Sad.uexp" 806
"C:/Users/silve/OneDrive/Documents/Unreal Projects/MightyHero/Content/Assets/Sprites/Skins/Kitty/Frames/Kitty__Idle_0_aseprite.uasset" 807
"C:/Users/silve/OneDrive/Documents/Unreal Projects/MightyHero/Content/Assets/Sprites/Skins/Kitty/Frames/Kitty__Idle_0_aseprite.uexp" 808
"C:/Users/silve/OneDrive/Documents/Unreal Projects/MightyHero/Content/Assets/Sprites/Skins/Kitty/Frames/Kitty__Idle_8_aseprite.uasset" 809
"C:/Users/silve/OneDrive/Documents/Unreal Projects/MightyHero/Content/Assets/Sprites/Skins/Kitty/Frames/Kitty__Idle_8_aseprite.uexp" 810
"C:/Users/silve/OneDrive/Documents/Unreal Projects/MightyHero/Content/Assets/Sprites/Skins/Kitty/Frames/Kitty__Idle_4_aseprite.uasset" 811
"C:/Users/silve/OneDrive/Documents/Unreal Projects/MightyHero/Content/Assets/Sprites/Skins/Kitty/Frames/Kitty__Idle_4_aseprite.uexp" 812
"C:/Users/silve/OneDrive/Documents/Unreal Projects/MightyHero/Content/Assets/Sprites/Skins/Kitty/Frames/Kitty__Idle_9_aseprite.uasset" 813
"C:/Users/silve/OneDrive/Documents/Unreal Projects/MightyHero/Content/Assets/Sprites/Skins/Kitty/Frames/Kitty__Idle_9_aseprite.uexp" 814
"C:/Users/silve/OneDrive/Documents/Unreal Projects/MightyHero/Content/Assets/Sprites/Skins/Kitty/Frames/Kitty__Idle_7_aseprite.uasset" 815
"C:/Users/silve/OneDrive/Documents/Unreal Projects/MightyHero/Content/Assets/Sprites/Skins/Kitty/Frames/Kitty__Idle_7_aseprite.uexp" 816
"C:/Users/silve/OneDrive/Documents/Unreal Projects/MightyHero/Content/Assets/Sprites/Skins/Kitty/Frames/Kitty__Idle_2_aseprite.uasset" 817
"C:/Users/silve/OneDrive/Documents/Unreal Projects/MightyHero/Content/Assets/Sprites/Skins/Kitty/Frames/Kitty__Idle_2_aseprite.uexp" 818
"C:/Users/silve/OneDrive/Documents/Unreal Projects/MightyHero/Content/Assets/Sprites/Skins/Kitty/Frames/Kitty__Idle_1_aseprite.uasset" 819
"C:/Users/silve/OneDrive/Documents/Unreal Projects/MightyHero/Content/Assets/Sprites/Skins/Kitty/Frames/Kitty__Idle_1_aseprite.uexp" 820
"C:/Users/silve/OneDrive/Documents/Unreal Projects/MightyHero/Content/Assets/Sprites/Skins/Kitty/Frames/Kitty__Idle_3_aseprite.uasset" 821
"C:/Users/silve/OneDrive/Documents/Unreal Projects/MightyHero/Content/Assets/Sprites/Skins/Kitty/Frames/Kitty__Idle_3_aseprite.uexp" 822
"C:/Users/silve/OneDrive/Documents/Unreal Projects/MightyHero/Content/Assets/Sprites/Skins/Kitty/Frames/Kitty__Idle_6_aseprite.uasset" 823
"C:/Users/silve/OneDrive/Documents/Unreal Projects/MightyHero/Content/Assets/Sprites/Skins/Kitty/Frames/Kitty__Idle_6_aseprite.uexp" 824
"C:/Users/silve/OneDrive/Documents/Unreal Projects/MightyHero/Content/Assets/Sprites/Skins/Kitty/Frames/Kitty__Idle_5_aseprite.uasset" 825
"C:/Users/silve/OneDrive/Documents/Unreal Projects/MightyHero/Content/Assets/Sprites/Skins/Kitty/Frames/Kitty__Idle_5_aseprite.uexp" 826
"C:/Users/silve/OneDrive/Documents/Unreal Projects/MightyHero/Content/Assets/Sprites/Skins/Kitty/Kitty__Idle.uasset" 827
"C:/Users/silve/OneDrive/Documents/Unreal Projects/MightyHero/Content/Assets/Sprites/Skins/Kitty/Kitty__Idle.uexp" 828
"C:/Users/silve/OneDrive/Documents/Unreal Projects/MightyHero/Content/Assets/Sprites/Skins/Kitty/AnimSequences/Idle.uasset" 829
"C:/Users/silve/OneDrive/Documents/Unreal Projects/MightyHero/Content/Assets/Sprites/Skins/Kitty/AnimSequences/Idle.uexp" 830
"C:/Users/silve/OneDrive/Documents/Unreal Projects/MightyHero/Content/Assets/Sprites/Skins/Kitty/Frames/Kitty__Fall_3_aseprite.uasset" 831
"C:/Users/silve/OneDrive/Documents/Unreal Projects/MightyHero/Content/Assets/Sprites/Skins/Kitty/Frames/Kitty__Fall_3_aseprite.uexp" 832
"C:/Users/silve/OneDrive/Documents/Unreal Projects/MightyHero/Content/Assets/Sprites/Skins/Kitty/Frames/Kitty__Fall_0_aseprite.uasset" 833
"C:/Users/silve/OneDrive/Documents/Unreal Projects/MightyHero/Content/Assets/Sprites/Skins/Kitty/Frames/Kitty__Fall_0_aseprite.uexp" 834
"C:/Users/silve/OneDrive/Documents/Unreal Projects/MightyHero/Content/Assets/Sprites/Skins/Kitty/Frames/Kitty__Fall_2_aseprite.uasset" 835
"C:/Users/silve/OneDrive/Documents/Unreal Projects/MightyHero/Content/Assets/Sprites/Skins/Kitty/Frames/Kitty__Fall_2_aseprite.uexp" 836
"C:/Users/silve/OneDrive/Documents/Unreal Projects/MightyHero/Content/Assets/Sprites/Skins/Kitty/Frames/Kitty__Fall_1_aseprite.uasset" 837
"C:/Users/silve/OneDrive/Documents/Unreal Projects/MightyHero/Content/Assets/Sprites/Skins/Kitty/Frames/Kitty__Fall_1_aseprite.uexp" 838
"C:/Users/silve/OneDrive/Documents/Unreal Projects/MightyHero/Content/Assets/Sprites/Skins/Kitty/Kitty__Fall.uasset" 839
"C:/Users/silve/OneDrive/Documents/Unreal Projects/MightyHero/Content/Assets/Sprites/Skins/Kitty/Kitty__Fall.uexp" 840
"C:/Users/silve/OneDrive/Documents/Unreal Projects/MightyHero/Content/Assets/Sprites/Skins/Kitty/AnimSequences/Fall.uasset" 841
"C:/Users/silve/OneDrive/Documents/Unreal Projects/MightyHero/Content/Assets/Sprites/Skins/Kitty/AnimSequences/Fall.uexp" 842
"C:/Users/silve/OneDrive/Documents/Unreal Projects/MightyHero/Content/Assets/Sprites/Skins/Kitty/ABP_Kitty.uasset" 843
"C:/Users/silve/OneDrive/Documents/Unreal Projects/MightyHero/Content/Assets/Sprites/Skins/Kitty/ABP_Kitty.uexp" 844
"C:/Users/silve/OneDrive/Documents/Unreal Projects/MightyHero/Content/Blueprints/Skins/BP_Kitty.uasset" 845
"C:/Users/silve/OneDrive/Documents/Unreal Projects/MightyHero/Content/Blueprints/Skins/BP_Kitty.uexp" 846
"C:/Users/silve/OneDrive/Documents/Unreal Projects/MightyHero/Content/Assets/Sprites/Skins/MCFemale/Textures/Character_Fem.uasset" 847
"C:/Users/silve/OneDrive/Documents/Unreal Projects/MightyHero/Content/Assets/Sprites/Skins/MCFemale/Textures/Character_Fem.uexp" 848
"C:/Users/silve/OneDrive/Documents/Unreal Projects/MightyHero/Content/Assets/Sprites/Skins/MCFemale/Frames/Character_Fem__Idle_1_aseprite.uasset" 849
"C:/Users/silve/OneDrive/Documents/Unreal Projects/MightyHero/Content/Assets/Sprites/Skins/MCFemale/Frames/Character_Fem__Idle_1_aseprite.uexp" 850
"C:/Users/silve/OneDrive/Documents/Unreal Projects/MightyHero/Content/Assets/Sprites/Skins/MCFemale/Frames/Character_Fem__Idle_3_aseprite.uasset" 851
"C:/Users/silve/OneDrive/Documents/Unreal Projects/MightyHero/Content/Assets/Sprites/Skins/MCFemale/Frames/Character_Fem__Idle_3_aseprite.uexp" 852
"C:/Users/silve/OneDrive/Documents/Unreal Projects/MightyHero/Content/Assets/Sprites/Skins/MCFemale/Frames/Character_Fem__Idle_6_aseprite.uasset" 853
"C:/Users/silve/OneDrive/Documents/Unreal Projects/MightyHero/Content/Assets/Sprites/Skins/MCFemale/Frames/Character_Fem__Idle_6_aseprite.uexp" 854
"C:/Users/silve/OneDrive/Documents/Unreal Projects/MightyHero/Content/Assets/Sprites/Skins/MCFemale/Frames/Character_Fem__Idle_9_aseprite.uasset" 855
"C:/Users/silve/OneDrive/Documents/Unreal Projects/MightyHero/Content/Assets/Sprites/Skins/MCFemale/Frames/Character_Fem__Idle_9_aseprite.uexp" 856
"C:/Users/silve/OneDrive/Documents/Unreal Projects/MightyHero/Content/Assets/Sprites/Skins/MCFemale/Frames/Character_Fem__Idle_5_aseprite.uasset" 857
"C:/Users/silve/OneDrive/Documents/Unreal Projects/MightyHero/Content/Assets/Sprites/Skins/MCFemale/Frames/Character_Fem__Idle_5_aseprite.uexp" 858
"C:/Users/silve/OneDrive/Documents/Unreal Projects/MightyHero/Content/Assets/Sprites/Skins/MCFemale/Frames/Character_Fem__Idle_2_aseprite.uasset" 859
"C:/Users/silve/OneDrive/Documents/Unreal Projects/MightyHero/Content/Assets/Sprites/Skins/MCFemale/Frames/Character_Fem__Idle_2_aseprite.uexp" 860
"C:/Users/silve/OneDrive/Documents/Unreal Projects/MightyHero/Content/Assets/Sprites/Skins/MCFemale/Frames/Character_Fem__Idle_4_aseprite.uasset" 861
"C:/Users/silve/OneDrive/Documents/Unreal Projects/MightyHero/Content/Assets/Sprites/Skins/MCFemale/Frames/Character_Fem__Idle_4_aseprite.uexp" 862
"C:/Users/silve/OneDrive/Documents/Unreal Projects/MightyHero/Content/Assets/Sprites/Skins/MCFemale/Frames/Character_Fem__Idle_0_aseprite.uasset" 863
"C:/Users/silve/OneDrive/Documents/Unreal Projects/MightyHero/Content/Assets/Sprites/Skins/MCFemale/Frames/Character_Fem__Idle_0_aseprite.uexp" 864
"C:/Users/silve/OneDrive/Documents/Unreal Projects/MightyHero/Content/Assets/Sprites/Skins/MCFemale/Frames/Character_Fem__Idle_8_aseprite.uasset" 865
"C:/Users/silve/OneDrive/Documents/Unreal Projects/MightyHero/Content/Assets/Sprites/Skins/MCFemale/Frames/Character_Fem__Idle_8_aseprite.uexp" 866
"C:/Users/silve/OneDrive/Documents/Unreal Projects/MightyHero/Content/Assets/Sprites/Skins/MCFemale/Frames/Character_Fem__Idle_7_aseprite.uasset" 867
"C:/Users/silve/OneDrive/Documents/Unreal Projects/MightyHero/Content/Assets/Sprites/Skins/MCFemale/Frames/Character_Fem__Idle_7_aseprite.uexp" 868
"C:/Users/silve/OneDrive/Documents/Unreal Projects/MightyHero/Content/Assets/Sprites/Skins/MCFemale/Character_Fem__Idle.uasset" 869
"C:/Users/silve/OneDrive/Documents/Unreal Projects/MightyHero/Content/Assets/Sprites/Skins/MCFemale/Character_Fem__Idle.uexp" 870
"C:/Users/silve/OneDrive/Documents/Unreal Projects/MightyHero/Content/Assets/Sprites/Skins/MCFemale/MC_Female_AnimSource.uasset" 871
"C:/Users/silve/OneDrive/Documents/Unreal Projects/MightyHero/Content/Assets/Sprites/Skins/MCFemale/MC_Female_AnimSource.uexp" 872
"C:/Users/silve/OneDrive/Documents/Unreal Projects/MightyHero/Content/Assets/Sprites/Skins/MCFemale/AnimSequences/Idle.uasset" 873
"C:/Users/silve/OneDrive/Documents/Unreal Projects/MightyHero/Content/Assets/Sprites/Skins/MCFemale/AnimSequences/Idle.uexp" 874
"C:/Users/silve/OneDrive/Documents/Unreal Projects/MightyHero/Content/Assets/Sprites/Skins/MCFemale/Frames/Character_Fem__Sadness_0_aseprite.uasset" 875
"C:/Users/silve/OneDrive/Documents/Unreal Projects/MightyHero/Content/Assets/Sprites/Skins/MCFemale/Frames/Character_Fem__Sadness_0_aseprite.uexp" 876
"C:/Users/silve/OneDrive/Documents/Unreal Projects/MightyHero/Content/Assets/Sprites/Skins/MCFemale/Frames/Character_Fem__Sadness_2_aseprite.uasset" 877
"C:/Users/silve/OneDrive/Documents/Unreal Projects/MightyHero/Content/Assets/Sprites/Skins/MCFemale/Frames/Character_Fem__Sadness_2_aseprite.uexp" 878
"C:/Users/silve/OneDrive/Documents/Unreal Projects/MightyHero/Content/Assets/Sprites/Skins/MCFemale/Frames/Character_Fem__Sadness_1_aseprite.uasset" 879
"C:/Users/silve/OneDrive/Documents/Unreal Projects/MightyHero/Content/Assets/Sprites/Skins/MCFemale/Frames/Character_Fem__Sadness_1_aseprite.uexp" 880
"C:/Users/silve/OneDrive/Documents/Unreal Projects/MightyHero/Content/Assets/Sprites/Skins/MCFemale/Frames/Character_Fem__Sadness_3_aseprite.uasset" 881
"C:/Users/silve/OneDrive/Documents/Unreal Projects/MightyHero/Content/Assets/Sprites/Skins/MCFemale/Frames/Character_Fem__Sadness_3_aseprite.uexp" 882
"C:/Users/silve/OneDrive/Documents/Unreal Projects/MightyHero/Content/Assets/Sprites/Skins/MCFemale/Frames/Character_Fem__Sadness_4_aseprite.uasset" 883
"C:/Users/silve/OneDrive/Documents/Unreal Projects/MightyHero/Content/Assets/Sprites/Skins/MCFemale/Frames/Character_Fem__Sadness_4_aseprite.uexp" 884
"C:/Users/silve/OneDrive/Documents/Unreal Projects/MightyHero/Content/Assets/Sprites/Skins/MCFemale/Character_Fem__Sadness.uasset" 885
"C:/Users/silve/OneDrive/Documents/Unreal Projects/MightyHero/Content/Assets/Sprites/Skins/MCFemale/Character_Fem__Sadness.uexp" 886
"C:/Users/silve/OneDrive/Documents/Unreal Projects/MightyHero/Content/Assets/Sprites/Skins/MCFemale/AnimSequences/Sad.uasset" 887
"C:/Users/silve/OneDrive/Documents/Unreal Projects/MightyHero/Content/Assets/Sprites/Skins/MCFemale/AnimSequences/Sad.uexp" 888
"C:/Users/silve/OneDrive/Documents/Unreal Projects/MightyHero/Content/Assets/Sprites/Skins/MCFemale/Frames/Character_Fem__Fall_2_aseprite.uasset" 889
"C:/Users/silve/OneDrive/Documents/Unreal Projects/MightyHero/Content/Assets/Sprites/Skins/MCFemale/Frames/Character_Fem__Fall_2_aseprite.uexp" 890
"C:/Users/silve/OneDrive/Documents/Unreal Projects/MightyHero/Content/Assets/Sprites/Skins/MCFemale/Frames/Character_Fem__Fall_1_aseprite.uasset" 891
"C:/Users/silve/OneDrive/Documents/Unreal Projects/MightyHero/Content/Assets/Sprites/Skins/MCFemale/Frames/Character_Fem__Fall_1_aseprite.uexp" 892
"C:/Users/silve/OneDrive/Documents/Unreal Projects/MightyHero/Content/Assets/Sprites/Skins/MCFemale/Frames/Character_Fem__Fall_3_aseprite.uasset" 893
"C:/Users/silve/OneDrive/Documents/Unreal Projects/MightyHero/Content/Assets/Sprites/Skins/MCFemale/Frames/Character_Fem__Fall_3_aseprite.uexp" 894
"C:/Users/silve/OneDrive/Documents/Unreal Projects/MightyHero/Content/Assets/Sprites/Skins/MCFemale/Frames/Character_Fem__Fall_0_aseprite.uasset" 895
"C:/Users/silve/OneDrive/Documents/Unreal Projects/MightyHero/Content/Assets/Sprites/Skins/MCFemale/Frames/Character_Fem__Fall_0_aseprite.uexp" 896
"C:/Users/silve/OneDrive/Documents/Unreal Projects/MightyHero/Content/Assets/Sprites/Skins/MCFemale/Character_Fem__Fall.uasset" 897
"C:/Users/silve/OneDrive/Documents/Unreal Projects/MightyHero/Content/Assets/Sprites/Skins/MCFemale/Character_Fem__Fall.uexp" 898
"C:/Users/silve/OneDrive/Documents/Unreal Projects/MightyHero/Content/Assets/Sprites/Skins/MCFemale/AnimSequences/Fall.uasset" 899
"C:/Users/silve/OneDrive/Documents/Unreal Projects/MightyHero/Content/Assets/Sprites/Skins/MCFemale/AnimSequences/Fall.uexp" 900
"C:/Users/silve/OneDrive/Documents/Unreal Projects/MightyHero/Content/Assets/Sprites/Skins/MCFemale/Frames/Character_Fem__Strike_3_aseprite.uasset" 901
"C:/Users/silve/OneDrive/Documents/Unreal Projects/MightyHero/Content/Assets/Sprites/Skins/MCFemale/Frames/Character_Fem__Strike_3_aseprite.uexp" 902
"C:/Users/silve/OneDrive/Documents/Unreal Projects/MightyHero/Content/Assets/Sprites/Skins/MCFemale/Frames/Character_Fem__Strike_1_aseprite.uasset" 903
"C:/Users/silve/OneDrive/Documents/Unreal Projects/MightyHero/Content/Assets/Sprites/Skins/MCFemale/Frames/Character_Fem__Strike_1_aseprite.uexp" 904
"C:/Users/silve/OneDrive/Documents/Unreal Projects/MightyHero/Content/Assets/Sprites/Skins/MCFemale/Frames/Character_Fem__Strike_0_aseprite.uasset" 905
"C:/Users/silve/OneDrive/Documents/Unreal Projects/MightyHero/Content/Assets/Sprites/Skins/MCFemale/Frames/Character_Fem__Strike_0_aseprite.uexp" 906
"C:/Users/silve/OneDrive/Documents/Unreal Projects/MightyHero/Content/Assets/Sprites/Skins/MCFemale/Frames/Character_Fem__Strike_2_aseprite.uasset" 907
"C:/Users/silve/OneDrive/Documents/Unreal Projects/MightyHero/Content/Assets/Sprites/Skins/MCFemale/Frames/Character_Fem__Strike_2_aseprite.uexp" 908
"C:/Users/silve/OneDrive/Documents/Unreal Projects/MightyHero/Content/Assets/Sprites/Skins/MCFemale/Character_Fem__Strike.uasset" 909
"C:/Users/silve/OneDrive/Documents/Unreal Projects/MightyHero/Content/Assets/Sprites/Skins/MCFemale/Character_Fem__Strike.uexp" 910
"C:/Users/silve/OneDrive/Documents/Unreal Projects/MightyHero/Content/Assets/Sprites/Skins/MCFemale/AnimSequences/Strike.uasset" 911
"C:/Users/silve/OneDrive/Documents/Unreal Projects/MightyHero/Content/Assets/Sprites/Skins/MCFemale/AnimSequences/Strike.uexp" 912
"C:/Users/silve/OneDrive/Documents/Unreal Projects/MightyHero/Content/Assets/Sprites/Skins/MCFemale/Frames/Character_Fem__Rise_1_aseprite.uasset" 913
"C:/Users/silve/OneDrive/Documents/Unreal Projects/MightyHero/Content/Assets/Sprites/Skins/MCFemale/Frames/Character_Fem__Rise_1_aseprite.uexp" 914
"C:/Users/silve/OneDrive/Documents/Unreal Projects/MightyHero/Content/Assets/Sprites/Skins/MCFemale/Frames/Character_Fem__Rise_0_aseprite.uasset" 915
"C:/Users/silve/OneDrive/Documents/Unreal Projects/MightyHero/Content/Assets/Sprites/Skins/MCFemale/Frames/Character_Fem__Rise_0_aseprite.uexp" 916
"C:/Users/silve/OneDrive/Documents/Unreal Projects/MightyHero/Content/Assets/Sprites/Skins/MCFemale/Frames/Character_Fem__Rise_2_aseprite.uasset" 917
"C:/Users/silve/OneDrive/Documents/Unreal Projects/MightyHero/Content/Assets/Sprites/Skins/MCFemale/Frames/Character_Fem__Rise_2_aseprite.uexp" 918
"C:/Users/silve/OneDrive/Documents/Unreal Projects/MightyHero/Content/Assets/Sprites/Skins/MCFemale/Frames/Character_Fem__Rise_3_aseprite.uasset" 919
"C:/Users/silve/OneDrive/Documents/Unreal Projects/MightyHero/Content/Assets/Sprites/Skins/MCFemale/Frames/Character_Fem__Rise_3_aseprite.uexp" 920
"C:/Users/silve/OneDrive/Documents/Unreal Projects/MightyHero/Content/Assets/Sprites/Skins/MCFemale/Character_Fem__Rise.uasset" 921
"C:/Users/silve/OneDrive/Documents/Unreal Projects/MightyHero/Content/Assets/Sprites/Skins/MCFemale/Character_Fem__Rise.uexp" 922
"C:/Users/silve/OneDrive/Documents/Unreal Projects/MightyHero/Content/Assets/Sprites/Skins/MCFemale/AnimSequences/Rise.uasset" 923
"C:/Users/silve/OneDrive/Documents/Unreal Projects/MightyHero/Content/Assets/Sprites/Skins/MCFemale/AnimSequences/Rise.uexp" 924
"C:/Users/silve/OneDrive/Documents/Unreal Projects/MightyHero/Content/Assets/Sprites/Skins/MCFemale/MC_Female_AnimBP.uasset" 925
"C:/Users/silve/OneDrive/Documents/Unreal Projects/MightyHero/Content/Assets/Sprites/Skins/MCFemale/MC_Female_AnimBP.uexp" 926
"C:/Users/silve/OneDrive/Documents/Unreal Projects/MightyHero/Content/Blueprints/Skins/BP_MC_Female.uasset" 927
"C:/Users/silve/OneDrive/Documents/Unreal Projects/MightyHero/Content/Blueprints/Skins/BP_MC_Female.uexp" 928
"C:/Users/silve/OneDrive/Documents/Unreal Projects/MightyHero/Content/Assets/Sprites/Skins/Citrullus/Melly_AnimSource.uasset" 929
"C:/Users/silve/OneDrive/Documents/Unreal Projects/MightyHero/Content/Assets/Sprites/Skins/Citrullus/Melly_AnimSource.uexp" 930
"C:/Users/silve/OneDrive/Documents/Unreal Projects/MightyHero/Content/Assets/Sprites/Skins/Citrullus/Textures/Citrullus.uasset" 931
"C:/Users/silve/OneDrive/Documents/Unreal Projects/MightyHero/Content/Assets/Sprites/Skins/Citrullus/Textures/Citrullus.uexp" 932
"C:/Users/silve/OneDrive/Documents/Unreal Projects/MightyHero/Content/Assets/Sprites/Skins/Citrullus/Frames/Citrullus__Fall_0_aseprite.uasset" 933
"C:/Users/silve/OneDrive/Documents/Unreal Projects/MightyHero/Content/Assets/Sprites/Skins/Citrullus/Frames/Citrullus__Fall_0_aseprite.uexp" 934
"C:/Users/silve/OneDrive/Documents/Unreal Projects/MightyHero/Content/Assets/Sprites/Skins/Citrullus/Frames/Citrullus__Fall_2_aseprite.uasset" 935
"C:/Users/silve/OneDrive/Documents/Unreal Projects/MightyHero/Content/Assets/Sprites/Skins/Citrullus/Frames/Citrullus__Fall_2_aseprite.uexp" 936
"C:/Users/silve/OneDrive/Documents/Unreal Projects/MightyHero/Content/Assets/Sprites/Skins/Citrullus/Frames/Citrullus__Fall_3_aseprite.uasset" 937
"C:/Users/silve/OneDrive/Documents/Unreal Projects/MightyHero/Content/Assets/Sprites/Skins/Citrullus/Frames/Citrullus__Fall_3_aseprite.uexp" 938
"C:/Users/silve/OneDrive/Documents/Unreal Projects/MightyHero/Content/Assets/Sprites/Skins/Citrullus/Frames/Citrullus__Fall_1_aseprite.uasset" 939
"C:/Users/silve/OneDrive/Documents/Unreal Projects/MightyHero/Content/Assets/Sprites/Skins/Citrullus/Frames/Citrullus__Fall_1_aseprite.uexp" 940
"C:/Users/silve/OneDrive/Documents/Unreal Projects/MightyHero/Content/Assets/Sprites/Skins/Citrullus/Citrullus__Fall.uasset" 941
"C:/Users/silve/OneDrive/Documents/Unreal Projects/MightyHero/Content/Assets/Sprites/Skins/Citrullus/Citrullus__Fall.uexp" 942
"C:/Users/silve/OneDrive/Documents/Unreal Projects/MightyHero/Content/Assets/Sprites/Skins/Citrullus/AnimSequences/Fall.uasset" 943
"C:/Users/silve/OneDrive/Documents/Unreal Projects/MightyHero/Content/Assets/Sprites/Skins/Citrullus/AnimSequences/Fall.uexp" 944
"C:/Users/silve/OneDrive/Documents/Unreal Projects/MightyHero/Content/Assets/Sprites/Skins/Citrullus/Frames/Citrullus__Rise_1_aseprite.uasset" 945
"C:/Users/silve/OneDrive/Documents/Unreal Projects/MightyHero/Content/Assets/Sprites/Skins/Citrullus/Frames/Citrullus__Rise_1_aseprite.uexp" 946
"C:/Users/silve/OneDrive/Documents/Unreal Projects/MightyHero/Content/Assets/Sprites/Skins/Citrullus/Frames/Citrullus__Rise_0_aseprite.uasset" 947
"C:/Users/silve/OneDrive/Documents/Unreal Projects/MightyHero/Content/Assets/Sprites/Skins/Citrullus/Frames/Citrullus__Rise_0_aseprite.uexp" 948
"C:/Users/silve/OneDrive/Documents/Unreal Projects/MightyHero/Content/Assets/Sprites/Skins/Citrullus/Frames/Citrullus__Rise_2_aseprite.uasset" 949
"C:/Users/silve/OneDrive/Documents/Unreal Projects/MightyHero/Content/Assets/Sprites/Skins/Citrullus/Frames/Citrullus__Rise_2_aseprite.uexp" 950
"C:/Users/silve/OneDrive/Documents/Unreal Projects/MightyHero/Content/Assets/Sprites/Skins/Citrullus/Frames/Citrullus__Rise_3_aseprite.uasset" 951
"C:/Users/silve/OneDrive/Documents/Unreal Projects/MightyHero/Content/Assets/Sprites/Skins/Citrullus/Frames/Citrullus__Rise_3_aseprite.uexp" 952
"C:/Users/silve/OneDrive/Documents/Unreal Projects/MightyHero/Content/Assets/Sprites/Skins/Citrullus/Citrullus__Rise.uasset" 953
"C:/Users/silve/OneDrive/Documents/Unreal Projects/MightyHero/Content/Assets/Sprites/Skins/Citrullus/Citrullus__Rise.uexp" 954
"C:/Users/silve/OneDrive/Documents/Unreal Projects/MightyHero/Content/Assets/Sprites/Skins/Citrullus/AnimSequences/Rise.uasset" 955
"C:/Users/silve/OneDrive/Documents/Unreal Projects/MightyHero/Content/Assets/Sprites/Skins/Citrullus/AnimSequences/Rise.uexp" 956
"C:/Users/silve/OneDrive/Documents/Unreal Projects/MightyHero/Content/Assets/Sprites/Skins/Citrullus/Frames/Citrullus__Sadness_3_aseprite.uasset" 957
"C:/Users/silve/OneDrive/Documents/Unreal Projects/MightyHero/Content/Assets/Sprites/Skins/Citrullus/Frames/Citrullus__Sadness_3_aseprite.uexp" 958
"C:/Users/silve/OneDrive/Documents/Unreal Projects/MightyHero/Content/Assets/Sprites/Skins/Citrullus/Frames/Citrullus__Sadness_1_aseprite.uasset" 959
"C:/Users/silve/OneDrive/Documents/Unreal Projects/MightyHero/Content/Assets/Sprites/Skins/Citrullus/Frames/Citrullus__Sadness_1_aseprite.uexp" 960
"C:/Users/silve/OneDrive/Documents/Unreal Projects/MightyHero/Content/Assets/Sprites/Skins/Citrullus/Frames/Citrullus__Sadness_0_aseprite.uasset" 961
"C:/Users/silve/OneDrive/Documents/Unreal Projects/MightyHero/Content/Assets/Sprites/Skins/Citrullus/Frames/Citrullus__Sadness_0_aseprite.uexp" 962
"C:/Users/silve/OneDrive/Documents/Unreal Projects/MightyHero/Content/Assets/Sprites/Skins/Citrullus/Frames/Citrullus__Sadness_4_aseprite.uasset" 963
"C:/Users/silve/OneDrive/Documents/Unreal Projects/MightyHero/Content/Assets/Sprites/Skins/Citrullus/Frames/Citrullus__Sadness_4_aseprite.uexp" 964
"C:/Users/silve/OneDrive/Documents/Unreal Projects/MightyHero/Content/Assets/Sprites/Skins/Citrullus/Frames/Citrullus__Sadness_2_aseprite.uasset" 965
"C:/Users/silve/OneDrive/Documents/Unreal Projects/MightyHero/Content/Assets/Sprites/Skins/Citrullus/Frames/Citrullus__Sadness_2_aseprite.uexp" 966
"C:/Users/silve/OneDrive/Documents/Unreal Projects/MightyHero/Content/Assets/Sprites/Skins/Citrullus/Citrullus__Sadness.uasset" 967
"C:/Users/silve/OneDrive/Documents/Unreal Projects/MightyHero/Content/Assets/Sprites/Skins/Citrullus/Citrullus__Sadness.uexp" 968
"C:/Users/silve/OneDrive/Documents/Unreal Projects/MightyHero/Content/Assets/Sprites/Skins/Citrullus/AnimSequences/Sad.uasset" 969
"C:/Users/silve/OneDrive/Documents/Unreal Projects/MightyHero/Content/Assets/Sprites/Skins/Citrullus/AnimSequences/Sad.uexp" 970
"C:/Users/silve/OneDrive/Documents/Unreal Projects/MightyHero/Content/Assets/Sprites/Skins/Citrullus/Frames/Citrullus__Strike_1_aseprite.uasset" 971
"C:/Users/silve/OneDrive/Documents/Unreal Projects/MightyHero/Content/Assets/Sprites/Skins/Citrullus/Frames/Citrullus__Strike_1_aseprite.uexp" 972
"C:/Users/silve/OneDrive/Documents/Unreal Projects/MightyHero/Content/Assets/Sprites/Skins/Citrullus/Frames/Citrullus__Strike_2_aseprite.uasset" 973
"C:/Users/silve/OneDrive/Documents/Unreal Projects/MightyHero/Content/Assets/Sprites/Skins/Citrullus/Frames/Citrullus__Strike_2_aseprite.uexp" 974
"C:/Users/silve/OneDrive/Documents/Unreal Projects/MightyHero/Content/Assets/Sprites/Skins/Citrullus/Frames/Citrullus__Strike_0_aseprite.uasset" 975
"C:/Users/silve/OneDrive/Documents/Unreal Projects/MightyHero/Content/Assets/Sprites/Skins/Citrullus/Frames/Citrullus__Strike_0_aseprite.uexp" 976
"C:/Users/silve/OneDrive/Documents/Unreal Projects/MightyHero/Content/Assets/Sprites/Skins/Citrullus/Frames/Citrullus__Strike_3_aseprite.uasset" 977
"C:/Users/silve/OneDrive/Documents/Unreal Projects/MightyHero/Content/Assets/Sprites/Skins/Citrullus/Frames/Citrullus__Strike_3_aseprite.uexp" 978
"C:/Users/silve/OneDrive/Documents/Unreal Projects/MightyHero/Content/Assets/Sprites/Skins/Citrullus/Citrullus__Strike.uasset" 979
"C:/Users/silve/OneDrive/Documents/Unreal Projects/MightyHero/Content/Assets/Sprites/Skins/Citrullus/Citrullus__Strike.uexp" 980
"C:/Users/silve/OneDrive/Documents/Unreal Projects/MightyHero/Content/Assets/Sprites/Skins/Citrullus/AnimSequences/Strike.uasset" 981
"C:/Users/silve/OneDrive/Documents/Unreal Projects/MightyHero/Content/Assets/Sprites/Skins/Citrullus/AnimSequences/Strike.uexp" 982
"C:/Users/silve/OneDrive/Documents/Unreal Projects/MightyHero/Content/Assets/Sprites/Skins/Citrullus/Frames/Citrullus__Idle_7_aseprite.uasset" 983
"C:/Users/silve/OneDrive/Documents/Unreal Projects/MightyHero/Content/Assets/Sprites/Skins/Citrullus/Frames/Citrullus__Idle_7_aseprite.uexp" 984
"C:/Users/silve/OneDrive/Documents/Unreal Projects/MightyHero/Content/Assets/Sprites/Skins/Citrullus/Frames/Citrullus__Idle_9_aseprite.uasset" 985
"C:/Users/silve/OneDrive/Documents/Unreal Projects/MightyHero/Content/Assets/Sprites/Skins/Citrullus/Frames/Citrullus__Idle_9_aseprite.uexp" 986
"C:/Users/silve/OneDrive/Documents/Unreal Projects/MightyHero/Content/Assets/Sprites/Skins/Citrullus/Frames/Citrullus__Idle_4_aseprite.uasset" 987
"C:/Users/silve/OneDrive/Documents/Unreal Projects/MightyHero/Content/Assets/Sprites/Skins/Citrullus/Frames/Citrullus__Idle_4_aseprite.uexp" 988
"C:/Users/silve/OneDrive/Documents/Unreal Projects/MightyHero/Content/Assets/Sprites/Skins/Citrullus/Frames/Citrullus__Idle_5_aseprite.uasset" 989
"C:/Users/silve/OneDrive/Documents/Unreal Projects/MightyHero/Content/Assets/Sprites/Skins/Citrullus/Frames/Citrullus__Idle_5_aseprite.uexp" 990
"C:/Users/silve/OneDrive/Documents/Unreal Projects/MightyHero/Content/Assets/Sprites/Skins/Citrullus/Frames/Citrullus__Idle_3_aseprite.uasset" 991
"C:/Users/silve/OneDrive/Documents/Unreal Projects/MightyHero/Content/Assets/Sprites/Skins/Citrullus/Frames/Citrullus__Idle_3_aseprite.uexp" 992
"C:/Users/silve/OneDrive/Documents/Unreal Projects/MightyHero/Content/Assets/Sprites/Skins/Citrullus/Frames/Citrullus__Idle_0_aseprite.uasset" 993
"C:/Users/silve/OneDrive/Documents/Unreal Projects/MightyHero/Content/Assets/Sprites/Skins/Citrullus/Frames/Citrullus__Idle_0_aseprite.uexp" 994
"C:/Users/silve/OneDrive/Documents/Unreal Projects/MightyHero/Content/Assets/Sprites/Skins/Citrullus/Frames/Citrullus__Idle_1_aseprite.uasset" 995
"C:/Users/silve/OneDrive/Documents/Unreal Projects/MightyHero/Content/Assets/Sprites/Skins/Citrullus/Frames/Citrullus__Idle_1_aseprite.uexp" 996
"C:/Users/silve/OneDrive/Documents/Unreal Projects/MightyHero/Content/Assets/Sprites/Skins/Citrullus/Frames/Citrullus__Idle_6_aseprite.uasset" 997
"C:/Users/silve/OneDrive/Documents/Unreal Projects/MightyHero/Content/Assets/Sprites/Skins/Citrullus/Frames/Citrullus__Idle_6_aseprite.uexp" 998
"C:/Users/silve/OneDrive/Documents/Unreal Projects/MightyHero/Content/Assets/Sprites/Skins/Citrullus/Frames/Citrullus__Idle_8_aseprite.uasset" 999
"C:/Users/silve/OneDrive/Documents/Unreal Projects/MightyHero/Content/Assets/Sprites/Skins/Citrullus/Frames/Citrullus__Idle_8_aseprite.uexp" 1000
"C:/Users/silve/OneDrive/Documents/Unreal Projects/MightyHero/Content/Assets/Sprites/Skins/Citrullus/Frames/Citrullus__Idle_2_aseprite.uasset" 1001
"C:/Users/silve/OneDrive/Documents/Unreal Projects/MightyHero/Content/Assets/Sprites/Skins/Citrullus/Frames/Citrullus__Idle_2_aseprite.uexp" 1002
"C:/Users/silve/OneDrive/Documents/Unreal Projects/MightyHero/Content/Assets/Sprites/Skins/Citrullus/Citrullus__Idle.uasset" 1003
"C:/Users/silve/OneDrive/Documents/Unreal Projects/MightyHero/Content/Assets/Sprites/Skins/Citrullus/Citrullus__Idle.uexp" 1004
"C:/Users/silve/OneDrive/Documents/Unreal Projects/MightyHero/Content/Assets/Sprites/Skins/Citrullus/AnimSequences/Idle.uasset" 1005
"C:/Users/silve/OneDrive/Documents/Unreal Projects/MightyHero/Content/Assets/Sprites/Skins/Citrullus/AnimSequences/Idle.uexp" 1006
"C:/Users/silve/OneDrive/Documents/Unreal Projects/MightyHero/Content/Assets/Sprites/Skins/Citrullus/ABP_Melly.uasset" 1007
"C:/Users/silve/OneDrive/Documents/Unreal Projects/MightyHero/Content/Assets/Sprites/Skins/Citrullus/ABP_Melly.uexp" 1008
"C:/Users/silve/OneDrive/Documents/Unreal Projects/MightyHero/Content/Blueprints/Skins/BP_Melly.uasset" 1009
"C:/Users/silve/OneDrive/Documents/Unreal Projects/MightyHero/Content/Blueprints/Skins/BP_Melly.uexp" 1010
"C:/Users/silve/OneDrive/Documents/Unreal Projects/MightyHero/Content/Assets/Sprites/Skins/Pandora/Textures/Pandora.uasset" 1011
"C:/Users/silve/OneDrive/Documents/Unreal Projects/MightyHero/Content/Assets/Sprites/Skins/Pandora/Textures/Pandora.uexp" 1012
"C:/Users/silve/OneDrive/Documents/Unreal Projects/MightyHero/Content/Assets/Sprites/Skins/Pandora/Frames/Pandora__Fall_3_aseprite.uasset" 1013
"C:/Users/silve/OneDrive/Documents/Unreal Projects/MightyHero/Content/Assets/Sprites/Skins/Pandora/Frames/Pandora__Fall_3_aseprite.uexp" 1014
"C:/Users/silve/OneDrive/Documents/Unreal Projects/MightyHero/Content/Assets/Sprites/Skins/Pandora/Frames/Pandora__Fall_1_aseprite.uasset" 1015
"C:/Users/silve/OneDrive/Documents/Unreal Projects/MightyHero/Content/Assets/Sprites/Skins/Pandora/Frames/Pandora__Fall_1_aseprite.uexp" 1016
"C:/Users/silve/OneDrive/Documents/Unreal Projects/MightyHero/Content/Assets/Sprites/Skins/Pandora/Frames/Pandora__Fall_2_aseprite.uasset" 1017
"C:/Users/silve/OneDrive/Documents/Unreal Projects/MightyHero/Content/Assets/Sprites/Skins/Pandora/Frames/Pandora__Fall_2_aseprite.uexp" 1018
"C:/Users/silve/OneDrive/Documents/Unreal Projects/MightyHero/Content/Assets/Sprites/Skins/Pandora/Frames/Pandora__Fall_0_aseprite.uasset" 1019
"C:/Users/silve/OneDrive/Documents/Unreal Projects/MightyHero/Content/Assets/Sprites/Skins/Pandora/Frames/Pandora__Fall_0_aseprite.uexp" 1020
"C:/Users/silve/OneDrive/Documents/Unreal Projects/MightyHero/Content/Assets/Sprites/Skins/Pandora/Pandora__Fall.uasset" 1021
"C:/Users/silve/OneDrive/Documents/Unreal Projects/MightyHero/Content/Assets/Sprites/Skins/Pandora/Pandora__Fall.uexp" 1022
"C:/Users/silve/OneDrive/Documents/Unreal Projects/MightyHero/Content/Assets/Sprites/Skins/Pandora/Pandora_AnimSource.uasset" 1023
"C:/Users/silve/OneDrive/Documents/Unreal Projects/MightyHero/Content/Assets/Sprites/Skins/Pandora/Pandora_AnimSource.uexp" 1024
"C:/Users/silve/OneDrive/Documents/Unreal Projects/MightyHero/Content/Assets/Sprites/Skins/Pandora/Frames/Pandora__Rise_0_aseprite.uasset" 1025
"C:/Users/silve/OneDrive/Documents/Unreal Projects/MightyHero/Content/Assets/Sprites/Skins/Pandora/Frames/Pandora__Rise_0_aseprite.uexp" 1026
"C:/Users/silve/OneDrive/Documents/Unreal Projects/MightyHero/Content/Assets/Sprites/Skins/Pandora/Frames/Pandora__Rise_1_aseprite.uasset" 1027
"C:/Users/silve/OneDrive/Documents/Unreal Projects/MightyHero/Content/Assets/Sprites/Skins/Pandora/Frames/Pandora__Rise_1_aseprite.uexp" 1028
"C:/Users/silve/OneDrive/Documents/Unreal Projects/MightyHero/Content/Assets/Sprites/Skins/Pandora/Frames/Pandora__Rise_2_aseprite.uasset" 1029
"C:/Users/silve/OneDrive/Documents/Unreal Projects/MightyHero/Content/Assets/Sprites/Skins/Pandora/Frames/Pandora__Rise_2_aseprite.uexp" 1030
"C:/Users/silve/OneDrive/Documents/Unreal Projects/MightyHero/Content/Assets/Sprites/Skins/Pandora/Frames/Pandora__Rise_3_aseprite.uasset" 1031
"C:/Users/silve/OneDrive/Documents/Unreal Projects/MightyHero/Content/Assets/Sprites/Skins/Pandora/Frames/Pandora__Rise_3_aseprite.uexp" 1032
"C:/Users/silve/OneDrive/Documents/Unreal Projects/MightyHero/Content/Assets/Sprites/Skins/Pandora/Pandora__Rise.uasset" 1033
"C:/Users/silve/OneDrive/Documents/Unreal Projects/MightyHero/Content/Assets/Sprites/Skins/Pandora/Pandora__Rise.uexp" 1034
"C:/Users/silve/OneDrive/Documents/Unreal Projects/MightyHero/Content/Assets/Sprites/Skins/Pandora/AnimSequences/Fall.uasset" 1035
"C:/Users/silve/OneDrive/Documents/Unreal Projects/MightyHero/Content/Assets/Sprites/Skins/Pandora/AnimSequences/Fall.uexp" 1036
"C:/Users/silve/OneDrive/Documents/Unreal Projects/MightyHero/Content/Assets/Sprites/Skins/Pandora/Frames/Pandora__Idle_7_aseprite.uasset" 1037
"C:/Users/silve/OneDrive/Documents/Unreal Projects/MightyHero/Content/Assets/Sprites/Skins/Pandora/Frames/Pandora__Idle_7_aseprite.uexp" 1038
"C:/Users/silve/OneDrive/Documents/Unreal Projects/MightyHero/Content/Assets/Sprites/Skins/Pandora/Frames/Pandora__Idle_4_aseprite.uasset" 1039
"C:/Users/silve/OneDrive/Documents/Unreal Projects/MightyHero/Content/Assets/Sprites/Skins/Pandora/Frames/Pandora__Idle_4_aseprite.uexp" 1040
"C:/Users/silve/OneDrive/Documents/Unreal Projects/MightyHero/Content/Assets/Sprites/Skins/Pandora/Frames/Pandora__Idle_5_aseprite.uasset" 1041
"C:/Users/silve/OneDrive/Documents/Unreal Projects/MightyHero/Content/Assets/Sprites/Skins/Pandora/Frames/Pandora__Idle_5_aseprite.uexp" 1042
"C:/Users/silve/OneDrive/Documents/Unreal Projects/MightyHero/Content/Assets/Sprites/Skins/Pandora/Frames/Pandora__Idle_3_aseprite.uasset" 1043
"C:/Users/silve/OneDrive/Documents/Unreal Projects/MightyHero/Content/Assets/Sprites/Skins/Pandora/Frames/Pandora__Idle_3_aseprite.uexp" 1044
"C:/Users/silve/OneDrive/Documents/Unreal Projects/MightyHero/Content/Assets/Sprites/Skins/Pandora/Frames/Pandora__Idle_1_aseprite.uasset" 1045
"C:/Users/silve/OneDrive/Documents/Unreal Projects/MightyHero/Content/Assets/Sprites/Skins/Pandora/Frames/Pandora__Idle_1_aseprite.uexp" 1046
"C:/Users/silve/OneDrive/Documents/Unreal Projects/MightyHero/Content/Assets/Sprites/Skins/Pandora/Frames/Pandora__Idle_8_aseprite.uasset" 1047
"C:/Users/silve/OneDrive/Documents/Unreal Projects/MightyHero/Content/Assets/Sprites/Skins/Pandora/Frames/Pandora__Idle_8_aseprite.uexp" 1048
"C:/Users/silve/OneDrive/Documents/Unreal Projects/MightyHero/Content/Assets/Sprites/Skins/Pandora/Frames/Pandora__Idle_6_aseprite.uasset" 1049
"C:/Users/silve/OneDrive/Documents/Unreal Projects/MightyHero/Content/Assets/Sprites/Skins/Pandora/Frames/Pandora__Idle_6_aseprite.uexp" 1050
"C:/Users/silve/OneDrive/Documents/Unreal Projects/MightyHero/Content/Assets/Sprites/Skins/Pandora/Frames/Pandora__Idle_2_aseprite.uasset" 1051
"C:/Users/silve/OneDrive/Documents/Unreal Projects/MightyHero/Content/Assets/Sprites/Skins/Pandora/Frames/Pandora__Idle_2_aseprite.uexp" 1052
"C:/Users/silve/OneDrive/Documents/Unreal Projects/MightyHero/Content/Assets/Sprites/Skins/Pandora/Frames/Pandora__Idle_0_aseprite.uasset" 1053
"C:/Users/silve/OneDrive/Documents/Unreal Projects/MightyHero/Content/Assets/Sprites/Skins/Pandora/Frames/Pandora__Idle_0_aseprite.uexp" 1054
"C:/Users/silve/OneDrive/Documents/Unreal Projects/MightyHero/Content/Assets/Sprites/Skins/Pandora/Frames/Pandora__Idle_9_aseprite.uasset" 1055
"C:/Users/silve/OneDrive/Documents/Unreal Projects/MightyHero/Content/Assets/Sprites/Skins/Pandora/Frames/Pandora__Idle_9_aseprite.uexp" 1056
"C:/Users/silve/OneDrive/Documents/Unreal Projects/MightyHero/Content/Assets/Sprites/Skins/Pandora/Pandora__Idle.uasset" 1057
"C:/Users/silve/OneDrive/Documents/Unreal Projects/MightyHero/Content/Assets/Sprites/Skins/Pandora/Pandora__Idle.uexp" 1058
"C:/Users/silve/OneDrive/Documents/Unreal Projects/MightyHero/Content/Assets/Sprites/Skins/Pandora/AnimSequences/Idle.uasset" 1059
"C:/Users/silve/OneDrive/Documents/Unreal Projects/MightyHero/Content/Assets/Sprites/Skins/Pandora/AnimSequences/Idle.uexp" 1060
"C:/Users/silve/OneDrive/Documents/Unreal Projects/MightyHero/Content/Assets/Sprites/Skins/Pandora/Frames/Pandora__Strike_0_aseprite.uasset" 1061
"C:/Users/silve/OneDrive/Documents/Unreal Projects/MightyHero/Content/Assets/Sprites/Skins/Pandora/Frames/Pandora__Strike_0_aseprite.uexp" 1062
"C:/Users/silve/OneDrive/Documents/Unreal Projects/MightyHero/Content/Assets/Sprites/Skins/Pandora/Frames/Pandora__Strike_1_aseprite.uasset" 1063
"C:/Users/silve/OneDrive/Documents/Unreal Projects/MightyHero/Content/Assets/Sprites/Skins/Pandora/Frames/Pandora__Strike_1_aseprite.uexp" 1064
"C:/Users/silve/OneDrive/Documents/Unreal Projects/MightyHero/Content/Assets/Sprites/Skins/Pandora/Frames/Pandora__Strike_2_aseprite.uasset" 1065
"C:/Users/silve/OneDrive/Documents/Unreal Projects/MightyHero/Content/Assets/Sprites/Skins/Pandora/Frames/Pandora__Strike_2_aseprite.uexp" 1066
"C:/Users/silve/OneDrive/Documents/Unreal Projects/MightyHero/Content/Assets/Sprites/Skins/Pandora/Frames/Pandora__Strike_3_aseprite.uasset" 1067
"C:/Users/silve/OneDrive/Documents/Unreal Projects/MightyHero/Content/Assets/Sprites/Skins/Pandora/Frames/Pandora__Strike_3_aseprite.uexp" 1068
"C:/Users/silve/OneDrive/Documents/Unreal Projects/MightyHero/Content/Assets/Sprites/Skins/Pandora/Pandora__Strike.uasset" 1069
"C:/Users/silve/OneDrive/Documents/Unreal Projects/MightyHero/Content/Assets/Sprites/Skins/Pandora/Pandora__Strike.uexp" 1070
"C:/Users/silve/OneDrive/Documents/Unreal Projects/MightyHero/Content/Assets/Sprites/Skins/Pandora/AnimSequences/Strike.uasset" 1071
"C:/Users/silve/OneDrive/Documents/Unreal Projects/MightyHero/Content/Assets/Sprites/Skins/Pandora/AnimSequences/Strike.uexp" 1072
"C:/Users/silve/OneDrive/Documents/Unreal Projects/MightyHero/Content/Assets/Sprites/Skins/Pandora/Frames/Pandora__Sadness_3_aseprite.uasset" 1073
"C:/Users/silve/OneDrive/Documents/Unreal Projects/MightyHero/Content/Assets/Sprites/Skins/Pandora/Frames/Pandora__Sadness_3_aseprite.uexp" 1074
"C:/Users/silve/OneDrive/Documents/Unreal Projects/MightyHero/Content/Assets/Sprites/Skins/Pandora/Frames/Pandora__Sadness_1_aseprite.uasset" 1075
"C:/Users/silve/OneDrive/Documents/Unreal Projects/MightyHero/Content/Assets/Sprites/Skins/Pandora/Frames/Pandora__Sadness_1_aseprite.uexp" 1076
"C:/Users/silve/OneDrive/Documents/Unreal Projects/MightyHero/Content/Assets/Sprites/Skins/Pandora/Frames/Pandora__Sadness_2_aseprite.uasset" 1077
"C:/Users/silve/OneDrive/Documents/Unreal Projects/MightyHero/Content/Assets/Sprites/Skins/Pandora/Frames/Pandora__Sadness_2_aseprite.uexp" 1078
"C:/Users/silve/OneDrive/Documents/Unreal Projects/MightyHero/Content/Assets/Sprites/Skins/Pandora/Frames/Pandora__Sadness_0_aseprite.uasset" 1079
"C:/Users/silve/OneDrive/Documents/Unreal Projects/MightyHero/Content/Assets/Sprites/Skins/Pandora/Frames/Pandora__Sadness_0_aseprite.uexp" 1080
"C:/Users/silve/OneDrive/Documents/Unreal Projects/MightyHero/Content/Assets/Sprites/Skins/Pandora/Frames/Pandora__Sadness_4_aseprite.uasset" 1081
"C:/Users/silve/OneDrive/Documents/Unreal Projects/MightyHero/Content/Assets/Sprites/Skins/Pandora/Frames/Pandora__Sadness_4_aseprite.uexp" 1082
"C:/Users/silve/OneDrive/Documents/Unreal Projects/MightyHero/Content/Assets/Sprites/Skins/Pandora/Pandora__Sadness.uasset" 1083
"C:/Users/silve/OneDrive/Documents/Unreal Projects/MightyHero/Content/Assets/Sprites/Skins/Pandora/Pandora__Sadness.uexp" 1084
"C:/Users/silve/OneDrive/Documents/Unreal Projects/MightyHero/Content/Assets/Sprites/Skins/Pandora/AnimSequences/Sad.uasset" 1085
"C:/Users/silve/OneDrive/Documents/Unreal Projects/MightyHero/Content/Assets/Sprites/Skins/Pandora/AnimSequences/Sad.uexp" 1086
"C:/Users/silve/OneDrive/Documents/Unreal Projects/MightyHero/Content/Assets/Sprites/Skins/Pandora/AnimSequences/Rise.uasset" 1087
"C:/Users/silve/OneDrive/Documents/Unreal Projects/MightyHero/Content/Assets/Sprites/Skins/Pandora/AnimSequences/Rise.uexp" 1088
"C:/Users/silve/OneDrive/Documents/Unreal Projects/MightyHero/Content/Assets/Sprites/Skins/Pandora/ABP_Pandora.uasset" 1089
"C:/Users/silve/OneDrive/Documents/Unreal Projects/MightyHero/Content/Assets/Sprites/Skins/Pandora/ABP_Pandora.uexp" 1090
"C:/Users/silve/OneDrive/Documents/Unreal Projects/MightyHero/Content/Blueprints/Skins/BP_Pandora.uasset" 1091
"C:/Users/silve/OneDrive/Documents/Unreal Projects/MightyHero/Content/Blueprints/Skins/BP_Pandora.uexp" 1092
"C:/Users/silve/OneDrive/Documents/Unreal Projects/MightyHero/Content/Assets/Sprites/Skins/Melony/Melony_AnimSource.uasset" 1093
"C:/Users/silve/OneDrive/Documents/Unreal Projects/MightyHero/Content/Assets/Sprites/Skins/Melony/Melony_AnimSource.uexp" 1094
"C:/Users/silve/OneDrive/Documents/Unreal Projects/MightyHero/Content/Assets/Sprites/Skins/Melony/Textures/Melony.uasset" 1095
"C:/Users/silve/OneDrive/Documents/Unreal Projects/MightyHero/Content/Assets/Sprites/Skins/Melony/Textures/Melony.uexp" 1096
"C:/Users/silve/OneDrive/Documents/Unreal Projects/MightyHero/Content/Assets/Sprites/Skins/Melony/Frames/Melony__Sadness_2_aseprite.uasset" 1097
"C:/Users/silve/OneDrive/Documents/Unreal Projects/MightyHero/Content/Assets/Sprites/Skins/Melony/Frames/Melony__Sadness_2_aseprite.uexp" 1098
"C:/Users/silve/OneDrive/Documents/Unreal Projects/MightyHero/Content/Assets/Sprites/Skins/Melony/Frames/Melony__Sadness_1_aseprite.uasset" 1099
"C:/Users/silve/OneDrive/Documents/Unreal Projects/MightyHero/Content/Assets/Sprites/Skins/Melony/Frames/Melony__Sadness_1_aseprite.uexp" 1100
"C:/Users/silve/OneDrive/Documents/Unreal Projects/MightyHero/Content/Assets/Sprites/Skins/Melony/Frames/Melony__Sadness_0_aseprite.uasset" 1101
"C:/Users/silve/OneDrive/Documents/Unreal Projects/MightyHero/Content/Assets/Sprites/Skins/Melony/Frames/Melony__Sadness_0_aseprite.uexp" 1102
"C:/Users/silve/OneDrive/Documents/Unreal Projects/MightyHero/Content/Assets/Sprites/Skins/Melony/Frames/Melony__Sadness_4_aseprite.uasset" 1103
"C:/Users/silve/OneDrive/Documents/Unreal Projects/MightyHero/Content/Assets/Sprites/Skins/Melony/Frames/Melony__Sadness_4_aseprite.uexp" 1104
"C:/Users/silve/OneDrive/Documents/Unreal Projects/MightyHero/Content/Assets/Sprites/Skins/Melony/Frames/Melony__Sadness_3_aseprite.uasset" 1105
"C:/Users/silve/OneDrive/Documents/Unreal Projects/MightyHero/Content/Assets/Sprites/Skins/Melony/Frames/Melony__Sadness_3_aseprite.uexp" 1106
"C:/Users/silve/OneDrive/Documents/Unreal Projects/MightyHero/Content/Assets/Sprites/Skins/Melony/Melony__Sadness.uasset" 1107
"C:/Users/silve/OneDrive/Documents/Unreal Projects/MightyHero/Content/Assets/Sprites/Skins/Melony/Melony__Sadness.uexp" 1108
"C:/Users/silve/OneDrive/Documents/Unreal Projects/MightyHero/Content/Assets/Sprites/Skins/Melony/AnimSequences/Sad.uasset" 1109
"C:/Users/silve/OneDrive/Documents/Unreal Projects/MightyHero/Content/Assets/Sprites/Skins/Melony/AnimSequences/Sad.uexp" 1110
"C:/Users/silve/OneDrive/Documents/Unreal Projects/MightyHero/Content/Assets/Sprites/Skins/Melony/Frames/Melony__Idle_2_aseprite.uasset" 1111
"C:/Users/silve/OneDrive/Documents/Unreal Projects/MightyHero/Content/Assets/Sprites/Skins/Melony/Frames/Melony__Idle_2_aseprite.uexp" 1112
"C:/Users/silve/OneDrive/Documents/Unreal Projects/MightyHero/Content/Assets/Sprites/Skins/Melony/Frames/Melony__Idle_9_aseprite.uasset" 1113
"C:/Users/silve/OneDrive/Documents/Unreal Projects/MightyHero/Content/Assets/Sprites/Skins/Melony/Frames/Melony__Idle_9_aseprite.uexp" 1114
"C:/Users/silve/OneDrive/Documents/Unreal Projects/MightyHero/Content/Assets/Sprites/Skins/Melony/Frames/Melony__Idle_5_aseprite.uasset" 1115
"C:/Users/silve/OneDrive/Documents/Unreal Projects/MightyHero/Content/Assets/Sprites/Skins/Melony/Frames/Melony__Idle_5_aseprite.uexp" 1116
"C:/Users/silve/OneDrive/Documents/Unreal Projects/MightyHero/Content/Assets/Sprites/Skins/Melony/Frames/Melony__Idle_0_aseprite.uasset" 1117
"C:/Users/silve/OneDrive/Documents/Unreal Projects/MightyHero/Content/Assets/Sprites/Skins/Melony/Frames/Melony__Idle_0_aseprite.uexp" 1118
"C:/Users/silve/OneDrive/Documents/Unreal Projects/MightyHero/Content/Assets/Sprites/Skins/Melony/Frames/Melony__Idle_6_aseprite.uasset" 1119
"C:/Users/silve/OneDrive/Documents/Unreal Projects/MightyHero/Content/Assets/Sprites/Skins/Melony/Frames/Melony__Idle_6_aseprite.uexp" 1120
"C:/Users/silve/OneDrive/Documents/Unreal Projects/MightyHero/Content/Assets/Sprites/Skins/Melony/Frames/Melony__Idle_8_aseprite.uasset" 1121
"C:/Users/silve/OneDrive/Documents/Unreal Projects/MightyHero/Content/Assets/Sprites/Skins/Melony/Frames/Melony__Idle_8_aseprite.uexp" 1122
"C:/Users/silve/OneDrive/Documents/Unreal Projects/MightyHero/Content/Assets/Sprites/Skins/Melony/Frames/Melony__Idle_7_aseprite.uasset" 1123
"C:/Users/silve/OneDrive/Documents/Unreal Projects/MightyHero/Content/Assets/Sprites/Skins/Melony/Frames/Melony__Idle_7_aseprite.uexp" 1124
"C:/Users/silve/OneDrive/Documents/Unreal Projects/MightyHero/Content/Assets/Sprites/Skins/Melony/Frames/Melony__Idle_3_aseprite.uasset" 1125
"C:/Users/silve/OneDrive/Documents/Unreal Projects/MightyHero/Content/Assets/Sprites/Skins/Melony/Frames/Melony__Idle_3_aseprite.uexp" 1126
"C:/Users/silve/OneDrive/Documents/Unreal Projects/MightyHero/Content/Assets/Sprites/Skins/Melony/Frames/Melony__Idle_4_aseprite.uasset" 1127
"C:/Users/silve/OneDrive/Documents/Unreal Projects/MightyHero/Content/Assets/Sprites/Skins/Melony/Frames/Melony__Idle_4_aseprite.uexp" 1128
"C:/Users/silve/OneDrive/Documents/Unreal Projects/MightyHero/Content/Assets/Sprites/Skins/Melony/Frames/Melony__Idle_1_aseprite.uasset" 1129
"C:/Users/silve/OneDrive/Documents/Unreal Projects/MightyHero/Content/Assets/Sprites/Skins/Melony/Frames/Melony__Idle_1_aseprite.uexp" 1130
"C:/Users/silve/OneDrive/Documents/Unreal Projects/MightyHero/Content/Assets/Sprites/Skins/Melony/Melony__Idle.uasset" 1131
"C:/Users/silve/OneDrive/Documents/Unreal Projects/MightyHero/Content/Assets/Sprites/Skins/Melony/Melony__Idle.uexp" 1132
"C:/Users/silve/OneDrive/Documents/Unreal Projects/MightyHero/Content/Assets/Sprites/Skins/Melony/AnimSequences/Idle.uasset" 1133
"C:/Users/silve/OneDrive/Documents/Unreal Projects/MightyHero/Content/Assets/Sprites/Skins/Melony/AnimSequences/Idle.uexp" 1134
"C:/Users/silve/OneDrive/Documents/Unreal Projects/MightyHero/Content/Assets/Sprites/Skins/Melony/Frames/Melony__Strike_2_aseprite.uasset" 1135
"C:/Users/silve/OneDrive/Documents/Unreal Projects/MightyHero/Content/Assets/Sprites/Skins/Melony/Frames/Melony__Strike_2_aseprite.uexp" 1136
"C:/Users/silve/OneDrive/Documents/Unreal Projects/MightyHero/Content/Assets/Sprites/Skins/Melony/Frames/Melony__Strike_3_aseprite.uasset" 1137
"C:/Users/silve/OneDrive/Documents/Unreal Projects/MightyHero/Content/Assets/Sprites/Skins/Melony/Frames/Melony__Strike_3_aseprite.uexp" 1138
"C:/Users/silve/OneDrive/Documents/Unreal Projects/MightyHero/Content/Assets/Sprites/Skins/Melony/Frames/Melony__Strike_0_aseprite.uasset" 1139
"C:/Users/silve/OneDrive/Documents/Unreal Projects/MightyHero/Content/Assets/Sprites/Skins/Melony/Frames/Melony__Strike_0_aseprite.uexp" 1140
"C:/Users/silve/OneDrive/Documents/Unreal Projects/MightyHero/Content/Assets/Sprites/Skins/Melony/Frames/Melony__Strike_1_aseprite.uasset" 1141
"C:/Users/silve/OneDrive/Documents/Unreal Projects/MightyHero/Content/Assets/Sprites/Skins/Melony/Frames/Melony__Strike_1_aseprite.uexp" 1142
"C:/Users/silve/OneDrive/Documents/Unreal Projects/MightyHero/Content/Assets/Sprites/Skins/Melony/Melony__Strike.uasset" 1143
"C:/Users/silve/OneDrive/Documents/Unreal Projects/MightyHero/Content/Assets/Sprites/Skins/Melony/Melony__Strike.uexp" 1144
"C:/Users/silve/OneDrive/Documents/Unreal Projects/MightyHero/Content/Assets/Sprites/Skins/Melony/AnimSequences/Strike.uasset" 1145
"C:/Users/silve/OneDrive/Documents/Unreal Projects/MightyHero/Content/Assets/Sprites/Skins/Melony/AnimSequences/Strike.uexp" 1146
"C:/Users/silve/OneDrive/Documents/Unreal Projects/MightyHero/Content/Assets/Sprites/Skins/Melony/Frames/Melony__Fall_3_aseprite.uasset" 1147
"C:/Users/silve/OneDrive/Documents/Unreal Projects/MightyHero/Content/Assets/Sprites/Skins/Melony/Frames/Melony__Fall_3_aseprite.uexp" 1148
"C:/Users/silve/OneDrive/Documents/Unreal Projects/MightyHero/Content/Assets/Sprites/Skins/Melony/Frames/Melony__Fall_0_aseprite.uasset" 1149
"C:/Users/silve/OneDrive/Documents/Unreal Projects/MightyHero/Content/Assets/Sprites/Skins/Melony/Frames/Melony__Fall_0_aseprite.uexp" 1150
"C:/Users/silve/OneDrive/Documents/Unreal Projects/MightyHero/Content/Assets/Sprites/Skins/Melony/Frames/Melony__Fall_2_aseprite.uasset" 1151
"C:/Users/silve/OneDrive/Documents/Unreal Projects/MightyHero/Content/Assets/Sprites/Skins/Melony/Frames/Melony__Fall_2_aseprite.uexp" 1152
"C:/Users/silve/OneDrive/Documents/Unreal Projects/MightyHero/Content/Assets/Sprites/Skins/Melony/Frames/Melony__Fall_1_aseprite.uasset" 1153
"C:/Users/silve/OneDrive/Documents/Unreal Projects/MightyHero/Content/Assets/Sprites/Skins/Melony/Frames/Melony__Fall_1_aseprite.uexp" 1154
"C:/Users/silve/OneDrive/Documents/Unreal Projects/MightyHero/Content/Assets/Sprites/Skins/Melony/Melony__Fall.uasset" 1155
"C:/Users/silve/OneDrive/Documents/Unreal Projects/MightyHero/Content/Assets/Sprites/Skins/Melony/Melony__Fall.uexp" 1156
"C:/Users/silve/OneDrive/Documents/Unreal Projects/MightyHero/Content/Assets/Sprites/Skins/Melony/AnimSequences/Fall.uasset" 1157
"C:/Users/silve/OneDrive/Documents/Unreal Projects/MightyHero/Content/Assets/Sprites/Skins/Melony/AnimSequences/Fall.uexp" 1158
"C:/Users/silve/OneDrive/Documents/Unreal Projects/MightyHero/Content/Assets/Sprites/Skins/Melony/Frames/Melony__Rise_3_aseprite.uasset" 1159
"C:/Users/silve/OneDrive/Documents/Unreal Projects/MightyHero/Content/Assets/Sprites/Skins/Melony/Frames/Melony__Rise_3_aseprite.uexp" 1160
"C:/Users/silve/OneDrive/Documents/Unreal Projects/MightyHero/Content/Assets/Sprites/Skins/Melony/Frames/Melony__Rise_2_aseprite.uasset" 1161
"C:/Users/silve/OneDrive/Documents/Unreal Projects/MightyHero/Content/Assets/Sprites/Skins/Melony/Frames/Melony__Rise_2_aseprite.uexp" 1162
"C:/Users/silve/OneDrive/Documents/Unreal Projects/MightyHero/Content/Assets/Sprites/Skins/Melony/Frames/Melony__Rise_0_aseprite.uasset" 1163
"C:/Users/silve/OneDrive/Documents/Unreal Projects/MightyHero/Content/Assets/Sprites/Skins/Melony/Frames/Melony__Rise_0_aseprite.uexp" 1164
"C:/Users/silve/OneDrive/Documents/Unreal Projects/MightyHero/Content/Assets/Sprites/Skins/Melony/Frames/Melony__Rise_1_aseprite.uasset" 1165
"C:/Users/silve/OneDrive/Documents/Unreal Projects/MightyHero/Content/Assets/Sprites/Skins/Melony/Frames/Melony__Rise_1_aseprite.uexp" 1166
"C:/Users/silve/OneDrive/Documents/Unreal Projects/MightyHero/Content/Assets/Sprites/Skins/Melony/Melony__Rise.uasset" 1167
"C:/Users/silve/OneDrive/Documents/Unreal Projects/MightyHero/Content/Assets/Sprites/Skins/Melony/Melony__Rise.uexp" 1168
"C:/Users/silve/OneDrive/Documents/Unreal Projects/MightyHero/Content/Assets/Sprites/Skins/Melony/AnimSequences/Rise.uasset" 1169
"C:/Users/silve/OneDrive/Documents/Unreal Projects/MightyHero/Content/Assets/Sprites/Skins/Melony/AnimSequences/Rise.uexp" 1170
"C:/Users/silve/OneDrive/Documents/Unreal Projects/MightyHero/Content/Assets/Sprites/Skins/Melony/ABP_Melony.uasset" 1171
"C:/Users/silve/OneDrive/Documents/Unreal Projects/MightyHero/Content/Assets/Sprites/Skins/Melony/ABP_Melony.uexp" 1172
"C:/Users/silve/OneDrive/Documents/Unreal Projects/MightyHero/Content/Blueprints/Skins/BP_Melony.uasset" 1173
"C:/Users/silve/OneDrive/Documents/Unreal Projects/MightyHero/Content/Blueprints/Skins/BP_Melony.uexp" 1174
"C:/Users/silve/OneDrive/Documents/Unreal Projects/MightyHero/Content/Assets/Sprites/Skins/Pandora/PandoraSplash.uasset" 1175
"C:/Users/silve/OneDrive/Documents/Unreal Projects/MightyHero/Content/Assets/Sprites/Skins/Pandora/PandoraSplash.uexp" 1176
"C:/Users/silve/OneDrive/Documents/Unreal Projects/MightyHero/Content/Assets/Sprites/Skins/Pandora/PandoraSplash_Sprite.uasset" 1177
"C:/Users/silve/OneDrive/Documents/Unreal Projects/MightyHero/Content/Assets/Sprites/Skins/Pandora/PandoraSplash_Sprite.uexp" 1178
"C:/Users/silve/OneDrive/Documents/Unreal Projects/MightyHero/Content/Assets/Sprites/Skins/Melony/MelonySplash.uasset" 1179
"C:/Users/silve/OneDrive/Documents/Unreal Projects/MightyHero/Content/Assets/Sprites/Skins/Melony/MelonySplash.uexp" 1180
"C:/Users/silve/OneDrive/Documents/Unreal Projects/MightyHero/Content/Assets/Sprites/Skins/Melony/MelonySplash_Sprite.uasset" 1181
"C:/Users/silve/OneDrive/Documents/Unreal Projects/MightyHero/Content/Assets/Sprites/Skins/Melony/MelonySplash_Sprite.uexp" 1182
"C:/Users/silve/OneDrive/Documents/Unreal Projects/MightyHero/Content/Assets/Sprites/Cards/TonyClearskySplash.uasset" 1183
"C:/Users/silve/OneDrive/Documents/Unreal Projects/MightyHero/Content/Assets/Sprites/Cards/TonyClearskySplash.uexp" 1184
"C:/Users/silve/OneDrive/Documents/Unreal Projects/MightyHero/Content/Assets/Sprites/Cards/TonyClearskySplash_Sprite.uasset" 1185
"C:/Users/silve/OneDrive/Documents/Unreal Projects/MightyHero/Content/Assets/Sprites/Cards/TonyClearskySplash_Sprite.uexp" 1186
"C:/Users/silve/OneDrive/Documents/Unreal Projects/MightyHero/Content/Assets/Sprites/Cards/CardUncommon.uasset" 1187
"C:/Users/silve/OneDrive/Documents/Unreal Projects/MightyHero/Content/Assets/Sprites/Cards/CardUncommon.uexp" 1188
"C:/Users/silve/OneDrive/Documents/Unreal Projects/MightyHero/Content/Assets/Sprites/Cards/CardUncommon_Sprite.uasset" 1189
"C:/Users/silve/OneDrive/Documents/Unreal Projects/MightyHero/Content/Assets/Sprites/Cards/CardUncommon_Sprite.uexp" 1190
"C:/Users/silve/OneDrive/Documents/Unreal Projects/MightyHero/Content/Assets/Sprites/Skins/Diego/Diego_AnimSource.uasset" 1191
"C:/Users/silve/OneDrive/Documents/Unreal Projects/MightyHero/Content/Assets/Sprites/Skins/Diego/Diego_AnimSource.uexp" 1192
"C:/Users/silve/OneDrive/Documents/Unreal Projects/MightyHero/Content/Assets/Sprites/Skins/Diego/Textures/Diego.uasset" 1193
"C:/Users/silve/OneDrive/Documents/Unreal Projects/MightyHero/Content/Assets/Sprites/Skins/Diego/Textures/Diego.uexp" 1194
"C:/Users/silve/OneDrive/Documents/Unreal Projects/MightyHero/Content/Assets/Sprites/Skins/Diego/Frames/Diego__Strike_3_aseprite.uasset" 1195
"C:/Users/silve/OneDrive/Documents/Unreal Projects/MightyHero/Content/Assets/Sprites/Skins/Diego/Frames/Diego__Strike_3_aseprite.uexp" 1196
"C:/Users/silve/OneDrive/Documents/Unreal Projects/MightyHero/Content/Assets/Sprites/Skins/Diego/Frames/Diego__Strike_2_aseprite.uasset" 1197
"C:/Users/silve/OneDrive/Documents/Unreal Projects/MightyHero/Content/Assets/Sprites/Skins/Diego/Frames/Diego__Strike_2_aseprite.uexp" 1198
"C:/Users/silve/OneDrive/Documents/Unreal Projects/MightyHero/Content/Assets/Sprites/Skins/Diego/Frames/Diego__Strike_4_aseprite.uasset" 1199
"C:/Users/silve/OneDrive/Documents/Unreal Projects/MightyHero/Content/Assets/Sprites/Skins/Diego/Frames/Diego__Strike_4_aseprite.uexp" 1200
"C:/Users/silve/OneDrive/Documents/Unreal Projects/MightyHero/Content/Assets/Sprites/Skins/Diego/Frames/Diego__Strike_0_aseprite.uasset" 1201
"C:/Users/silve/OneDrive/Documents/Unreal Projects/MightyHero/Content/Assets/Sprites/Skins/Diego/Frames/Diego__Strike_0_aseprite.uexp" 1202
"C:/Users/silve/OneDrive/Documents/Unreal Projects/MightyHero/Content/Assets/Sprites/Skins/Diego/Frames/Diego__Strike_1_aseprite.uasset" 1203
"C:/Users/silve/OneDrive/Documents/Unreal Projects/MightyHero/Content/Assets/Sprites/Skins/Diego/Frames/Diego__Strike_1_aseprite.uexp" 1204
"C:/Users/silve/OneDrive/Documents/Unreal Projects/MightyHero/Content/Assets/Sprites/Skins/Diego/Diego__Strike.uasset" 1205
"C:/Users/silve/OneDrive/Documents/Unreal Projects/MightyHero/Content/Assets/Sprites/Skins/Diego/Diego__Strike.uexp" 1206
"C:/Users/silve/OneDrive/Documents/Unreal Projects/MightyHero/Content/Assets/Sprites/Skins/Diego/AnimSequences/Strike.uasset" 1207
"C:/Users/silve/OneDrive/Documents/Unreal Projects/MightyHero/Content/Assets/Sprites/Skins/Diego/AnimSequences/Strike.uexp" 1208
"C:/Users/silve/OneDrive/Documents/Unreal Projects/MightyHero/Content/Assets/Sprites/Skins/Diego/Frames/Diego__Rise_1_aseprite.uasset" 1209
"C:/Users/silve/OneDrive/Documents/Unreal Projects/MightyHero/Content/Assets/Sprites/Skins/Diego/Frames/Diego__Rise_1_aseprite.uexp" 1210
"C:/Users/silve/OneDrive/Documents/Unreal Projects/MightyHero/Content/Assets/Sprites/Skins/Diego/Frames/Diego__Rise_2_aseprite.uasset" 1211
"C:/Users/silve/OneDrive/Documents/Unreal Projects/MightyHero/Content/Assets/Sprites/Skins/Diego/Frames/Diego__Rise_2_aseprite.uexp" 1212
"C:/Users/silve/OneDrive/Documents/Unreal Projects/MightyHero/Content/Assets/Sprites/Skins/Diego/Frames/Diego__Rise_3_aseprite.uasset" 1213
"C:/Users/silve/OneDrive/Documents/Unreal Projects/MightyHero/Content/Assets/Sprites/Skins/Diego/Frames/Diego__Rise_3_aseprite.uexp" 1214
"C:/Users/silve/OneDrive/Documents/Unreal Projects/MightyHero/Content/Assets/Sprites/Skins/Diego/Frames/Diego__Rise_0_aseprite.uasset" 1215
"C:/Users/silve/OneDrive/Documents/Unreal Projects/MightyHero/Content/Assets/Sprites/Skins/Diego/Frames/Diego__Rise_0_aseprite.uexp" 1216
"C:/Users/silve/OneDrive/Documents/Unreal Projects/MightyHero/Content/Assets/Sprites/Skins/Diego/Diego__Rise.uasset" 1217
"C:/Users/silve/OneDrive/Documents/Unreal Projects/MightyHero/Content/Assets/Sprites/Skins/Diego/Diego__Rise.uexp" 1218
"C:/Users/silve/OneDrive/Documents/Unreal Projects/MightyHero/Content/Assets/Sprites/Skins/Diego/AnimSequences/Rise.uasset" 1219
"C:/Users/silve/OneDrive/Documents/Unreal Projects/MightyHero/Content/Assets/Sprites/Skins/Diego/AnimSequences/Rise.uexp" 1220
"C:/Users/silve/OneDrive/Documents/Unreal Projects/MightyHero/Content/Assets/Sprites/Skins/Diego/Frames/Diego__Sadness_7_aseprite.uasset" 1221
"C:/Users/silve/OneDrive/Documents/Unreal Projects/MightyHero/Content/Assets/Sprites/Skins/Diego/Frames/Diego__Sadness_7_aseprite.uexp" 1222
"C:/Users/silve/OneDrive/Documents/Unreal Projects/MightyHero/Content/Assets/Sprites/Skins/Diego/Frames/Diego__Sadness_4_aseprite.uasset" 1223
"C:/Users/silve/OneDrive/Documents/Unreal Projects/MightyHero/Content/Assets/Sprites/Skins/Diego/Frames/Diego__Sadness_4_aseprite.uexp" 1224
"C:/Users/silve/OneDrive/Documents/Unreal Projects/MightyHero/Content/Assets/Sprites/Skins/Diego/Frames/Diego__Sadness_6_aseprite.uasset" 1225
"C:/Users/silve/OneDrive/Documents/Unreal Projects/MightyHero/Content/Assets/Sprites/Skins/Diego/Frames/Diego__Sadness_6_aseprite.uexp" 1226
"C:/Users/silve/OneDrive/Documents/Unreal Projects/MightyHero/Content/Assets/Sprites/Skins/Diego/Frames/Diego__Sadness_2_aseprite.uasset" 1227
"C:/Users/silve/OneDrive/Documents/Unreal Projects/MightyHero/Content/Assets/Sprites/Skins/Diego/Frames/Diego__Sadness_2_aseprite.uexp" 1228
"C:/Users/silve/OneDrive/Documents/Unreal Projects/MightyHero/Content/Assets/Sprites/Skins/Diego/Frames/Diego__Sadness_1_aseprite.uasset" 1229
"C:/Users/silve/OneDrive/Documents/Unreal Projects/MightyHero/Content/Assets/Sprites/Skins/Diego/Frames/Diego__Sadness_1_aseprite.uexp" 1230
"C:/Users/silve/OneDrive/Documents/Unreal Projects/MightyHero/Content/Assets/Sprites/Skins/Diego/Frames/Diego__Sadness_3_aseprite.uasset" 1231
"C:/Users/silve/OneDrive/Documents/Unreal Projects/MightyHero/Content/Assets/Sprites/Skins/Diego/Frames/Diego__Sadness_3_aseprite.uexp" 1232
"C:/Users/silve/OneDrive/Documents/Unreal Projects/MightyHero/Content/Assets/Sprites/Skins/Diego/Frames/Diego__Sadness_5_aseprite.uasset" 1233
"C:/Users/silve/OneDrive/Documents/Unreal Projects/MightyHero/Content/Assets/Sprites/Skins/Diego/Frames/Diego__Sadness_5_aseprite.uexp" 1234
"C:/Users/silve/OneDrive/Documents/Unreal Projects/MightyHero/Content/Assets/Sprites/Skins/Diego/Frames/Diego__Sadness_0_aseprite.uasset" 1235
"C:/Users/silve/OneDrive/Documents/Unreal Projects/MightyHero/Content/Assets/Sprites/Skins/Diego/Frames/Diego__Sadness_0_aseprite.uexp" 1236
"C:/Users/silve/OneDrive/Documents/Unreal Projects/MightyHero/Content/Assets/Sprites/Skins/Diego/Diego__Sadness.uasset" 1237
"C:/Users/silve/OneDrive/Documents/Unreal Projects/MightyHero/Content/Assets/Sprites/Skins/Diego/Diego__Sadness.uexp" 1238
"C:/Users/silve/OneDrive/Documents/Unreal Projects/MightyHero/Content/Assets/Sprites/Skins/Diego/AnimSequences/Sad.uasset" 1239
"C:/Users/silve/OneDrive/Documents/Unreal Projects/MightyHero/Content/Assets/Sprites/Skins/Diego/AnimSequences/Sad.uexp" 1240
"C:/Users/silve/OneDrive/Documents/Unreal Projects/MightyHero/Content/Assets/Sprites/Skins/Diego/Frames/Diego__Fall_2_aseprite.uasset" 1241
"C:/Users/silve/OneDrive/Documents/Unreal Projects/MightyHero/Content/Assets/Sprites/Skins/Diego/Frames/Diego__Fall_2_aseprite.uexp" 1242
"C:/Users/silve/OneDrive/Documents/Unreal Projects/MightyHero/Content/Assets/Sprites/Skins/Diego/Frames/Diego__Fall_1_aseprite.uasset" 1243
"C:/Users/silve/OneDrive/Documents/Unreal Projects/MightyHero/Content/Assets/Sprites/Skins/Diego/Frames/Diego__Fall_1_aseprite.uexp" 1244
"C:/Users/silve/OneDrive/Documents/Unreal Projects/MightyHero/Content/Assets/Sprites/Skins/Diego/Frames/Diego__Fall_0_aseprite.uasset" 1245
"C:/Users/silve/OneDrive/Documents/Unreal Projects/MightyHero/Content/Assets/Sprites/Skins/Diego/Frames/Diego__Fall_0_aseprite.uexp" 1246
"C:/Users/silve/OneDrive/Documents/Unreal Projects/MightyHero/Content/Assets/Sprites/Skins/Diego/Frames/Diego__Fall_3_aseprite.uasset" 1247
"C:/Users/silve/OneDrive/Documents/Unreal Projects/MightyHero/Content/Assets/Sprites/Skins/Diego/Frames/Diego__Fall_3_aseprite.uexp" 1248
"C:/Users/silve/OneDrive/Documents/Unreal Projects/MightyHero/Content/Assets/Sprites/Skins/Diego/Diego__Fall.uasset" 1249
"C:/Users/silve/OneDrive/Documents/Unreal Projects/MightyHero/Content/Assets/Sprites/Skins/Diego/Diego__Fall.uexp" 1250
"C:/Users/silve/OneDrive/Documents/Unreal Projects/MightyHero/Content/Assets/Sprites/Skins/Diego/AnimSequences/Fall.uasset" 1251
"C:/Users/silve/OneDrive/Documents/Unreal Projects/MightyHero/Content/Assets/Sprites/Skins/Diego/AnimSequences/Fall.uexp" 1252
"C:/Users/silve/OneDrive/Documents/Unreal Projects/MightyHero/Content/Assets/Sprites/Skins/Diego/Frames/Diego__Idle_4_aseprite.uasset" 1253
"C:/Users/silve/OneDrive/Documents/Unreal Projects/MightyHero/Content/Assets/Sprites/Skins/Diego/Frames/Diego__Idle_4_aseprite.uexp" 1254
"C:/Users/silve/OneDrive/Documents/Unreal Projects/MightyHero/Content/Assets/Sprites/Skins/Diego/Frames/Diego__Idle_2_aseprite.uasset" 1255
"C:/Users/silve/OneDrive/Documents/Unreal Projects/MightyHero/Content/Assets/Sprites/Skins/Diego/Frames/Diego__Idle_2_aseprite.uexp" 1256
"C:/Users/silve/OneDrive/Documents/Unreal Projects/MightyHero/Content/Assets/Sprites/Skins/Diego/Frames/Diego__Idle_5_aseprite.uasset" 1257
"C:/Users/silve/OneDrive/Documents/Unreal Projects/MightyHero/Content/Assets/Sprites/Skins/Diego/Frames/Diego__Idle_5_aseprite.uexp" 1258
"C:/Users/silve/OneDrive/Documents/Unreal Projects/MightyHero/Content/Assets/Sprites/Skins/Diego/Frames/Diego__Idle_7_aseprite.uasset" 1259
"C:/Users/silve/OneDrive/Documents/Unreal Projects/MightyHero/Content/Assets/Sprites/Skins/Diego/Frames/Diego__Idle_7_aseprite.uexp" 1260
"C:/Users/silve/OneDrive/Documents/Unreal Projects/MightyHero/Content/Assets/Sprites/Skins/Diego/Frames/Diego__Idle_9_aseprite.uasset" 1261
"C:/Users/silve/OneDrive/Documents/Unreal Projects/MightyHero/Content/Assets/Sprites/Skins/Diego/Frames/Diego__Idle_9_aseprite.uexp" 1262
"C:/Users/silve/OneDrive/Documents/Unreal Projects/MightyHero/Content/Assets/Sprites/Skins/Diego/Frames/Diego__Idle_0_aseprite.uasset" 1263
"C:/Users/silve/OneDrive/Documents/Unreal Projects/MightyHero/Content/Assets/Sprites/Skins/Diego/Frames/Diego__Idle_0_aseprite.uexp" 1264
"C:/Users/silve/OneDrive/Documents/Unreal Projects/MightyHero/Content/Assets/Sprites/Skins/Diego/Frames/Diego__Idle_3_aseprite.uasset" 1265
"C:/Users/silve/OneDrive/Documents/Unreal Projects/MightyHero/Content/Assets/Sprites/Skins/Diego/Frames/Diego__Idle_3_aseprite.uexp" 1266
"C:/Users/silve/OneDrive/Documents/Unreal Projects/MightyHero/Content/Assets/Sprites/Skins/Diego/Frames/Diego__Idle_1_aseprite.uasset" 1267
"C:/Users/silve/OneDrive/Documents/Unreal Projects/MightyHero/Content/Assets/Sprites/Skins/Diego/Frames/Diego__Idle_1_aseprite.uexp" 1268
"C:/Users/silve/OneDrive/Documents/Unreal Projects/MightyHero/Content/Assets/Sprites/Skins/Diego/Frames/Diego__Idle_8_aseprite.uasset" 1269
"C:/Users/silve/OneDrive/Documents/Unreal Projects/MightyHero/Content/Assets/Sprites/Skins/Diego/Frames/Diego__Idle_8_aseprite.uexp" 1270
"C:/Users/silve/OneDrive/Documents/Unreal Projects/MightyHero/Content/Assets/Sprites/Skins/Diego/Frames/Diego__Idle_6_aseprite.uasset" 1271
"C:/Users/silve/OneDrive/Documents/Unreal Projects/MightyHero/Content/Assets/Sprites/Skins/Diego/Frames/Diego__Idle_6_aseprite.uexp" 1272
"C:/Users/silve/OneDrive/Documents/Unreal Projects/MightyHero/Content/Assets/Sprites/Skins/Diego/Diego__Idle.uasset" 1273
"C:/Users/silve/OneDrive/Documents/Unreal Projects/MightyHero/Content/Assets/Sprites/Skins/Diego/Diego__Idle.uexp" 1274
"C:/Users/silve/OneDrive/Documents/Unreal Projects/MightyHero/Content/Assets/Sprites/Skins/Diego/AnimSequences/Idle.uasset" 1275
"C:/Users/silve/OneDrive/Documents/Unreal Projects/MightyHero/Content/Assets/Sprites/Skins/Diego/AnimSequences/Idle.uexp" 1276
"C:/Users/silve/OneDrive/Documents/Unreal Projects/MightyHero/Content/Assets/Sprites/Skins/Diego/ABP_Diego.uasset" 1277
"C:/Users/silve/OneDrive/Documents/Unreal Projects/MightyHero/Content/Assets/Sprites/Skins/Diego/ABP_Diego.uexp" 1278
"C:/Users/silve/OneDrive/Documents/Unreal Projects/MightyHero/Content/Blueprints/Skins/BP_Diego.uasset" 1279
"C:/Users/silve/OneDrive/Documents/Unreal Projects/MightyHero/Content/Blueprints/Skins/BP_Diego.uexp" 1280
"C:/Users/silve/OneDrive/Documents/Unreal Projects/MightyHero/Content/Assets/Sprites/Cards/IsabellaSplash.uasset" 1281
"C:/Users/silve/OneDrive/Documents/Unreal Projects/MightyHero/Content/Assets/Sprites/Cards/IsabellaSplash.uexp" 1282
"C:/Users/silve/OneDrive/Documents/Unreal Projects/MightyHero/Content/Assets/Sprites/Cards/IsabellaSplash_Sprite.uasset" 1283
"C:/Users/silve/OneDrive/Documents/Unreal Projects/MightyHero/Content/Assets/Sprites/Cards/IsabellaSplash_Sprite.uexp" 1284
"C:/Users/silve/OneDrive/Documents/Unreal Projects/MightyHero/Content/Assets/Sprites/Skins/Violet/Violet_AnimSource.uasset" 1285
"C:/Users/silve/OneDrive/Documents/Unreal Projects/MightyHero/Content/Assets/Sprites/Skins/Violet/Violet_AnimSource.uexp" 1286
"C:/Users/silve/OneDrive/Documents/Unreal Projects/MightyHero/Content/Assets/Sprites/Skins/Violet/Textures/Violet.uasset" 1287
"C:/Users/silve/OneDrive/Documents/Unreal Projects/MightyHero/Content/Assets/Sprites/Skins/Violet/Textures/Violet.uexp" 1288
"C:/Users/silve/OneDrive/Documents/Unreal Projects/MightyHero/Content/Assets/Sprites/Skins/Violet/Frames/Violet__Idle_0_aseprite.uasset" 1289
"C:/Users/silve/OneDrive/Documents/Unreal Projects/MightyHero/Content/Assets/Sprites/Skins/Violet/Frames/Violet__Idle_0_aseprite.uexp" 1290
"C:/Users/silve/OneDrive/Documents/Unreal Projects/MightyHero/Content/Assets/Sprites/Skins/Violet/Frames/Violet__Idle_9_aseprite.uasset" 1291
"C:/Users/silve/OneDrive/Documents/Unreal Projects/MightyHero/Content/Assets/Sprites/Skins/Violet/Frames/Violet__Idle_9_aseprite.uexp" 1292
"C:/Users/silve/OneDrive/Documents/Unreal Projects/MightyHero/Content/Assets/Sprites/Skins/Violet/Frames/Violet__Idle_8_aseprite.uasset" 1293
"C:/Users/silve/OneDrive/Documents/Unreal Projects/MightyHero/Content/Assets/Sprites/Skins/Violet/Frames/Violet__Idle_8_aseprite.uexp" 1294
"C:/Users/silve/OneDrive/Documents/Unreal Projects/MightyHero/Content/Assets/Sprites/Skins/Violet/Frames/Violet__Idle_3_aseprite.uasset" 1295
"C:/Users/silve/OneDrive/Documents/Unreal Projects/MightyHero/Content/Assets/Sprites/Skins/Violet/Frames/Violet__Idle_3_aseprite.uexp" 1296
"C:/Users/silve/OneDrive/Documents/Unreal Projects/MightyHero/Content/Assets/Sprites/Skins/Violet/Frames/Violet__Idle_6_aseprite.uasset" 1297
"C:/Users/silve/OneDrive/Documents/Unreal Projects/MightyHero/Content/Assets/Sprites/Skins/Violet/Frames/Violet__Idle_6_aseprite.uexp" 1298
"C:/Users/silve/OneDrive/Documents/Unreal Projects/MightyHero/Content/Assets/Sprites/Skins/Violet/Frames/Violet__Idle_7_aseprite.uasset" 1299
"C:/Users/silve/OneDrive/Documents/Unreal Projects/MightyHero/Content/Assets/Sprites/Skins/Violet/Frames/Violet__Idle_7_aseprite.uexp" 1300
"C:/Users/silve/OneDrive/Documents/Unreal Projects/MightyHero/Content/Assets/Sprites/Skins/Violet/Frames/Violet__Idle_1_aseprite.uasset" 1301
"C:/Users/silve/OneDrive/Documents/Unreal Projects/MightyHero/Content/Assets/Sprites/Skins/Violet/Frames/Violet__Idle_1_aseprite.uexp" 1302
"C:/Users/silve/OneDrive/Documents/Unreal Projects/MightyHero/Content/Assets/Sprites/Skins/Violet/Frames/Violet__Idle_5_aseprite.uasset" 1303
"C:/Users/silve/OneDrive/Documents/Unreal Projects/MightyHero/Content/Assets/Sprites/Skins/Violet/Frames/Violet__Idle_5_aseprite.uexp" 1304
"C:/Users/silve/OneDrive/Documents/Unreal Projects/MightyHero/Content/Assets/Sprites/Skins/Violet/Frames/Violet__Idle_2_aseprite.uasset" 1305
"C:/Users/silve/OneDrive/Documents/Unreal Projects/MightyHero/Content/Assets/Sprites/Skins/Violet/Frames/Violet__Idle_2_aseprite.uexp" 1306
"C:/Users/silve/OneDrive/Documents/Unreal Projects/MightyHero/Content/Assets/Sprites/Skins/Violet/Frames/Violet__Idle_4_aseprite.uasset" 1307
"C:/Users/silve/OneDrive/Documents/Unreal Projects/MightyHero/Content/Assets/Sprites/Skins/Violet/Frames/Violet__Idle_4_aseprite.uexp" 1308
"C:/Users/silve/OneDrive/Documents/Unreal Projects/MightyHero/Content/Assets/Sprites/Skins/Violet/Violet__Idle.uasset" 1309
"C:/Users/silve/OneDrive/Documents/Unreal Projects/MightyHero/Content/Assets/Sprites/Skins/Violet/Violet__Idle.uexp" 1310
"C:/Users/silve/OneDrive/Documents/Unreal Projects/MightyHero/Content/Assets/Sprites/Skins/Violet/AnimSequences/Idle.uasset" 1311
"C:/Users/silve/OneDrive/Documents/Unreal Projects/MightyHero/Content/Assets/Sprites/Skins/Violet/AnimSequences/Idle.uexp" 1312
"C:/Users/silve/OneDrive/Documents/Unreal Projects/MightyHero/Content/Assets/Sprites/Skins/Violet/Frames/Violet__Fall_0_aseprite.uasset" 1313
"C:/Users/silve/OneDrive/Documents/Unreal Projects/MightyHero/Content/Assets/Sprites/Skins/Violet/Frames/Violet__Fall_0_aseprite.uexp" 1314
"C:/Users/silve/OneDrive/Documents/Unreal Projects/MightyHero/Content/Assets/Sprites/Skins/Violet/Frames/Violet__Fall_2_aseprite.uasset" 1315
"C:/Users/silve/OneDrive/Documents/Unreal Projects/MightyHero/Content/Assets/Sprites/Skins/Violet/Frames/Violet__Fall_2_aseprite.uexp" 1316
"C:/Users/silve/OneDrive/Documents/Unreal Projects/MightyHero/Content/Assets/Sprites/Skins/Violet/Frames/Violet__Fall_3_aseprite.uasset" 1317
"C:/Users/silve/OneDrive/Documents/Unreal Projects/MightyHero/Content/Assets/Sprites/Skins/Violet/Frames/Violet__Fall_3_aseprite.uexp" 1318
"C:/Users/silve/OneDrive/Documents/Unreal Projects/MightyHero/Content/Assets/Sprites/Skins/Violet/Frames/Violet__Fall_1_aseprite.uasset" 1319
"C:/Users/silve/OneDrive/Documents/Unreal Projects/MightyHero/Content/Assets/Sprites/Skins/Violet/Frames/Violet__Fall_1_aseprite.uexp" 1320
"C:/Users/silve/OneDrive/Documents/Unreal Projects/MightyHero/Content/Assets/Sprites/Skins/Violet/Violet__Fall.uasset" 1321
"C:/Users/silve/OneDrive/Documents/Unreal Projects/MightyHero/Content/Assets/Sprites/Skins/Violet/Violet__Fall.uexp" 1322
"C:/Users/silve/OneDrive/Documents/Unreal Projects/MightyHero/Content/Assets/Sprites/Skins/Violet/AnimSequences/Fall.uasset" 1323
"C:/Users/silve/OneDrive/Documents/Unreal Projects/MightyHero/Content/Assets/Sprites/Skins/Violet/AnimSequences/Fall.uexp" 1324
"C:/Users/silve/OneDrive/Documents/Unreal Projects/MightyHero/Content/Assets/Sprites/Skins/Violet/Frames/Violet__Strike_1_aseprite.uasset" 1325
"C:/Users/silve/OneDrive/Documents/Unreal Projects/MightyHero/Content/Assets/Sprites/Skins/Violet/Frames/Violet__Strike_1_aseprite.uexp" 1326
"C:/Users/silve/OneDrive/Documents/Unreal Projects/MightyHero/Content/Assets/Sprites/Skins/Violet/Frames/Violet__Strike_3_aseprite.uasset" 1327
"C:/Users/silve/OneDrive/Documents/Unreal Projects/MightyHero/Content/Assets/Sprites/Skins/Violet/Frames/Violet__Strike_3_aseprite.uexp" 1328
"C:/Users/silve/OneDrive/Documents/Unreal Projects/MightyHero/Content/Assets/Sprites/Skins/Violet/Frames/Violet__Strike_0_aseprite.uasset" 1329
"C:/Users/silve/OneDrive/Documents/Unreal Projects/MightyHero/Content/Assets/Sprites/Skins/Violet/Frames/Violet__Strike_0_aseprite.uexp" 1330
"C:/Users/silve/OneDrive/Documents/Unreal Projects/MightyHero/Content/Assets/Sprites/Skins/Violet/Frames/Violet__Strike_2_aseprite.uasset" 1331
"C:/Users/silve/OneDrive/Documents/Unreal Projects/MightyHero/Content/Assets/Sprites/Skins/Violet/Frames/Violet__Strike_2_aseprite.uexp" 1332
"C:/Users/silve/OneDrive/Documents/Unreal Projects/MightyHero/Content/Assets/Sprites/Skins/Violet/Violet__Strike.uasset" 1333
"C:/Users/silve/OneDrive/Documents/Unreal Projects/MightyHero/Content/Assets/Sprites/Skins/Violet/Violet__Strike.uexp" 1334
"C:/Users/silve/OneDrive/Documents/Unreal Projects/MightyHero/Content/Assets/Sprites/Skins/Violet/AnimSequences/Strike.uasset" 1335
"C:/Users/silve/OneDrive/Documents/Unreal Projects/MightyHero/Content/Assets/Sprites/Skins/Violet/AnimSequences/Strike.uexp" 1336
"C:/Users/silve/OneDrive/Documents/Unreal Projects/MightyHero/Content/Assets/Sprites/Skins/Violet/Frames/Violet__Rise_3_aseprite.uasset" 1337
"C:/Users/silve/OneDrive/Documents/Unreal Projects/MightyHero/Content/Assets/Sprites/Skins/Violet/Frames/Violet__Rise_3_aseprite.uexp" 1338
"C:/Users/silve/OneDrive/Documents/Unreal Projects/MightyHero/Content/Assets/Sprites/Skins/Violet/Frames/Violet__Rise_1_aseprite.uasset" 1339
"C:/Users/silve/OneDrive/Documents/Unreal Projects/MightyHero/Content/Assets/Sprites/Skins/Violet/Frames/Violet__Rise_1_aseprite.uexp" 1340
"C:/Users/silve/OneDrive/Documents/Unreal Projects/MightyHero/Content/Assets/Sprites/Skins/Violet/Frames/Violet__Rise_2_aseprite.uasset" 1341
"C:/Users/silve/OneDrive/Documents/Unreal Projects/MightyHero/Content/Assets/Sprites/Skins/Violet/Frames/Violet__Rise_2_aseprite.uexp" 1342
"C:/Users/silve/OneDrive/Documents/Unreal Projects/MightyHero/Content/Assets/Sprites/Skins/Violet/Frames/Violet__Rise_0_aseprite.uasset" 1343
"C:/Users/silve/OneDrive/Documents/Unreal Projects/MightyHero/Content/Assets/Sprites/Skins/Violet/Frames/Violet__Rise_0_aseprite.uexp" 1344
"C:/Users/silve/OneDrive/Documents/Unreal Projects/MightyHero/Content/Assets/Sprites/Skins/Violet/Violet__Rise.uasset" 1345
"C:/Users/silve/OneDrive/Documents/Unreal Projects/MightyHero/Content/Assets/Sprites/Skins/Violet/Violet__Rise.uexp" 1346
"C:/Users/silve/OneDrive/Documents/Unreal Projects/MightyHero/Content/Assets/Sprites/Skins/Violet/AnimSequences/Rise.uasset" 1347
"C:/Users/silve/OneDrive/Documents/Unreal Projects/MightyHero/Content/Assets/Sprites/Skins/Violet/AnimSequences/Rise.uexp" 1348
"C:/Users/silve/OneDrive/Documents/Unreal Projects/MightyHero/Content/Assets/Sprites/Skins/Violet/Frames/Violet__Sadness_1_aseprite.uasset" 1349
"C:/Users/silve/OneDrive/Documents/Unreal Projects/MightyHero/Content/Assets/Sprites/Skins/Violet/Frames/Violet__Sadness_1_aseprite.uexp" 1350
"C:/Users/silve/OneDrive/Documents/Unreal Projects/MightyHero/Content/Assets/Sprites/Skins/Violet/Frames/Violet__Sadness_2_aseprite.uasset" 1351
"C:/Users/silve/OneDrive/Documents/Unreal Projects/MightyHero/Content/Assets/Sprites/Skins/Violet/Frames/Violet__Sadness_2_aseprite.uexp" 1352
"C:/Users/silve/OneDrive/Documents/Unreal Projects/MightyHero/Content/Assets/Sprites/Skins/Violet/Frames/Violet__Sadness_4_aseprite.uasset" 1353
"C:/Users/silve/OneDrive/Documents/Unreal Projects/MightyHero/Content/Assets/Sprites/Skins/Violet/Frames/Violet__Sadness_4_aseprite.uexp" 1354
"C:/Users/silve/OneDrive/Documents/Unreal Projects/MightyHero/Content/Assets/Sprites/Skins/Violet/Frames/Violet__Sadness_3_aseprite.uasset" 1355
"C:/Users/silve/OneDrive/Documents/Unreal Projects/MightyHero/Content/Assets/Sprites/Skins/Violet/Frames/Violet__Sadness_3_aseprite.uexp" 1356
"C:/Users/silve/OneDrive/Documents/Unreal Projects/MightyHero/Content/Assets/Sprites/Skins/Violet/Frames/Violet__Sadness_0_aseprite.uasset" 1357
"C:/Users/silve/OneDrive/Documents/Unreal Projects/MightyHero/Content/Assets/Sprites/Skins/Violet/Frames/Violet__Sadness_0_aseprite.uexp" 1358
"C:/Users/silve/OneDrive/Documents/Unreal Projects/MightyHero/Content/Assets/Sprites/Skins/Violet/Violet__Sadness.uasset" 1359
"C:/Users/silve/OneDrive/Documents/Unreal Projects/MightyHero/Content/Assets/Sprites/Skins/Violet/Violet__Sadness.uexp" 1360
"C:/Users/silve/OneDrive/Documents/Unreal Projects/MightyHero/Content/Assets/Sprites/Skins/Violet/AnimSequences/Sad.uasset" 1361
"C:/Users/silve/OneDrive/Documents/Unreal Projects/MightyHero/Content/Assets/Sprites/Skins/Violet/AnimSequences/Sad.uexp" 1362
"C:/Users/silve/OneDrive/Documents/Unreal Projects/MightyHero/Content/Assets/Sprites/Skins/Violet/ABP_Violet.uasset" 1363
"C:/Users/silve/OneDrive/Documents/Unreal Projects/MightyHero/Content/Assets/Sprites/Skins/Violet/ABP_Violet.uexp" 1364
"C:/Users/silve/OneDrive/Documents/Unreal Projects/MightyHero/Content/Blueprints/Skins/BP_Violet.uasset" 1365
"C:/Users/silve/OneDrive/Documents/Unreal Projects/MightyHero/Content/Blueprints/Skins/BP_Violet.uexp" 1366
"C:/Users/silve/OneDrive/Documents/Unreal Projects/MightyHero/Content/Assets/Sprites/Skins/Kitty/KittySplash.uasset" 1367
"C:/Users/silve/OneDrive/Documents/Unreal Projects/MightyHero/Content/Assets/Sprites/Skins/Kitty/KittySplash.uexp" 1368
"C:/Users/silve/OneDrive/Documents/Unreal Projects/MightyHero/Content/Assets/Sprites/Skins/Kitty/KittySplash_Sprite.uasset" 1369
"C:/Users/silve/OneDrive/Documents/Unreal Projects/MightyHero/Content/Assets/Sprites/Skins/Kitty/KittySplash_Sprite.uexp" 1370
"C:/Users/silve/OneDrive/Documents/Unreal Projects/MightyHero/Content/Assets/Sprites/Skins/Susan/SusanSplash.uasset" 1371
"C:/Users/silve/OneDrive/Documents/Unreal Projects/MightyHero/Content/Assets/Sprites/Skins/Susan/SusanSplash.uexp" 1372
"C:/Users/silve/OneDrive/Documents/Unreal Projects/MightyHero/Content/Assets/Sprites/Skins/Susan/SusanSplash_Sprite.uasset" 1373
"C:/Users/silve/OneDrive/Documents/Unreal Projects/MightyHero/Content/Assets/Sprites/Skins/Susan/SusanSplash_Sprite.uexp" 1374
"C:/Users/silve/OneDrive/Documents/Unreal Projects/MightyHero/Content/Assets/Sprites/Skins/Violet/VioletSplash.uasset" 1375
"C:/Users/silve/OneDrive/Documents/Unreal Projects/MightyHero/Content/Assets/Sprites/Skins/Violet/VioletSplash.uexp" 1376
"C:/Users/silve/OneDrive/Documents/Unreal Projects/MightyHero/Content/Assets/Sprites/Skins/Violet/VioletSplash_Sprite.uasset" 1377
"C:/Users/silve/OneDrive/Documents/Unreal Projects/MightyHero/Content/Assets/Sprites/Skins/Violet/VioletSplash_Sprite.uexp" 1378
"C:/Users/silve/OneDrive/Documents/Unreal Projects/MightyHero/Content/Assets/Sprites/Skins/Brenda/Textures/Brenda.uasset" 1379
"C:/Users/silve/OneDrive/Documents/Unreal Projects/MightyHero/Content/Assets/Sprites/Skins/Brenda/Textures/Brenda.uexp" 1380
"C:/Users/silve/OneDrive/Documents/Unreal Projects/MightyHero/Content/Assets/Sprites/Skins/Brenda/Frames/Brenda__Rise_2_aseprite.uasset" 1381
"C:/Users/silve/OneDrive/Documents/Unreal Projects/MightyHero/Content/Assets/Sprites/Skins/Brenda/Frames/Brenda__Rise_2_aseprite.uexp" 1382
"C:/Users/silve/OneDrive/Documents/Unreal Projects/MightyHero/Content/Assets/Sprites/Skins/Brenda/Frames/Brenda__Rise_3_aseprite.uasset" 1383
"C:/Users/silve/OneDrive/Documents/Unreal Projects/MightyHero/Content/Assets/Sprites/Skins/Brenda/Frames/Brenda__Rise_3_aseprite.uexp" 1384
"C:/Users/silve/OneDrive/Documents/Unreal Projects/MightyHero/Content/Assets/Sprites/Skins/Brenda/Frames/Brenda__Rise_1_aseprite.uasset" 1385
"C:/Users/silve/OneDrive/Documents/Unreal Projects/MightyHero/Content/Assets/Sprites/Skins/Brenda/Frames/Brenda__Rise_1_aseprite.uexp" 1386
"C:/Users/silve/OneDrive/Documents/Unreal Projects/MightyHero/Content/Assets/Sprites/Skins/Brenda/Frames/Brenda__Rise_0_aseprite.uasset" 1387
"C:/Users/silve/OneDrive/Documents/Unreal Projects/MightyHero/Content/Assets/Sprites/Skins/Brenda/Frames/Brenda__Rise_0_aseprite.uexp" 1388
"C:/Users/silve/OneDrive/Documents/Unreal Projects/MightyHero/Content/Assets/Sprites/Skins/Brenda/Brenda__Rise.uasset" 1389
"C:/Users/silve/OneDrive/Documents/Unreal Projects/MightyHero/Content/Assets/Sprites/Skins/Brenda/Brenda__Rise.uexp" 1390
"C:/Users/silve/OneDrive/Documents/Unreal Projects/MightyHero/Content/Assets/Sprites/Skins/Brenda/Frames/Brenda__Strike_2_aseprite.uasset" 1391
"C:/Users/silve/OneDrive/Documents/Unreal Projects/MightyHero/Content/Assets/Sprites/Skins/Brenda/Frames/Brenda__Strike_2_aseprite.uexp" 1392
"C:/Users/silve/OneDrive/Documents/Unreal Projects/MightyHero/Content/Assets/Sprites/Skins/Brenda/Frames/Brenda__Strike_0_aseprite.uasset" 1393
"C:/Users/silve/OneDrive/Documents/Unreal Projects/MightyHero/Content/Assets/Sprites/Skins/Brenda/Frames/Brenda__Strike_0_aseprite.uexp" 1394
"C:/Users/silve/OneDrive/Documents/Unreal Projects/MightyHero/Content/Assets/Sprites/Skins/Brenda/Frames/Brenda__Strike_3_aseprite.uasset" 1395
"C:/Users/silve/OneDrive/Documents/Unreal Projects/MightyHero/Content/Assets/Sprites/Skins/Brenda/Frames/Brenda__Strike_3_aseprite.uexp" 1396
"C:/Users/silve/OneDrive/Documents/Unreal Projects/MightyHero/Content/Assets/Sprites/Skins/Brenda/Frames/Brenda__Strike_1_aseprite.uasset" 1397
"C:/Users/silve/OneDrive/Documents/Unreal Projects/MightyHero/Content/Assets/Sprites/Skins/Brenda/Frames/Brenda__Strike_1_aseprite.uexp" 1398
"C:/Users/silve/OneDrive/Documents/Unreal Projects/MightyHero/Content/Assets/Sprites/Skins/Brenda/Brenda__Strike.uasset" 1399
"C:/Users/silve/OneDrive/Documents/Unreal Projects/MightyHero/Content/Assets/Sprites/Skins/Brenda/Brenda__Strike.uexp" 1400
"C:/Users/silve/OneDrive/Documents/Unreal Projects/MightyHero/Content/Assets/Sprites/Skins/Brenda/Brenda_AnimSource.uasset" 1401
"C:/Users/silve/OneDrive/Documents/Unreal Projects/MightyHero/Content/Assets/Sprites/Skins/Brenda/Brenda_AnimSource.uexp" 1402
"C:/Users/silve/OneDrive/Documents/Unreal Projects/MightyHero/Content/Assets/Sprites/Skins/Brenda/AnimSequences/Strike.uasset" 1403
"C:/Users/silve/OneDrive/Documents/Unreal Projects/MightyHero/Content/Assets/Sprites/Skins/Brenda/AnimSequences/Strike.uexp" 1404
"C:/Users/silve/OneDrive/Documents/Unreal Projects/MightyHero/Content/Assets/Sprites/Skins/Brenda/Frames/Brenda__Fall_0_aseprite.uasset" 1405
"C:/Users/silve/OneDrive/Documents/Unreal Projects/MightyHero/Content/Assets/Sprites/Skins/Brenda/Frames/Brenda__Fall_0_aseprite.uexp" 1406
"C:/Users/silve/OneDrive/Documents/Unreal Projects/MightyHero/Content/Assets/Sprites/Skins/Brenda/Frames/Brenda__Fall_1_aseprite.uasset" 1407
"C:/Users/silve/OneDrive/Documents/Unreal Projects/MightyHero/Content/Assets/Sprites/Skins/Brenda/Frames/Brenda__Fall_1_aseprite.uexp" 1408
"C:/Users/silve/OneDrive/Documents/Unreal Projects/MightyHero/Content/Assets/Sprites/Skins/Brenda/Frames/Brenda__Fall_3_aseprite.uasset" 1409
"C:/Users/silve/OneDrive/Documents/Unreal Projects/MightyHero/Content/Assets/Sprites/Skins/Brenda/Frames/Brenda__Fall_3_aseprite.uexp" 1410
"C:/Users/silve/OneDrive/Documents/Unreal Projects/MightyHero/Content/Assets/Sprites/Skins/Brenda/Frames/Brenda__Fall_2_aseprite.uasset" 1411
"C:/Users/silve/OneDrive/Documents/Unreal Projects/MightyHero/Content/Assets/Sprites/Skins/Brenda/Frames/Brenda__Fall_2_aseprite.uexp" 1412
"C:/Users/silve/OneDrive/Documents/Unreal Projects/MightyHero/Content/Assets/Sprites/Skins/Brenda/Brenda__Fall.uasset" 1413
"C:/Users/silve/OneDrive/Documents/Unreal Projects/MightyHero/Content/Assets/Sprites/Skins/Brenda/Brenda__Fall.uexp" 1414
"C:/Users/silve/OneDrive/Documents/Unreal Projects/MightyHero/Content/Assets/Sprites/Skins/Brenda/AnimSequences/Fall.uasset" 1415
"C:/Users/silve/OneDrive/Documents/Unreal Projects/MightyHero/Content/Assets/Sprites/Skins/Brenda/AnimSequences/Fall.uexp" 1416
"C:/Users/silve/OneDrive/Documents/Unreal Projects/MightyHero/Content/Assets/Sprites/Skins/Brenda/AnimSequences/Rise.uasset" 1417
"C:/Users/silve/OneDrive/Documents/Unreal Projects/MightyHero/Content/Assets/Sprites/Skins/Brenda/AnimSequences/Rise.uexp" 1418
"C:/Users/silve/OneDrive/Documents/Unreal Projects/MightyHero/Content/Assets/Sprites/Skins/Brenda/Frames/Brenda__Idle_1_aseprite.uasset" 1419
"C:/Users/silve/OneDrive/Documents/Unreal Projects/MightyHero/Content/Assets/Sprites/Skins/Brenda/Frames/Brenda__Idle_1_aseprite.uexp" 1420
"C:/Users/silve/OneDrive/Documents/Unreal Projects/MightyHero/Content/Assets/Sprites/Skins/Brenda/Frames/Brenda__Idle_2_aseprite.uasset" 1421
"C:/Users/silve/OneDrive/Documents/Unreal Projects/MightyHero/Content/Assets/Sprites/Skins/Brenda/Frames/Brenda__Idle_2_aseprite.uexp" 1422
"C:/Users/silve/OneDrive/Documents/Unreal Projects/MightyHero/Content/Assets/Sprites/Skins/Brenda/Frames/Brenda__Idle_8_aseprite.uasset" 1423
"C:/Users/silve/OneDrive/Documents/Unreal Projects/MightyHero/Content/Assets/Sprites/Skins/Brenda/Frames/Brenda__Idle_8_aseprite.uexp" 1424
"C:/Users/silve/OneDrive/Documents/Unreal Projects/MightyHero/Content/Assets/Sprites/Skins/Brenda/Frames/Brenda__Idle_3_aseprite.uasset" 1425
"C:/Users/silve/OneDrive/Documents/Unreal Projects/MightyHero/Content/Assets/Sprites/Skins/Brenda/Frames/Brenda__Idle_3_aseprite.uexp" 1426
"C:/Users/silve/OneDrive/Documents/Unreal Projects/MightyHero/Content/Assets/Sprites/Skins/Brenda/Frames/Brenda__Idle_7_aseprite.uasset" 1427
"C:/Users/silve/OneDrive/Documents/Unreal Projects/MightyHero/Content/Assets/Sprites/Skins/Brenda/Frames/Brenda__Idle_7_aseprite.uexp" 1428
"C:/Users/silve/OneDrive/Documents/Unreal Projects/MightyHero/Content/Assets/Sprites/Skins/Brenda/Frames/Brenda__Idle_9_aseprite.uasset" 1429
"C:/Users/silve/OneDrive/Documents/Unreal Projects/MightyHero/Content/Assets/Sprites/Skins/Brenda/Frames/Brenda__Idle_9_aseprite.uexp" 1430
"C:/Users/silve/OneDrive/Documents/Unreal Projects/MightyHero/Content/Assets/Sprites/Skins/Brenda/Frames/Brenda__Idle_5_aseprite.uasset" 1431
"C:/Users/silve/OneDrive/Documents/Unreal Projects/MightyHero/Content/Assets/Sprites/Skins/Brenda/Frames/Brenda__Idle_5_aseprite.uexp" 1432
"C:/Users/silve/OneDrive/Documents/Unreal Projects/MightyHero/Content/Assets/Sprites/Skins/Brenda/Frames/Brenda__Idle_0_aseprite.uasset" 1433
"C:/Users/silve/OneDrive/Documents/Unreal Projects/MightyHero/Content/Assets/Sprites/Skins/Brenda/Frames/Brenda__Idle_0_aseprite.uexp" 1434
"C:/Users/silve/OneDrive/Documents/Unreal Projects/MightyHero/Content/Assets/Sprites/Skins/Brenda/Frames/Brenda__Idle_6_aseprite.uasset" 1435
"C:/Users/silve/OneDrive/Documents/Unreal Projects/MightyHero/Content/Assets/Sprites/Skins/Brenda/Frames/Brenda__Idle_6_aseprite.uexp" 1436
"C:/Users/silve/OneDrive/Documents/Unreal Projects/MightyHero/Content/Assets/Sprites/Skins/Brenda/Frames/Brenda__Idle_4_aseprite.uasset" 1437
"C:/Users/silve/OneDrive/Documents/Unreal Projects/MightyHero/Content/Assets/Sprites/Skins/Brenda/Frames/Brenda__Idle_4_aseprite.uexp" 1438
"C:/Users/silve/OneDrive/Documents/Unreal Projects/MightyHero/Content/Assets/Sprites/Skins/Brenda/Brenda__Idle.uasset" 1439
"C:/Users/silve/OneDrive/Documents/Unreal Projects/MightyHero/Content/Assets/Sprites/Skins/Brenda/Brenda__Idle.uexp" 1440
"C:/Users/silve/OneDrive/Documents/Unreal Projects/MightyHero/Content/Assets/Sprites/Skins/Brenda/AnimSequences/Idle.uasset" 1441
"C:/Users/silve/OneDrive/Documents/Unreal Projects/MightyHero/Content/Assets/Sprites/Skins/Brenda/AnimSequences/Idle.uexp" 1442
"C:/Users/silve/OneDrive/Documents/Unreal Projects/MightyHero/Content/Assets/Sprites/Skins/Brenda/Frames/Brenda__Sadness_4_aseprite.uasset" 1443
"C:/Users/silve/OneDrive/Documents/Unreal Projects/MightyHero/Content/Assets/Sprites/Skins/Brenda/Frames/Brenda__Sadness_4_aseprite.uexp" 1444
"C:/Users/silve/OneDrive/Documents/Unreal Projects/MightyHero/Content/Assets/Sprites/Skins/Brenda/Frames/Brenda__Sadness_1_aseprite.uasset" 1445
"C:/Users/silve/OneDrive/Documents/Unreal Projects/MightyHero/Content/Assets/Sprites/Skins/Brenda/Frames/Brenda__Sadness_1_aseprite.uexp" 1446
"C:/Users/silve/OneDrive/Documents/Unreal Projects/MightyHero/Content/Assets/Sprites/Skins/Brenda/Frames/Brenda__Sadness_3_aseprite.uasset" 1447
"C:/Users/silve/OneDrive/Documents/Unreal Projects/MightyHero/Content/Assets/Sprites/Skins/Brenda/Frames/Brenda__Sadness_3_aseprite.uexp" 1448
"C:/Users/silve/OneDrive/Documents/Unreal Projects/MightyHero/Content/Assets/Sprites/Skins/Brenda/Frames/Brenda__Sadness_0_aseprite.uasset" 1449
"C:/Users/silve/OneDrive/Documents/Unreal Projects/MightyHero/Content/Assets/Sprites/Skins/Brenda/Frames/Brenda__Sadness_0_aseprite.uexp" 1450
"C:/Users/silve/OneDrive/Documents/Unreal Projects/MightyHero/Content/Assets/Sprites/Skins/Brenda/Frames/Brenda__Sadness_2_aseprite.uasset" 1451
"C:/Users/silve/OneDrive/Documents/Unreal Projects/MightyHero/Content/Assets/Sprites/Skins/Brenda/Frames/Brenda__Sadness_2_aseprite.uexp" 1452
"C:/Users/silve/OneDrive/Documents/Unreal Projects/MightyHero/Content/Assets/Sprites/Skins/Brenda/Brenda__Sadness.uasset" 1453
"C:/Users/silve/OneDrive/Documents/Unreal Projects/MightyHero/Content/Assets/Sprites/Skins/Brenda/Brenda__Sadness.uexp" 1454
"C:/Users/silve/OneDrive/Documents/Unreal Projects/MightyHero/Content/Assets/Sprites/Skins/Brenda/AnimSequences/Sad.uasset" 1455
"C:/Users/silve/OneDrive/Documents/Unreal Projects/MightyHero/Content/Assets/Sprites/Skins/Brenda/AnimSequences/Sad.uexp" 1456
"C:/Users/silve/OneDrive/Documents/Unreal Projects/MightyHero/Content/Assets/Sprites/Skins/Brenda/ABP_Brenda.uasset" 1457
"C:/Users/silve/OneDrive/Documents/Unreal Projects/MightyHero/Content/Assets/Sprites/Skins/Brenda/ABP_Brenda.uexp" 1458
"C:/Users/silve/OneDrive/Documents/Unreal Projects/MightyHero/Content/Blueprints/Skins/BP_Brenda.uasset" 1459
"C:/Users/silve/OneDrive/Documents/Unreal Projects/MightyHero/Content/Blueprints/Skins/BP_Brenda.uexp" 1460
"C:/Users/silve/OneDrive/Documents/Unreal Projects/MightyHero/Content/Assets/Sprites/Skins/King/Textures/King.uasset" 1461
"C:/Users/silve/OneDrive/Documents/Unreal Projects/MightyHero/Content/Assets/Sprites/Skins/King/Textures/King.uexp" 1462
"C:/Users/silve/OneDrive/Documents/Unreal Projects/MightyHero/Content/Assets/Sprites/Skins/King/Frames/King__Fall_1_aseprite.uasset" 1463
"C:/Users/silve/OneDrive/Documents/Unreal Projects/MightyHero/Content/Assets/Sprites/Skins/King/Frames/King__Fall_1_aseprite.uexp" 1464
"C:/Users/silve/OneDrive/Documents/Unreal Projects/MightyHero/Content/Assets/Sprites/Skins/King/Frames/King__Fall_0_aseprite.uasset" 1465
"C:/Users/silve/OneDrive/Documents/Unreal Projects/MightyHero/Content/Assets/Sprites/Skins/King/Frames/King__Fall_0_aseprite.uexp" 1466
"C:/Users/silve/OneDrive/Documents/Unreal Projects/MightyHero/Content/Assets/Sprites/Skins/King/Frames/King__Fall_3_aseprite.uasset" 1467
"C:/Users/silve/OneDrive/Documents/Unreal Projects/MightyHero/Content/Assets/Sprites/Skins/King/Frames/King__Fall_3_aseprite.uexp" 1468
"C:/Users/silve/OneDrive/Documents/Unreal Projects/MightyHero/Content/Assets/Sprites/Skins/King/Frames/King__Fall_2_aseprite.uasset" 1469
"C:/Users/silve/OneDrive/Documents/Unreal Projects/MightyHero/Content/Assets/Sprites/Skins/King/Frames/King__Fall_2_aseprite.uexp" 1470
"C:/Users/silve/OneDrive/Documents/Unreal Projects/MightyHero/Content/Assets/Sprites/Skins/King/King__Fall.uasset" 1471
"C:/Users/silve/OneDrive/Documents/Unreal Projects/MightyHero/Content/Assets/Sprites/Skins/King/King__Fall.uexp" 1472
"C:/Users/silve/OneDrive/Documents/Unreal Projects/MightyHero/Content/Assets/Sprites/Skins/King/King_AnimSource.uasset" 1473
"C:/Users/silve/OneDrive/Documents/Unreal Projects/MightyHero/Content/Assets/Sprites/Skins/King/King_AnimSource.uexp" 1474
"C:/Users/silve/OneDrive/Documents/Unreal Projects/MightyHero/Content/Assets/Sprites/Skins/King/AnimSequences/Fall.uasset" 1475
"C:/Users/silve/OneDrive/Documents/Unreal Projects/MightyHero/Content/Assets/Sprites/Skins/King/AnimSequences/Fall.uexp" 1476
"C:/Users/silve/OneDrive/Documents/Unreal Projects/MightyHero/Content/Assets/Sprites/Skins/King/Frames/King__Strike_0_aseprite.uasset" 1477
"C:/Users/silve/OneDrive/Documents/Unreal Projects/MightyHero/Content/Assets/Sprites/Skins/King/Frames/King__Strike_0_aseprite.uexp" 1478
"C:/Users/silve/OneDrive/Documents/Unreal Projects/MightyHero/Content/Assets/Sprites/Skins/King/Frames/King__Strike_3_aseprite.uasset" 1479
"C:/Users/silve/OneDrive/Documents/Unreal Projects/MightyHero/Content/Assets/Sprites/Skins/King/Frames/King__Strike_3_aseprite.uexp" 1480
"C:/Users/silve/OneDrive/Documents/Unreal Projects/MightyHero/Content/Assets/Sprites/Skins/King/Frames/King__Strike_1_aseprite.uasset" 1481
"C:/Users/silve/OneDrive/Documents/Unreal Projects/MightyHero/Content/Assets/Sprites/Skins/King/Frames/King__Strike_1_aseprite.uexp" 1482
"C:/Users/silve/OneDrive/Documents/Unreal Projects/MightyHero/Content/Assets/Sprites/Skins/King/Frames/King__Strike_2_aseprite.uasset" 1483
"C:/Users/silve/OneDrive/Documents/Unreal Projects/MightyHero/Content/Assets/Sprites/Skins/King/Frames/King__Strike_2_aseprite.uexp" 1484
"C:/Users/silve/OneDrive/Documents/Unreal Projects/MightyHero/Content/Assets/Sprites/Skins/King/Frames/King__Strike_4_aseprite.uasset" 1485
"C:/Users/silve/OneDrive/Documents/Unreal Projects/MightyHero/Content/Assets/Sprites/Skins/King/Frames/King__Strike_4_aseprite.uexp" 1486
"C:/Users/silve/OneDrive/Documents/Unreal Projects/MightyHero/Content/Assets/Sprites/Skins/King/King__Strike.uasset" 1487
"C:/Users/silve/OneDrive/Documents/Unreal Projects/MightyHero/Content/Assets/Sprites/Skins/King/King__Strike.uexp" 1488
"C:/Users/silve/OneDrive/Documents/Unreal Projects/MightyHero/Content/Assets/Sprites/Skins/King/AnimSequences/Strike.uasset" 1489
"C:/Users/silve/OneDrive/Documents/Unreal Projects/MightyHero/Content/Assets/Sprites/Skins/King/AnimSequences/Strike.uexp" 1490
"C:/Users/silve/OneDrive/Documents/Unreal Projects/MightyHero/Content/Assets/Sprites/Skins/King/Frames/King__Sadness_6_aseprite.uasset" 1491
"C:/Users/silve/OneDrive/Documents/Unreal Projects/MightyHero/Content/Assets/Sprites/Skins/King/Frames/King__Sadness_6_aseprite.uexp" 1492
"C:/Users/silve/OneDrive/Documents/Unreal Projects/MightyHero/Content/Assets/Sprites/Skins/King/Frames/King__Sadness_2_aseprite.uasset" 1493
"C:/Users/silve/OneDrive/Documents/Unreal Projects/MightyHero/Content/Assets/Sprites/Skins/King/Frames/King__Sadness_2_aseprite.uexp" 1494
"C:/Users/silve/OneDrive/Documents/Unreal Projects/MightyHero/Content/Assets/Sprites/Skins/King/Frames/King__Sadness_3_aseprite.uasset" 1495
"C:/Users/silve/OneDrive/Documents/Unreal Projects/MightyHero/Content/Assets/Sprites/Skins/King/Frames/King__Sadness_3_aseprite.uexp" 1496
"C:/Users/silve/OneDrive/Documents/Unreal Projects/MightyHero/Content/Assets/Sprites/Skins/King/Frames/King__Sadness_7_aseprite.uasset" 1497
"C:/Users/silve/OneDrive/Documents/Unreal Projects/MightyHero/Content/Assets/Sprites/Skins/King/Frames/King__Sadness_7_aseprite.uexp" 1498
"C:/Users/silve/OneDrive/Documents/Unreal Projects/MightyHero/Content/Assets/Sprites/Skins/King/Frames/King__Sadness_4_aseprite.uasset" 1499
"C:/Users/silve/OneDrive/Documents/Unreal Projects/MightyHero/Content/Assets/Sprites/Skins/King/Frames/King__Sadness_4_aseprite.uexp" 1500
"C:/Users/silve/OneDrive/Documents/Unreal Projects/MightyHero/Content/Assets/Sprites/Skins/King/Frames/King__Sadness_0_aseprite.uasset" 1501
"C:/Users/silve/OneDrive/Documents/Unreal Projects/MightyHero/Content/Assets/Sprites/Skins/King/Frames/King__Sadness_0_aseprite.uexp" 1502
"C:/Users/silve/OneDrive/Documents/Unreal Projects/MightyHero/Content/Assets/Sprites/Skins/King/Frames/King__Sadness_5_aseprite.uasset" 1503
"C:/Users/silve/OneDrive/Documents/Unreal Projects/MightyHero/Content/Assets/Sprites/Skins/King/Frames/King__Sadness_5_aseprite.uexp" 1504
"C:/Users/silve/OneDrive/Documents/Unreal Projects/MightyHero/Content/Assets/Sprites/Skins/King/Frames/King__Sadness_1_aseprite.uasset" 1505
"C:/Users/silve/OneDrive/Documents/Unreal Projects/MightyHero/Content/Assets/Sprites/Skins/King/Frames/King__Sadness_1_aseprite.uexp" 1506
"C:/Users/silve/OneDrive/Documents/Unreal Projects/MightyHero/Content/Assets/Sprites/Skins/King/King__Sadness.uasset" 1507
"C:/Users/silve/OneDrive/Documents/Unreal Projects/MightyHero/Content/Assets/Sprites/Skins/King/King__Sadness.uexp" 1508
"C:/Users/silve/OneDrive/Documents/Unreal Projects/MightyHero/Content/Assets/Sprites/Skins/King/AnimSequences/Sad.uasset" 1509
"C:/Users/silve/OneDrive/Documents/Unreal Projects/MightyHero/Content/Assets/Sprites/Skins/King/AnimSequences/Sad.uexp" 1510
"C:/Users/silve/OneDrive/Documents/Unreal Projects/MightyHero/Content/Assets/Sprites/Skins/King/Frames/King__Idle_3_aseprite.uasset" 1511
"C:/Users/silve/OneDrive/Documents/Unreal Projects/MightyHero/Content/Assets/Sprites/Skins/King/Frames/King__Idle_3_aseprite.uexp" 1512
"C:/Users/silve/OneDrive/Documents/Unreal Projects/MightyHero/Content/Assets/Sprites/Skins/King/Frames/King__Idle_7_aseprite.uasset" 1513
"C:/Users/silve/OneDrive/Documents/Unreal Projects/MightyHero/Content/Assets/Sprites/Skins/King/Frames/King__Idle_7_aseprite.uexp" 1514
"C:/Users/silve/OneDrive/Documents/Unreal Projects/MightyHero/Content/Assets/Sprites/Skins/King/Frames/King__Idle_9_aseprite.uasset" 1515
"C:/Users/silve/OneDrive/Documents/Unreal Projects/MightyHero/Content/Assets/Sprites/Skins/King/Frames/King__Idle_9_aseprite.uexp" 1516
"C:/Users/silve/OneDrive/Documents/Unreal Projects/MightyHero/Content/Assets/Sprites/Skins/King/Frames/King__Idle_0_aseprite.uasset" 1517
"C:/Users/silve/OneDrive/Documents/Unreal Projects/MightyHero/Content/Assets/Sprites/Skins/King/Frames/King__Idle_0_aseprite.uexp" 1518
"C:/Users/silve/OneDrive/Documents/Unreal Projects/MightyHero/Content/Assets/Sprites/Skins/King/Frames/King__Idle_1_aseprite.uasset" 1519
"C:/Users/silve/OneDrive/Documents/Unreal Projects/MightyHero/Content/Assets/Sprites/Skins/King/Frames/King__Idle_1_aseprite.uexp" 1520
"C:/Users/silve/OneDrive/Documents/Unreal Projects/MightyHero/Content/Assets/Sprites/Skins/King/Frames/King__Idle_6_aseprite.uasset" 1521
"C:/Users/silve/OneDrive/Documents/Unreal Projects/MightyHero/Content/Assets/Sprites/Skins/King/Frames/King__Idle_6_aseprite.uexp" 1522
"C:/Users/silve/OneDrive/Documents/Unreal Projects/MightyHero/Content/Assets/Sprites/Skins/King/Frames/King__Idle_5_aseprite.uasset" 1523
"C:/Users/silve/OneDrive/Documents/Unreal Projects/MightyHero/Content/Assets/Sprites/Skins/King/Frames/King__Idle_5_aseprite.uexp" 1524
"C:/Users/silve/OneDrive/Documents/Unreal Projects/MightyHero/Content/Assets/Sprites/Skins/King/Frames/King__Idle_4_aseprite.uasset" 1525
"C:/Users/silve/OneDrive/Documents/Unreal Projects/MightyHero/Content/Assets/Sprites/Skins/King/Frames/King__Idle_4_aseprite.uexp" 1526
"C:/Users/silve/OneDrive/Documents/Unreal Projects/MightyHero/Content/Assets/Sprites/Skins/King/Frames/King__Idle_2_aseprite.uasset" 1527
"C:/Users/silve/OneDrive/Documents/Unreal Projects/MightyHero/Content/Assets/Sprites/Skins/King/Frames/King__Idle_2_aseprite.uexp" 1528
"C:/Users/silve/OneDrive/Documents/Unreal Projects/MightyHero/Content/Assets/Sprites/Skins/King/Frames/King__Idle_8_aseprite.uasset" 1529
"C:/Users/silve/OneDrive/Documents/Unreal Projects/MightyHero/Content/Assets/Sprites/Skins/King/Frames/King__Idle_8_aseprite.uexp" 1530
"C:/Users/silve/OneDrive/Documents/Unreal Projects/MightyHero/Content/Assets/Sprites/Skins/King/King__Idle.uasset" 1531
"C:/Users/silve/OneDrive/Documents/Unreal Projects/MightyHero/Content/Assets/Sprites/Skins/King/King__Idle.uexp" 1532
"C:/Users/silve/OneDrive/Documents/Unreal Projects/MightyHero/Content/Assets/Sprites/Skins/King/AnimSequences/Idle.uasset" 1533
"C:/Users/silve/OneDrive/Documents/Unreal Projects/MightyHero/Content/Assets/Sprites/Skins/King/AnimSequences/Idle.uexp" 1534
"C:/Users/silve/OneDrive/Documents/Unreal Projects/MightyHero/Content/Assets/Sprites/Skins/King/Frames/King__Rise_1_aseprite.uasset" 1535
"C:/Users/silve/OneDrive/Documents/Unreal Projects/MightyHero/Content/Assets/Sprites/Skins/King/Frames/King__Rise_1_aseprite.uexp" 1536
"C:/Users/silve/OneDrive/Documents/Unreal Projects/MightyHero/Content/Assets/Sprites/Skins/King/Frames/King__Rise_3_aseprite.uasset" 1537
"C:/Users/silve/OneDrive/Documents/Unreal Projects/MightyHero/Content/Assets/Sprites/Skins/King/Frames/King__Rise_3_aseprite.uexp" 1538
"C:/Users/silve/OneDrive/Documents/Unreal Projects/MightyHero/Content/Assets/Sprites/Skins/King/Frames/King__Rise_2_aseprite.uasset" 1539
"C:/Users/silve/OneDrive/Documents/Unreal Projects/MightyHero/Content/Assets/Sprites/Skins/King/Frames/King__Rise_2_aseprite.uexp" 1540
"C:/Users/silve/OneDrive/Documents/Unreal Projects/MightyHero/Content/Assets/Sprites/Skins/King/Frames/King__Rise_0_aseprite.uasset" 1541
"C:/Users/silve/OneDrive/Documents/Unreal Projects/MightyHero/Content/Assets/Sprites/Skins/King/Frames/King__Rise_0_aseprite.uexp" 1542
"C:/Users/silve/OneDrive/Documents/Unreal Projects/MightyHero/Content/Assets/Sprites/Skins/King/King__Rise.uasset" 1543
"C:/Users/silve/OneDrive/Documents/Unreal Projects/MightyHero/Content/Assets/Sprites/Skins/King/King__Rise.uexp" 1544
"C:/Users/silve/OneDrive/Documents/Unreal Projects/MightyHero/Content/Assets/Sprites/Skins/King/AnimSequences/Rise.uasset" 1545
"C:/Users/silve/OneDrive/Documents/Unreal Projects/MightyHero/Content/Assets/Sprites/Skins/King/AnimSequences/Rise.uexp" 1546
"C:/Users/silve/OneDrive/Documents/Unreal Projects/MightyHero/Content/Assets/Sprites/Skins/King/King_ABP.uasset" 1547
"C:/Users/silve/OneDrive/Documents/Unreal Projects/MightyHero/Content/Assets/Sprites/Skins/King/King_ABP.uexp" 1548
"C:/Users/silve/OneDrive/Documents/Unreal Projects/MightyHero/Content/Blueprints/Skins/BP_King.uasset" 1549
"C:/Users/silve/OneDrive/Documents/Unreal Projects/MightyHero/Content/Blueprints/Skins/BP_King.uexp" 1550
"C:/Users/silve/OneDrive/Documents/Unreal Projects/MightyHero/Content/Assets/Sprites/Skins/MCBlue/Textures/TonyBlue.uasset" 1551
"C:/Users/silve/OneDrive/Documents/Unreal Projects/MightyHero/Content/Assets/Sprites/Skins/MCBlue/Textures/TonyBlue.uexp" 1552
"C:/Users/silve/OneDrive/Documents/Unreal Projects/MightyHero/Content/Assets/Sprites/Skins/MCBlue/Frames/TonyBlue__Idle_6_aseprite.uasset" 1553
"C:/Users/silve/OneDrive/Documents/Unreal Projects/MightyHero/Content/Assets/Sprites/Skins/MCBlue/Frames/TonyBlue__Idle_6_aseprite.uexp" 1554
"C:/Users/silve/OneDrive/Documents/Unreal Projects/MightyHero/Content/Assets/Sprites/Skins/MCBlue/Frames/TonyBlue__Idle_0_aseprite.uasset" 1555
"C:/Users/silve/OneDrive/Documents/Unreal Projects/MightyHero/Content/Assets/Sprites/Skins/MCBlue/Frames/TonyBlue__Idle_0_aseprite.uexp" 1556
"C:/Users/silve/OneDrive/Documents/Unreal Projects/MightyHero/Content/Assets/Sprites/Skins/MCBlue/Frames/TonyBlue__Idle_5_aseprite.uasset" 1557
"C:/Users/silve/OneDrive/Documents/Unreal Projects/MightyHero/Content/Assets/Sprites/Skins/MCBlue/Frames/TonyBlue__Idle_5_aseprite.uexp" 1558
"C:/Users/silve/OneDrive/Documents/Unreal Projects/MightyHero/Content/Assets/Sprites/Skins/MCBlue/Frames/TonyBlue__Idle_4_aseprite.uasset" 1559
"C:/Users/silve/OneDrive/Documents/Unreal Projects/MightyHero/Content/Assets/Sprites/Skins/MCBlue/Frames/TonyBlue__Idle_4_aseprite.uexp" 1560
"C:/Users/silve/OneDrive/Documents/Unreal Projects/MightyHero/Content/Assets/Sprites/Skins/MCBlue/Frames/TonyBlue__Idle_3_aseprite.uasset" 1561
"C:/Users/silve/OneDrive/Documents/Unreal Projects/MightyHero/Content/Assets/Sprites/Skins/MCBlue/Frames/TonyBlue__Idle_3_aseprite.uexp" 1562
"C:/Users/silve/OneDrive/Documents/Unreal Projects/MightyHero/Content/Assets/Sprites/Skins/MCBlue/Frames/TonyBlue__Idle_7_aseprite.uasset" 1563
"C:/Users/silve/OneDrive/Documents/Unreal Projects/MightyHero/Content/Assets/Sprites/Skins/MCBlue/Frames/TonyBlue__Idle_7_aseprite.uexp" 1564
"C:/Users/silve/OneDrive/Documents/Unreal Projects/MightyHero/Content/Assets/Sprites/Skins/MCBlue/Frames/TonyBlue__Idle_9_aseprite.uasset" 1565
"C:/Users/silve/OneDrive/Documents/Unreal Projects/MightyHero/Content/Assets/Sprites/Skins/MCBlue/Frames/TonyBlue__Idle_9_aseprite.uexp" 1566
"C:/Users/silve/OneDrive/Documents/Unreal Projects/MightyHero/Content/Assets/Sprites/Skins/MCBlue/Frames/TonyBlue__Idle_1_aseprite.uasset" 1567
"C:/Users/silve/OneDrive/Documents/Unreal Projects/MightyHero/Content/Assets/Sprites/Skins/MCBlue/Frames/TonyBlue__Idle_1_aseprite.uexp" 1568
"C:/Users/silve/OneDrive/Documents/Unreal Projects/MightyHero/Content/Assets/Sprites/Skins/MCBlue/Frames/TonyBlue__Idle_2_aseprite.uasset" 1569
"C:/Users/silve/OneDrive/Documents/Unreal Projects/MightyHero/Content/Assets/Sprites/Skins/MCBlue/Frames/TonyBlue__Idle_2_aseprite.uexp" 1570
"C:/Users/silve/OneDrive/Documents/Unreal Projects/MightyHero/Content/Assets/Sprites/Skins/MCBlue/Frames/TonyBlue__Idle_8_aseprite.uasset" 1571
"C:/Users/silve/OneDrive/Documents/Unreal Projects/MightyHero/Content/Assets/Sprites/Skins/MCBlue/Frames/TonyBlue__Idle_8_aseprite.uexp" 1572
"C:/Users/silve/OneDrive/Documents/Unreal Projects/MightyHero/Content/Assets/Sprites/Skins/MCBlue/TonyBlue__Idle.uasset" 1573
"C:/Users/silve/OneDrive/Documents/Unreal Projects/MightyHero/Content/Assets/Sprites/Skins/MCBlue/TonyBlue__Idle.uexp" 1574
"C:/Users/silve/OneDrive/Documents/Unreal Projects/MightyHero/Content/Assets/Sprites/Skins/MCBlue/MC_Blue_AnimSource.uasset" 1575
"C:/Users/silve/OneDrive/Documents/Unreal Projects/MightyHero/Content/Assets/Sprites/Skins/MCBlue/MC_Blue_AnimSource.uexp" 1576
"C:/Users/silve/OneDrive/Documents/Unreal Projects/MightyHero/Content/Assets/Sprites/Skins/MCBlue/Frames/TonyBlue__Sadness_7_aseprite.uasset" 1577
"C:/Users/silve/OneDrive/Documents/Unreal Projects/MightyHero/Content/Assets/Sprites/Skins/MCBlue/Frames/TonyBlue__Sadness_7_aseprite.uexp" 1578
"C:/Users/silve/OneDrive/Documents/Unreal Projects/MightyHero/Content/Assets/Sprites/Skins/MCBlue/Frames/TonyBlue__Sadness_4_aseprite.uasset" 1579
"C:/Users/silve/OneDrive/Documents/Unreal Projects/MightyHero/Content/Assets/Sprites/Skins/MCBlue/Frames/TonyBlue__Sadness_4_aseprite.uexp" 1580
"C:/Users/silve/OneDrive/Documents/Unreal Projects/MightyHero/Content/Assets/Sprites/Skins/MCBlue/Frames/TonyBlue__Sadness_5_aseprite.uasset" 1581
"C:/Users/silve/OneDrive/Documents/Unreal Projects/MightyHero/Content/Assets/Sprites/Skins/MCBlue/Frames/TonyBlue__Sadness_5_aseprite.uexp" 1582
"C:/Users/silve/OneDrive/Documents/Unreal Projects/MightyHero/Content/Assets/Sprites/Skins/MCBlue/Frames/TonyBlue__Sadness_0_aseprite.uasset" 1583
"C:/Users/silve/OneDrive/Documents/Unreal Projects/MightyHero/Content/Assets/Sprites/Skins/MCBlue/Frames/TonyBlue__Sadness_0_aseprite.uexp" 1584
"C:/Users/silve/OneDrive/Documents/Unreal Projects/MightyHero/Content/Assets/Sprites/Skins/MCBlue/Frames/TonyBlue__Sadness_3_aseprite.uasset" 1585
"C:/Users/silve/OneDrive/Documents/Unreal Projects/MightyHero/Content/Assets/Sprites/Skins/MCBlue/Frames/TonyBlue__Sadness_3_aseprite.uexp" 1586
"C:/Users/silve/OneDrive/Documents/Unreal Projects/MightyHero/Content/Assets/Sprites/Skins/MCBlue/Frames/TonyBlue__Sadness_2_aseprite.uasset" 1587
"C:/Users/silve/OneDrive/Documents/Unreal Projects/MightyHero/Content/Assets/Sprites/Skins/MCBlue/Frames/TonyBlue__Sadness_2_aseprite.uexp" 1588
"C:/Users/silve/OneDrive/Documents/Unreal Projects/MightyHero/Content/Assets/Sprites/Skins/MCBlue/Frames/TonyBlue__Sadness_1_aseprite.uasset" 1589
"C:/Users/silve/OneDrive/Documents/Unreal Projects/MightyHero/Content/Assets/Sprites/Skins/MCBlue/Frames/TonyBlue__Sadness_1_aseprite.uexp" 1590
"C:/Users/silve/OneDrive/Documents/Unreal Projects/MightyHero/Content/Assets/Sprites/Skins/MCBlue/Frames/TonyBlue__Sadness_6_aseprite.uasset" 1591
"C:/Users/silve/OneDrive/Documents/Unreal Projects/MightyHero/Content/Assets/Sprites/Skins/MCBlue/Frames/TonyBlue__Sadness_6_aseprite.uexp" 1592
"C:/Users/silve/OneDrive/Documents/Unreal Projects/MightyHero/Content/Assets/Sprites/Skins/MCBlue/TonyBlue__Sadness.uasset" 1593
"C:/Users/silve/OneDrive/Documents/Unreal Projects/MightyHero/Content/Assets/Sprites/Skins/MCBlue/TonyBlue__Sadness.uexp" 1594
"C:/Users/silve/OneDrive/Documents/Unreal Projects/MightyHero/Content/Assets/Sprites/Skins/MCBlue/AnimSequences/Sad.uasset" 1595
"C:/Users/silve/OneDrive/Documents/Unreal Projects/MightyHero/Content/Assets/Sprites/Skins/MCBlue/AnimSequences/Sad.uexp" 1596
"C:/Users/silve/OneDrive/Documents/Unreal Projects/MightyHero/Content/Assets/Sprites/Skins/MCBlue/Frames/TonyBlue__Fall_1_aseprite.uasset" 1597
"C:/Users/silve/OneDrive/Documents/Unreal Projects/MightyHero/Content/Assets/Sprites/Skins/MCBlue/Frames/TonyBlue__Fall_1_aseprite.uexp" 1598
"C:/Users/silve/OneDrive/Documents/Unreal Projects/MightyHero/Content/Assets/Sprites/Skins/MCBlue/Frames/TonyBlue__Fall_2_aseprite.uasset" 1599
"C:/Users/silve/OneDrive/Documents/Unreal Projects/MightyHero/Content/Assets/Sprites/Skins/MCBlue/Frames/TonyBlue__Fall_2_aseprite.uexp" 1600
"C:/Users/silve/OneDrive/Documents/Unreal Projects/MightyHero/Content/Assets/Sprites/Skins/MCBlue/Frames/TonyBlue__Fall_0_aseprite.uasset" 1601
"C:/Users/silve/OneDrive/Documents/Unreal Projects/MightyHero/Content/Assets/Sprites/Skins/MCBlue/Frames/TonyBlue__Fall_0_aseprite.uexp" 1602
"C:/Users/silve/OneDrive/Documents/Unreal Projects/MightyHero/Content/Assets/Sprites/Skins/MCBlue/Frames/TonyBlue__Fall_3_aseprite.uasset" 1603
"C:/Users/silve/OneDrive/Documents/Unreal Projects/MightyHero/Content/Assets/Sprites/Skins/MCBlue/Frames/TonyBlue__Fall_3_aseprite.uexp" 1604
"C:/Users/silve/OneDrive/Documents/Unreal Projects/MightyHero/Content/Assets/Sprites/Skins/MCBlue/TonyBlue__Fall.uasset" 1605
"C:/Users/silve/OneDrive/Documents/Unreal Projects/MightyHero/Content/Assets/Sprites/Skins/MCBlue/TonyBlue__Fall.uexp" 1606
"C:/Users/silve/OneDrive/Documents/Unreal Projects/MightyHero/Content/Assets/Sprites/Skins/MCBlue/AnimSequences/Fall.uasset" 1607
"C:/Users/silve/OneDrive/Documents/Unreal Projects/MightyHero/Content/Assets/Sprites/Skins/MCBlue/AnimSequences/Fall.uexp" 1608
"C:/Users/silve/OneDrive/Documents/Unreal Projects/MightyHero/Content/Assets/Sprites/Skins/MCBlue/Frames/TonyBlue__Rise_0_aseprite.uasset" 1609
"C:/Users/silve/OneDrive/Documents/Unreal Projects/MightyHero/Content/Assets/Sprites/Skins/MCBlue/Frames/TonyBlue__Rise_0_aseprite.uexp" 1610
"C:/Users/silve/OneDrive/Documents/Unreal Projects/MightyHero/Content/Assets/Sprites/Skins/MCBlue/Frames/TonyBlue__Rise_1_aseprite.uasset" 1611
"C:/Users/silve/OneDrive/Documents/Unreal Projects/MightyHero/Content/Assets/Sprites/Skins/MCBlue/Frames/TonyBlue__Rise_1_aseprite.uexp" 1612
"C:/Users/silve/OneDrive/Documents/Unreal Projects/MightyHero/Content/Assets/Sprites/Skins/MCBlue/Frames/TonyBlue__Rise_2_aseprite.uasset" 1613
"C:/Users/silve/OneDrive/Documents/Unreal Projects/MightyHero/Content/Assets/Sprites/Skins/MCBlue/Frames/TonyBlue__Rise_2_aseprite.uexp" 1614
"C:/Users/silve/OneDrive/Documents/Unreal Projects/MightyHero/Content/Assets/Sprites/Skins/MCBlue/Frames/TonyBlue__Rise_3_aseprite.uasset" 1615
"C:/Users/silve/OneDrive/Documents/Unreal Projects/MightyHero/Content/Assets/Sprites/Skins/MCBlue/Frames/TonyBlue__Rise_3_aseprite.uexp" 1616
"C:/Users/silve/OneDrive/Documents/Unreal Projects/MightyHero/Content/Assets/Sprites/Skins/MCBlue/TonyBlue__Rise.uasset" 1617
"C:/Users/silve/OneDrive/Documents/Unreal Projects/MightyHero/Content/Assets/Sprites/Skins/MCBlue/TonyBlue__Rise.uexp" 1618
"C:/Users/silve/OneDrive/Documents/Unreal Projects/MightyHero/Content/Assets/Sprites/Skins/MCBlue/AnimSequences/Rise.uasset" 1619
"C:/Users/silve/OneDrive/Documents/Unreal Projects/MightyHero/Content/Assets/Sprites/Skins/MCBlue/AnimSequences/Rise.uexp" 1620
"C:/Users/silve/OneDrive/Documents/Unreal Projects/MightyHero/Content/Assets/Sprites/Skins/MCBlue/Frames/TonyBlue__Strike_3_aseprite.uasset" 1621
"C:/Users/silve/OneDrive/Documents/Unreal Projects/MightyHero/Content/Assets/Sprites/Skins/MCBlue/Frames/TonyBlue__Strike_3_aseprite.uexp" 1622
"C:/Users/silve/OneDrive/Documents/Unreal Projects/MightyHero/Content/Assets/Sprites/Skins/MCBlue/Frames/TonyBlue__Strike_1_aseprite.uasset" 1623
"C:/Users/silve/OneDrive/Documents/Unreal Projects/MightyHero/Content/Assets/Sprites/Skins/MCBlue/Frames/TonyBlue__Strike_1_aseprite.uexp" 1624
"C:/Users/silve/OneDrive/Documents/Unreal Projects/MightyHero/Content/Assets/Sprites/Skins/MCBlue/Frames/TonyBlue__Strike_0_aseprite.uasset" 1625
"C:/Users/silve/OneDrive/Documents/Unreal Projects/MightyHero/Content/Assets/Sprites/Skins/MCBlue/Frames/TonyBlue__Strike_0_aseprite.uexp" 1626
"C:/Users/silve/OneDrive/Documents/Unreal Projects/MightyHero/Content/Assets/Sprites/Skins/MCBlue/Frames/TonyBlue__Strike_2_aseprite.uasset" 1627
"C:/Users/silve/OneDrive/Documents/Unreal Projects/MightyHero/Content/Assets/Sprites/Skins/MCBlue/Frames/TonyBlue__Strike_2_aseprite.uexp" 1628
"C:/Users/silve/OneDrive/Documents/Unreal Projects/MightyHero/Content/Assets/Sprites/Skins/MCBlue/TonyBlue__Strike.uasset" 1629
"C:/Users/silve/OneDrive/Documents/Unreal Projects/MightyHero/Content/Assets/Sprites/Skins/MCBlue/TonyBlue__Strike.uexp" 1630
"C:/Users/silve/OneDrive/Documents/Unreal Projects/MightyHero/Content/Assets/Sprites/Skins/MCBlue/AnimSequences/Strike.uasset" 1631
"C:/Users/silve/OneDrive/Documents/Unreal Projects/MightyHero/Content/Assets/Sprites/Skins/MCBlue/AnimSequences/Strike.uexp" 1632
"C:/Users/silve/OneDrive/Documents/Unreal Projects/MightyHero/Content/Assets/Sprites/Skins/MCBlue/AnimSequences/Idle.uasset" 1633
"C:/Users/silve/OneDrive/Documents/Unreal Projects/MightyHero/Content/Assets/Sprites/Skins/MCBlue/AnimSequences/Idle.uexp" 1634
"C:/Users/silve/OneDrive/Documents/Unreal Projects/MightyHero/Content/Assets/Sprites/Skins/MCBlue/MC_Blue_ABP.uasset" 1635
"C:/Users/silve/OneDrive/Documents/Unreal Projects/MightyHero/Content/Assets/Sprites/Skins/MCBlue/MC_Blue_ABP.uexp" 1636
"C:/Users/silve/OneDrive/Documents/Unreal Projects/MightyHero/Content/Blueprints/Skins/BP_MC_Blue.uasset" 1637
"C:/Users/silve/OneDrive/Documents/Unreal Projects/MightyHero/Content/Blueprints/Skins/BP_MC_Blue.uexp" 1638
"C:/Users/silve/OneDrive/Documents/Unreal Projects/MightyHero/Content/Assets/Sprites/Cards/KingSplash.uasset" 1639
"C:/Users/silve/OneDrive/Documents/Unreal Projects/MightyHero/Content/Assets/Sprites/Cards/KingSplash.uexp" 1640
"C:/Users/silve/OneDrive/Documents/Unreal Projects/MightyHero/Content/Assets/Sprites/Cards/KingSplash_Sprite.uasset" 1641
"C:/Users/silve/OneDrive/Documents/Unreal Projects/MightyHero/Content/Assets/Sprites/Cards/KingSplash_Sprite.uexp" 1642
"C:/Users/silve/OneDrive/Documents/Unreal Projects/MightyHero/Content/Assets/Sprites/Cards/DiegoSplash.uasset" 1643
"C:/Users/silve/OneDrive/Documents/Unreal Projects/MightyHero/Content/Assets/Sprites/Cards/DiegoSplash.uexp" 1644
"C:/Users/silve/OneDrive/Documents/Unreal Projects/MightyHero/Content/Assets/Sprites/Cards/DiegoSplash_Sprite.uasset" 1645
"C:/Users/silve/OneDrive/Documents/Unreal Projects/MightyHero/Content/Assets/Sprites/Cards/DiegoSplash_Sprite.uexp" 1646
"C:/Users/silve/OneDrive/Documents/Unreal Projects/MightyHero/Content/Assets/Sprites/Skins/Citrullus/CitrullusSplash.uasset" 1647
"C:/Users/silve/OneDrive/Documents/Unreal Projects/MightyHero/Content/Assets/Sprites/Skins/Citrullus/CitrullusSplash.uexp" 1648
"C:/Users/silve/OneDrive/Documents/Unreal Projects/MightyHero/Content/Assets/Sprites/Skins/Citrullus/CitrullusSplash_Sprite.uasset" 1649
"C:/Users/silve/OneDrive/Documents/Unreal Projects/MightyHero/Content/Assets/Sprites/Skins/Citrullus/CitrullusSplash_Sprite.uexp" 1650
"C:/Users/silve/OneDrive/Documents/Unreal Projects/MightyHero/Content/Assets/Sprites/Skins/Brenda/BrendaSplash.uasset" 1651
"C:/Users/silve/OneDrive/Documents/Unreal Projects/MightyHero/Content/Assets/Sprites/Skins/Brenda/BrendaSplash.uexp" 1652
"C:/Users/silve/OneDrive/Documents/Unreal Projects/MightyHero/Content/Assets/Sprites/Skins/Brenda/BrendaSplash_Sprite.uasset" 1653
"C:/Users/silve/OneDrive/Documents/Unreal Projects/MightyHero/Content/Assets/Sprites/Skins/Brenda/BrendaSplash_Sprite.uexp" 1654
"C:/Users/silve/OneDrive/Documents/Unreal Projects/MightyHero/Content/Assets/Sprites/Skins/Jemal/JemalSplash.uasset" 1655
"C:/Users/silve/OneDrive/Documents/Unreal Projects/MightyHero/Content/Assets/Sprites/Skins/Jemal/JemalSplash.uexp" 1656
"C:/Users/silve/OneDrive/Documents/Unreal Projects/MightyHero/Content/Assets/Sprites/Skins/Jemal/JemalSplash_Sprite.uasset" 1657
"C:/Users/silve/OneDrive/Documents/Unreal Projects/MightyHero/Content/Assets/Sprites/Skins/Jemal/JemalSplash_Sprite.uexp" 1658
"C:/Users/silve/OneDrive/Documents/Unreal Projects/MightyHero/Content/UI/UMG_CollectionWidget.uasset" 1659
"C:/Users/silve/OneDrive/Documents/Unreal Projects/MightyHero/Content/UI/UMG_CollectionWidget.uexp" 1660
"C:/Users/silve/OneDrive/Documents/Unreal Projects/MightyHero/Content/Assets/Sprites/Coin/Textures/Coin.uasset" 1661
"C:/Users/silve/OneDrive/Documents/Unreal Projects/MightyHero/Content/Assets/Sprites/Coin/Textures/Coin.uexp" 1662
"C:/Users/silve/OneDrive/Documents/Unreal Projects/MightyHero/Content/Assets/Sprites/Coin/Frames/Coins__Collected_1_aseprite.uasset" 1663
"C:/Users/silve/OneDrive/Documents/Unreal Projects/MightyHero/Content/Assets/Sprites/Coin/Frames/Coins__Collected_1_aseprite.uexp" 1664
"C:/Users/silve/OneDrive/Documents/Unreal Projects/MightyHero/Content/Assets/Sprites/Coin/Frames/Coins__Collected_0_aseprite.uasset" 1665
"C:/Users/silve/OneDrive/Documents/Unreal Projects/MightyHero/Content/Assets/Sprites/Coin/Frames/Coins__Collected_0_aseprite.uexp" 1666
"C:/Users/silve/OneDrive/Documents/Unreal Projects/MightyHero/Content/Assets/Sprites/Coin/Coins__Collected.uasset" 1667
"C:/Users/silve/OneDrive/Documents/Unreal Projects/MightyHero/Content/Assets/Sprites/Coin/Coins__Collected.uexp" 1668
"C:/Users/silve/OneDrive/Documents/Unreal Projects/MightyHero/Content/Assets/Sprites/Coin/Frames/Coins__Idle_4_aseprite.uasset" 1669
"C:/Users/silve/OneDrive/Documents/Unreal Projects/MightyHero/Content/Assets/Sprites/Coin/Frames/Coins__Idle_4_aseprite.uexp" 1670
"C:/Users/silve/OneDrive/Documents/Unreal Projects/MightyHero/Content/Assets/Sprites/Coin/Frames/Coins__Idle_8_aseprite.uasset" 1671
"C:/Users/silve/OneDrive/Documents/Unreal Projects/MightyHero/Content/Assets/Sprites/Coin/Frames/Coins__Idle_8_aseprite.uexp" 1672
"C:/Users/silve/OneDrive/Documents/Unreal Projects/MightyHero/Content/Assets/Sprites/Coin/Frames/Coins__Idle_2_aseprite.uasset" 1673
"C:/Users/silve/OneDrive/Documents/Unreal Projects/MightyHero/Content/Assets/Sprites/Coin/Frames/Coins__Idle_2_aseprite.uexp" 1674
"C:/Users/silve/OneDrive/Documents/Unreal Projects/MightyHero/Content/Assets/Sprites/Coin/Frames/Coins__Idle_1_aseprite.uasset" 1675
"C:/Users/silve/OneDrive/Documents/Unreal Projects/MightyHero/Content/Assets/Sprites/Coin/Frames/Coins__Idle_1_aseprite.uexp" 1676
"C:/Users/silve/OneDrive/Documents/Unreal Projects/MightyHero/Content/Assets/Sprites/Coin/Frames/Coins__Idle_5_aseprite.uasset" 1677
"C:/Users/silve/OneDrive/Documents/Unreal Projects/MightyHero/Content/Assets/Sprites/Coin/Frames/Coins__Idle_5_aseprite.uexp" 1678
"C:/Users/silve/OneDrive/Documents/Unreal Projects/MightyHero/Content/Assets/Sprites/Coin/Frames/Coins__Idle_3_aseprite.uasset" 1679
"C:/Users/silve/OneDrive/Documents/Unreal Projects/MightyHero/Content/Assets/Sprites/Coin/Frames/Coins__Idle_3_aseprite.uexp" 1680
"C:/Users/silve/OneDrive/Documents/Unreal Projects/MightyHero/Content/Assets/Sprites/Coin/Frames/Coins__Idle_0_aseprite.uasset" 1681
"C:/Users/silve/OneDrive/Documents/Unreal Projects/MightyHero/Content/Assets/Sprites/Coin/Frames/Coins__Idle_0_aseprite.uexp" 1682
"C:/Users/silve/OneDrive/Documents/Unreal Projects/MightyHero/Content/Assets/Sprites/Coin/Frames/Coins__Idle_6_aseprite.uasset" 1683
"C:/Users/silve/OneDrive/Documents/Unreal Projects/MightyHero/Content/Assets/Sprites/Coin/Frames/Coins__Idle_6_aseprite.uexp" 1684
"C:/Users/silve/OneDrive/Documents/Unreal Projects/MightyHero/Content/Assets/Sprites/Coin/Frames/Coins__Idle_7_aseprite.uasset" 1685
"C:/Users/silve/OneDrive/Documents/Unreal Projects/MightyHero/Content/Assets/Sprites/Coin/Frames/Coins__Idle_7_aseprite.uexp" 1686
"C:/Users/silve/OneDrive/Documents/Unreal Projects/MightyHero/Content/Assets/Sprites/Coin/Coins__Idle.uasset" 1687
"C:/Users/silve/OneDrive/Documents/Unreal Projects/MightyHero/Content/Assets/Sprites/Coin/Coins__Idle.uexp" 1688
"C:/Users/silve/OneDrive/Documents/Unreal Projects/MightyHero/Content/Blueprints/Coins/BP_Coin.uasset" 1689
"C:/Users/silve/OneDrive/Documents/Unreal Projects/MightyHero/Content/Blueprints/Coins/BP_Coin.uexp" 1690
"C:/Users/silve/OneDrive/Documents/Unreal Projects/MightyHero/Content/Blueprints/Coins/BP_CoinsController.uasset" 1691
"C:/Users/silve/OneDrive/Documents/Unreal Projects/MightyHero/Content/Blueprints/Coins/BP_CoinsController.uexp" 1692
"C:/Users/silve/OneDrive/Documents/Unreal Projects/MightyHero/Content/Assets/Sprites/Collectables/Laser/Textures/LaserToken.uasset" 1693
"C:/Users/silve/OneDrive/Documents/Unreal Projects/MightyHero/Content/Assets/Sprites/Collectables/Laser/Textures/LaserToken.uexp" 1694
"C:/Users/silve/OneDrive/Documents/Unreal Projects/MightyHero/Content/Assets/Sprites/Collectables/Laser/Frames/LaserToken__Collected_1_aseprite.uasset" 1695
"C:/Users/silve/OneDrive/Documents/Unreal Projects/MightyHero/Content/Assets/Sprites/Collectables/Laser/Frames/LaserToken__Collected_1_aseprite.uexp" 1696
"C:/Users/silve/OneDrive/Documents/Unreal Projects/MightyHero/Content/Assets/Sprites/Collectables/Laser/Frames/LaserToken__Collected_0_aseprite.uasset" 1697
"C:/Users/silve/OneDrive/Documents/Unreal Projects/MightyHero/Content/Assets/Sprites/Collectables/Laser/Frames/LaserToken__Collected_0_aseprite.uexp" 1698
"C:/Users/silve/OneDrive/Documents/Unreal Projects/MightyHero/Content/Assets/Sprites/Collectables/Laser/Frames/LaserToken__Collected_2_aseprite.uasset" 1699
"C:/Users/silve/OneDrive/Documents/Unreal Projects/MightyHero/Content/Assets/Sprites/Collectables/Laser/Frames/LaserToken__Collected_2_aseprite.uexp" 1700
"C:/Users/silve/OneDrive/Documents/Unreal Projects/MightyHero/Content/Assets/Sprites/Collectables/Laser/LaserToken__Collected.uasset" 1701
"C:/Users/silve/OneDrive/Documents/Unreal Projects/MightyHero/Content/Assets/Sprites/Collectables/Laser/LaserToken__Collected.uexp" 1702
"C:/Users/silve/OneDrive/Documents/Unreal Projects/MightyHero/Content/Assets/Sprites/Collectables/Laser/Frames/LaserToken__Idle_3_aseprite.uasset" 1703
"C:/Users/silve/OneDrive/Documents/Unreal Projects/MightyHero/Content/Assets/Sprites/Collectables/Laser/Frames/LaserToken__Idle_3_aseprite.uexp" 1704
"C:/Users/silve/OneDrive/Documents/Unreal Projects/MightyHero/Content/Assets/Sprites/Collectables/Laser/Frames/LaserToken__Idle_0_aseprite.uasset" 1705
"C:/Users/silve/OneDrive/Documents/Unreal Projects/MightyHero/Content/Assets/Sprites/Collectables/Laser/Frames/LaserToken__Idle_0_aseprite.uexp" 1706
"C:/Users/silve/OneDrive/Documents/Unreal Projects/MightyHero/Content/Assets/Sprites/Collectables/Laser/Frames/LaserToken__Idle_1_aseprite.uasset" 1707
"C:/Users/silve/OneDrive/Documents/Unreal Projects/MightyHero/Content/Assets/Sprites/Collectables/Laser/Frames/LaserToken__Idle_1_aseprite.uexp" 1708
"C:/Users/silve/OneDrive/Documents/Unreal Projects/MightyHero/Content/Assets/Sprites/Collectables/Laser/Frames/LaserToken__Idle_2_aseprite.uasset" 1709
"C:/Users/silve/OneDrive/Documents/Unreal Projects/MightyHero/Content/Assets/Sprites/Collectables/Laser/Frames/LaserToken__Idle_2_aseprite.uexp" 1710
"C:/Users/silve/OneDrive/Documents/Unreal Projects/MightyHero/Content/Assets/Sprites/Collectables/Laser/LaserToken__Idle.uasset" 1711
"C:/Users/silve/OneDrive/Documents/Unreal Projects/MightyHero/Content/Assets/Sprites/Collectables/Laser/LaserToken__Idle.uexp" 1712
"C:/Users/silve/OneDrive/Documents/Unreal Projects/MightyHero/Content/Assets/Sprites/CharacterEffects/Laser/Textures/LaserEffect.uasset" 1713
"C:/Users/silve/OneDrive/Documents/Unreal Projects/MightyHero/Content/Assets/Sprites/CharacterEffects/Laser/Textures/LaserEffect.uexp" 1714
"C:/Users/silve/OneDrive/Documents/Unreal Projects/MightyHero/Content/Assets/Sprites/CharacterEffects/Laser/Frames/LaserEffect__Pulse_1_aseprite.uasset" 1715
"C:/Users/silve/OneDrive/Documents/Unreal Projects/MightyHero/Content/Assets/Sprites/CharacterEffects/Laser/Frames/LaserEffect__Pulse_1_aseprite.uexp" 1716
"C:/Users/silve/OneDrive/Documents/Unreal Projects/MightyHero/Content/Assets/Sprites/CharacterEffects/Laser/Frames/LaserEffect__Pulse_0_aseprite.uasset" 1717
"C:/Users/silve/OneDrive/Documents/Unreal Projects/MightyHero/Content/Assets/Sprites/CharacterEffects/Laser/Frames/LaserEffect__Pulse_0_aseprite.uexp" 1718
"C:/Users/silve/OneDrive/Documents/Unreal Projects/MightyHero/Content/Assets/Sprites/CharacterEffects/Laser/Frames/LaserEffect__Pulse_3_aseprite.uasset" 1719
"C:/Users/silve/OneDrive/Documents/Unreal Projects/MightyHero/Content/Assets/Sprites/CharacterEffects/Laser/Frames/LaserEffect__Pulse_3_aseprite.uexp" 1720
"C:/Users/silve/OneDrive/Documents/Unreal Projects/MightyHero/Content/Assets/Sprites/CharacterEffects/Laser/Frames/LaserEffect__Pulse_2_aseprite.uasset" 1721
"C:/Users/silve/OneDrive/Documents/Unreal Projects/MightyHero/Content/Assets/Sprites/CharacterEffects/Laser/Frames/LaserEffect__Pulse_2_aseprite.uexp" 1722
"C:/Users/silve/OneDrive/Documents/Unreal Projects/MightyHero/Content/Assets/Sprites/CharacterEffects/Laser/LaserEffect__Pulse.uasset" 1723
"C:/Users/silve/OneDrive/Documents/Unreal Projects/MightyHero/Content/Assets/Sprites/CharacterEffects/Laser/LaserEffect__Pulse.uexp" 1724
"C:/Users/silve/OneDrive/Documents/Unreal Projects/MightyHero/Content/Assets/Sprites/CharacterEffects/Laser/Textures/LaserStart.uasset" 1725
"C:/Users/silve/OneDrive/Documents/Unreal Projects/MightyHero/Content/Assets/Sprites/CharacterEffects/Laser/Textures/LaserStart.uexp" 1726
"C:/Users/silve/OneDrive/Documents/Unreal Projects/MightyHero/Content/Assets/Sprites/CharacterEffects/Laser/Frames/LaserStart__Active_2_aseprite.uasset" 1727
"C:/Users/silve/OneDrive/Documents/Unreal Projects/MightyHero/Content/Assets/Sprites/CharacterEffects/Laser/Frames/LaserStart__Active_2_aseprite.uexp" 1728
"C:/Users/silve/OneDrive/Documents/Unreal Projects/MightyHero/Content/Assets/Sprites/CharacterEffects/Laser/Frames/LaserStart__Active_0_aseprite.uasset" 1729
"C:/Users/silve/OneDrive/Documents/Unreal Projects/MightyHero/Content/Assets/Sprites/CharacterEffects/Laser/Frames/LaserStart__Active_0_aseprite.uexp" 1730
"C:/Users/silve/OneDrive/Documents/Unreal Projects/MightyHero/Content/Assets/Sprites/CharacterEffects/Laser/Frames/LaserStart__Active_3_aseprite.uasset" 1731
"C:/Users/silve/OneDrive/Documents/Unreal Projects/MightyHero/Content/Assets/Sprites/CharacterEffects/Laser/Frames/LaserStart__Active_3_aseprite.uexp" 1732
"C:/Users/silve/OneDrive/Documents/Unreal Projects/MightyHero/Content/Assets/Sprites/CharacterEffects/Laser/Frames/LaserStart__Active_1_aseprite.uasset" 1733
"C:/Users/silve/OneDrive/Documents/Unreal Projects/MightyHero/Content/Assets/Sprites/CharacterEffects/Laser/Frames/LaserStart__Active_1_aseprite.uexp" 1734
"C:/Users/silve/OneDrive/Documents/Unreal Projects/MightyHero/Content/Assets/Sprites/CharacterEffects/Laser/LaserStart__Active.uasset" 1735
"C:/Users/silve/OneDrive/Documents/Unreal Projects/MightyHero/Content/Assets/Sprites/CharacterEffects/Laser/LaserStart__Active.uexp" 1736
"C:/Users/silve/OneDrive/Documents/Unreal Projects/MightyHero/Content/Assets/Sprites/CharacterEffects/Laser/Textures/LaserFragment.uasset" 1737
"C:/Users/silve/OneDrive/Documents/Unreal Projects/MightyHero/Content/Assets/Sprites/CharacterEffects/Laser/Textures/LaserFragment.uexp" 1738
"C:/Users/silve/OneDrive/Documents/Unreal Projects/MightyHero/Content/Assets/Sprites/CharacterEffects/Laser/Frames/LaserFragment__Active_2_aseprite.uasset" 1739
"C:/Users/silve/OneDrive/Documents/Unreal Projects/MightyHero/Content/Assets/Sprites/CharacterEffects/Laser/Frames/LaserFragment__Active_2_aseprite.uexp" 1740
"C:/Users/silve/OneDrive/Documents/Unreal Projects/MightyHero/Content/Assets/Sprites/CharacterEffects/Laser/Frames/LaserFragment__Active_0_aseprite.uasset" 1741
"C:/Users/silve/OneDrive/Documents/Unreal Projects/MightyHero/Content/Assets/Sprites/CharacterEffects/Laser/Frames/LaserFragment__Active_0_aseprite.uexp" 1742
"C:/Users/silve/OneDrive/Documents/Unreal Projects/MightyHero/Content/Assets/Sprites/CharacterEffects/Laser/Frames/LaserFragment__Active_3_aseprite.uasset" 1743
"C:/Users/silve/OneDrive/Documents/Unreal Projects/MightyHero/Content/Assets/Sprites/CharacterEffects/Laser/Frames/LaserFragment__Active_3_aseprite.uexp" 1744
"C:/Users/silve/OneDrive/Documents/Unreal Projects/MightyHero/Content/Assets/Sprites/CharacterEffects/Laser/Frames/LaserFragment__Active_1_aseprite.uasset" 1745
"C:/Users/silve/OneDrive/Documents/Unreal Projects/MightyHero/Content/Assets/Sprites/CharacterEffects/Laser/Frames/LaserFragment__Active_1_aseprite.uexp" 1746
"C:/Users/silve/OneDrive/Documents/Unreal Projects/MightyHero/Content/Assets/Sprites/CharacterEffects/Laser/LaserFragment__Active.uasset" 1747
"C:/Users/silve/OneDrive/Documents/Unreal Projects/MightyHero/Content/Assets/Sprites/CharacterEffects/Laser/LaserFragment__Active.uexp" 1748
"C:/Users/silve/OneDrive/Documents/Unreal Projects/MightyHero/Content/Blueprints/Collectables/AbilitiesActors/BP_LaserBeamActor.uasset" 1749
"C:/Users/silve/OneDrive/Documents/Unreal Projects/MightyHero/Content/Blueprints/Collectables/AbilitiesActors/BP_LaserBeamActor.uexp" 1750
"C:/Users/silve/OneDrive/Documents/Unreal Projects/MightyHero/Content/Assets/Sprites/CharacterEffects/Laser/Frames/LaserEffect__Expire_1_aseprite.uasset" 1751
"C:/Users/silve/OneDrive/Documents/Unreal Projects/MightyHero/Content/Assets/Sprites/CharacterEffects/Laser/Frames/LaserEffect__Expire_1_aseprite.uexp" 1752
"C:/Users/silve/OneDrive/Documents/Unreal Projects/MightyHero/Content/Assets/Sprites/CharacterEffects/Laser/Frames/LaserEffect__Expire_3_aseprite.uasset" 1753
"C:/Users/silve/OneDrive/Documents/Unreal Projects/MightyHero/Content/Assets/Sprites/CharacterEffects/Laser/Frames/LaserEffect__Expire_3_aseprite.uexp" 1754
"C:/Users/silve/OneDrive/Documents/Unreal Projects/MightyHero/Content/Assets/Sprites/CharacterEffects/Laser/Frames/LaserEffect__Expire_0_aseprite.uasset" 1755
"C:/Users/silve/OneDrive/Documents/Unreal Projects/MightyHero/Content/Assets/Sprites/CharacterEffects/Laser/Frames/LaserEffect__Expire_0_aseprite.uexp" 1756
"C:/Users/silve/OneDrive/Documents/Unreal Projects/MightyHero/Content/Assets/Sprites/CharacterEffects/Laser/Frames/LaserEffect__Expire_2_aseprite.uasset" 1757
"C:/Users/silve/OneDrive/Documents/Unreal Projects/MightyHero/Content/Assets/Sprites/CharacterEffects/Laser/Frames/LaserEffect__Expire_2_aseprite.uexp" 1758
"C:/Users/silve/OneDrive/Documents/Unreal Projects/MightyHero/Content/Assets/Sprites/CharacterEffects/Laser/LaserEffect__Expire.uasset" 1759
"C:/Users/silve/OneDrive/Documents/Unreal Projects/MightyHero/Content/Assets/Sprites/CharacterEffects/Laser/LaserEffect__Expire.uexp" 1760
"C:/Users/silve/OneDrive/Documents/Unreal Projects/MightyHero/Content/Blueprints/Collectables/AbilitiesActors/BP_LaserActor.uasset" 1761
"C:/Users/silve/OneDrive/Documents/Unreal Projects/MightyHero/Content/Blueprints/Collectables/AbilitiesActors/BP_LaserActor.uexp" 1762
"C:/Users/silve/OneDrive/Documents/Unreal Projects/MightyHero/Content/Blueprints/Collectables/Tokens/BP_LaserToken.uasset" 1763
"C:/Users/silve/OneDrive/Documents/Unreal Projects/MightyHero/Content/Blueprints/Collectables/Tokens/BP_LaserToken.uexp" 1764
"C:/Users/silve/OneDrive/Documents/Unreal Projects/MightyHero/Content/Assets/Sprites/CharacterEffects/Aura/Textures/Character_Aura.uasset" 1765
"C:/Users/silve/OneDrive/Documents/Unreal Projects/MightyHero/Content/Assets/Sprites/CharacterEffects/Aura/Textures/Character_Aura.uexp" 1766
"C:/Users/silve/OneDrive/Documents/Unreal Projects/MightyHero/Content/Assets/Sprites/CharacterEffects/Aura/Frames/Character_Aura__Pulse_3_aseprite.uasset" 1767
"C:/Users/silve/OneDrive/Documents/Unreal Projects/MightyHero/Content/Assets/Sprites/CharacterEffects/Aura/Frames/Character_Aura__Pulse_3_aseprite.uexp" 1768
"C:/Users/silve/OneDrive/Documents/Unreal Projects/MightyHero/Content/Assets/Sprites/CharacterEffects/Aura/Frames/Character_Aura__Pulse_2_aseprite.uasset" 1769
"C:/Users/silve/OneDrive/Documents/Unreal Projects/MightyHero/Content/Assets/Sprites/CharacterEffects/Aura/Frames/Character_Aura__Pulse_2_aseprite.uexp" 1770
"C:/Users/silve/OneDrive/Documents/Unreal Projects/MightyHero/Content/Assets/Sprites/CharacterEffects/Aura/Frames/Character_Aura__Pulse_1_aseprite.uasset" 1771
"C:/Users/silve/OneDrive/Documents/Unreal Projects/MightyHero/Content/Assets/Sprites/CharacterEffects/Aura/Frames/Character_Aura__Pulse_1_aseprite.uexp" 1772
"C:/Users/silve/OneDrive/Documents/Unreal Projects/MightyHero/Content/Assets/Sprites/CharacterEffects/Aura/Frames/Character_Aura__Pulse_0_aseprite.uasset" 1773
"C:/Users/silve/OneDrive/Documents/Unreal Projects/MightyHero/Content/Assets/Sprites/CharacterEffects/Aura/Frames/Character_Aura__Pulse_0_aseprite.uexp" 1774
"C:/Users/silve/OneDrive/Documents/Unreal Projects/MightyHero/Content/Assets/Sprites/CharacterEffects/Aura/Character_Aura__Pulse.uasset" 1775
"C:/Users/silve/OneDrive/Documents/Unreal Projects/MightyHero/Content/Assets/Sprites/CharacterEffects/Aura/Character_Aura__Pulse.uexp" 1776
"C:/Users/silve/OneDrive/Documents/Unreal Projects/MightyHero/Content/Assets/Sprites/CharacterEffects/Aura/Frames/Character_Aura__Expire_3_aseprite.uasset" 1777
"C:/Users/silve/OneDrive/Documents/Unreal Projects/MightyHero/Content/Assets/Sprites/CharacterEffects/Aura/Frames/Character_Aura__Expire_3_aseprite.uexp" 1778
"C:/Users/silve/OneDrive/Documents/Unreal Projects/MightyHero/Content/Assets/Sprites/CharacterEffects/Aura/Frames/Character_Aura__Expire_0_aseprite.uasset" 1779
"C:/Users/silve/OneDrive/Documents/Unreal Projects/MightyHero/Content/Assets/Sprites/CharacterEffects/Aura/Frames/Character_Aura__Expire_0_aseprite.uexp" 1780
"C:/Users/silve/OneDrive/Documents/Unreal Projects/MightyHero/Content/Assets/Sprites/CharacterEffects/Aura/Frames/Character_Aura__Expire_2_aseprite.uasset" 1781
"C:/Users/silve/OneDrive/Documents/Unreal Projects/MightyHero/Content/Assets/Sprites/CharacterEffects/Aura/Frames/Character_Aura__Expire_2_aseprite.uexp" 1782
"C:/Users/silve/OneDrive/Documents/Unreal Projects/MightyHero/Content/Assets/Sprites/CharacterEffects/Aura/Frames/Character_Aura__Expire_1_aseprite.uasset" 1783
"C:/Users/silve/OneDrive/Documents/Unreal Projects/MightyHero/Content/Assets/Sprites/CharacterEffects/Aura/Frames/Character_Aura__Expire_1_aseprite.uexp" 1784
"C:/Users/silve/OneDrive/Documents/Unreal Projects/MightyHero/Content/Assets/Sprites/CharacterEffects/Aura/Character_Aura__Expire.uasset" 1785
"C:/Users/silve/OneDrive/Documents/Unreal Projects/MightyHero/Content/Assets/Sprites/CharacterEffects/Aura/Character_Aura__Expire.uexp" 1786
"C:/Users/silve/OneDrive/Documents/Unreal Projects/MightyHero/Content/Blueprints/Collectables/AbilitiesActors/BP_AuraActor.uasset" 1787
"C:/Users/silve/OneDrive/Documents/Unreal Projects/MightyHero/Content/Blueprints/Collectables/AbilitiesActors/BP_AuraActor.uexp" 1788
"C:/Users/silve/OneDrive/Documents/Unreal Projects/MightyHero/Content/Assets/Sprites/Blower/Textures/Blower.uasset" 1789
"C:/Users/silve/OneDrive/Documents/Unreal Projects/MightyHero/Content/Assets/Sprites/Blower/Textures/Blower.uexp" 1790
"C:/Users/silve/OneDrive/Documents/Unreal Projects/MightyHero/Content/Assets/Sprites/Blower/Frames/Blower__Collected_2_aseprite.uasset" 1791
"C:/Users/silve/OneDrive/Documents/Unreal Projects/MightyHero/Content/Assets/Sprites/Blower/Frames/Blower__Collected_2_aseprite.uexp" 1792
"C:/Users/silve/OneDrive/Documents/Unreal Projects/MightyHero/Content/Assets/Sprites/Blower/Frames/Blower__Collected_1_aseprite.uasset" 1793
"C:/Users/silve/OneDrive/Documents/Unreal Projects/MightyHero/Content/Assets/Sprites/Blower/Frames/Blower__Collected_1_aseprite.uexp" 1794
"C:/Users/silve/OneDrive/Documents/Unreal Projects/MightyHero/Content/Assets/Sprites/Blower/Frames/Blower__Collected_0_aseprite.uasset" 1795
"C:/Users/silve/OneDrive/Documents/Unreal Projects/MightyHero/Content/Assets/Sprites/Blower/Frames/Blower__Collected_0_aseprite.uexp" 1796
"C:/Users/silve/OneDrive/Documents/Unreal Projects/MightyHero/Content/Assets/Sprites/Blower/Blower__Collected.uasset" 1797
"C:/Users/silve/OneDrive/Documents/Unreal Projects/MightyHero/Content/Assets/Sprites/Blower/Blower__Collected.uexp" 1798
"C:/Users/silve/OneDrive/Documents/Unreal Projects/MightyHero/Content/Assets/Sprites/Blower/Frames/Blower__Idle_4_aseprite.uasset" 1799
"C:/Users/silve/OneDrive/Documents/Unreal Projects/MightyHero/Content/Assets/Sprites/Blower/Frames/Blower__Idle_4_aseprite.uexp" 1800
"C:/Users/silve/OneDrive/Documents/Unreal Projects/MightyHero/Content/Assets/Sprites/Blower/Frames/Blower__Idle_11_aseprite.uasset" 1801
"C:/Users/silve/OneDrive/Documents/Unreal Projects/MightyHero/Content/Assets/Sprites/Blower/Frames/Blower__Idle_11_aseprite.uexp" 1802
"C:/Users/silve/OneDrive/Documents/Unreal Projects/MightyHero/Content/Assets/Sprites/Blower/Frames/Blower__Idle_1_aseprite.uasset" 1803
"C:/Users/silve/OneDrive/Documents/Unreal Projects/MightyHero/Content/Assets/Sprites/Blower/Frames/Blower__Idle_1_aseprite.uexp" 1804
"C:/Users/silve/OneDrive/Documents/Unreal Projects/MightyHero/Content/Assets/Sprites/Blower/Frames/Blower__Idle_5_aseprite.uasset" 1805
"C:/Users/silve/OneDrive/Documents/Unreal Projects/MightyHero/Content/Assets/Sprites/Blower/Frames/Blower__Idle_5_aseprite.uexp" 1806
"C:/Users/silve/OneDrive/Documents/Unreal Projects/MightyHero/Content/Assets/Sprites/Blower/Frames/Blower__Idle_6_aseprite.uasset" 1807
"C:/Users/silve/OneDrive/Documents/Unreal Projects/MightyHero/Content/Assets/Sprites/Blower/Frames/Blower__Idle_6_aseprite.uexp" 1808
"C:/Users/silve/OneDrive/Documents/Unreal Projects/MightyHero/Content/Assets/Sprites/Blower/Frames/Blower__Idle_9_aseprite.uasset" 1809
"C:/Users/silve/OneDrive/Documents/Unreal Projects/MightyHero/Content/Assets/Sprites/Blower/Frames/Blower__Idle_9_aseprite.uexp" 1810
"C:/Users/silve/OneDrive/Documents/Unreal Projects/MightyHero/Content/Assets/Sprites/Blower/Frames/Blower__Idle_2_aseprite.uasset" 1811
"C:/Users/silve/OneDrive/Documents/Unreal Projects/MightyHero/Content/Assets/Sprites/Blower/Frames/Blower__Idle_2_aseprite.uexp" 1812
"C:/Users/silve/OneDrive/Documents/Unreal Projects/MightyHero/Content/Assets/Sprites/Blower/Frames/Blower__Idle_8_aseprite.uasset" 1813
"C:/Users/silve/OneDrive/Documents/Unreal Projects/MightyHero/Content/Assets/Sprites/Blower/Frames/Blower__Idle_8_aseprite.uexp" 1814
"C:/Users/silve/OneDrive/Documents/Unreal Projects/MightyHero/Content/Assets/Sprites/Blower/Frames/Blower__Idle_10_aseprite.uasset" 1815
"C:/Users/silve/OneDrive/Documents/Unreal Projects/MightyHero/Content/Assets/Sprites/Blower/Frames/Blower__Idle_10_aseprite.uexp" 1816
"C:/Users/silve/OneDrive/Documents/Unreal Projects/MightyHero/Content/Assets/Sprites/Blower/Frames/Blower__Idle_3_aseprite.uasset" 1817
"C:/Users/silve/OneDrive/Documents/Unreal Projects/MightyHero/Content/Assets/Sprites/Blower/Frames/Blower__Idle_3_aseprite.uexp" 1818
"C:/Users/silve/OneDrive/Documents/Unreal Projects/MightyHero/Content/Assets/Sprites/Blower/Frames/Blower__Idle_0_aseprite.uasset" 1819
"C:/Users/silve/OneDrive/Documents/Unreal Projects/MightyHero/Content/Assets/Sprites/Blower/Frames/Blower__Idle_0_aseprite.uexp" 1820
"C:/Users/silve/OneDrive/Documents/Unreal Projects/MightyHero/Content/Assets/Sprites/Blower/Frames/Blower__Idle_7_aseprite.uasset" 1821
"C:/Users/silve/OneDrive/Documents/Unreal Projects/MightyHero/Content/Assets/Sprites/Blower/Frames/Blower__Idle_7_aseprite.uexp" 1822
"C:/Users/silve/OneDrive/Documents/Unreal Projects/MightyHero/Content/Assets/Sprites/Blower/Blower__Idle.uasset" 1823
"C:/Users/silve/OneDrive/Documents/Unreal Projects/MightyHero/Content/Assets/Sprites/Blower/Blower__Idle.uexp" 1824
"C:/Users/silve/OneDrive/Documents/Unreal Projects/MightyHero/Content/Blueprints/Collectables/BP_Blower.uasset" 1825
"C:/Users/silve/OneDrive/Documents/Unreal Projects/MightyHero/Content/Blueprints/Collectables/BP_Blower.uexp" 1826
"C:/Users/silve/OneDrive/Documents/Unreal Projects/MightyHero/Content/Assets/Sprites/Collectables/Aura/Textures/Aura.uasset" 1827
"C:/Users/silve/OneDrive/Documents/Unreal Projects/MightyHero/Content/Assets/Sprites/Collectables/Aura/Textures/Aura.uexp" 1828
"C:/Users/silve/OneDrive/Documents/Unreal Projects/MightyHero/Content/Assets/Sprites/Collectables/Aura/Frames/Aura__Collected_0_aseprite.uasset" 1829
"C:/Users/silve/OneDrive/Documents/Unreal Projects/MightyHero/Content/Assets/Sprites/Collectables/Aura/Frames/Aura__Collected_0_aseprite.uexp" 1830
"C:/Users/silve/OneDrive/Documents/Unreal Projects/MightyHero/Content/Assets/Sprites/Collectables/Aura/Frames/Aura__Collected_1_aseprite.uasset" 1831
"C:/Users/silve/OneDrive/Documents/Unreal Projects/MightyHero/Content/Assets/Sprites/Collectables/Aura/Frames/Aura__Collected_1_aseprite.uexp" 1832
"C:/Users/silve/OneDrive/Documents/Unreal Projects/MightyHero/Content/Assets/Sprites/Collectables/Aura/Frames/Aura__Collected_2_aseprite.uasset" 1833
"C:/Users/silve/OneDrive/Documents/Unreal Projects/MightyHero/Content/Assets/Sprites/Collectables/Aura/Frames/Aura__Collected_2_aseprite.uexp" 1834
"C:/Users/silve/OneDrive/Documents/Unreal Projects/MightyHero/Content/Assets/Sprites/Collectables/Aura/Aura__Collected.uasset" 1835
"C:/Users/silve/OneDrive/Documents/Unreal Projects/MightyHero/Content/Assets/Sprites/Collectables/Aura/Aura__Collected.uexp" 1836
"C:/Users/silve/OneDrive/Documents/Unreal Projects/MightyHero/Content/Assets/Sprites/Collectables/Aura/Frames/Aura__Idle_2_aseprite.uasset" 1837
"C:/Users/silve/OneDrive/Documents/Unreal Projects/MightyHero/Content/Assets/Sprites/Collectables/Aura/Frames/Aura__Idle_2_aseprite.uexp" 1838
"C:/Users/silve/OneDrive/Documents/Unreal Projects/MightyHero/Content/Assets/Sprites/Collectables/Aura/Frames/Aura__Idle_3_aseprite.uasset" 1839
"C:/Users/silve/OneDrive/Documents/Unreal Projects/MightyHero/Content/Assets/Sprites/Collectables/Aura/Frames/Aura__Idle_3_aseprite.uexp" 1840
"C:/Users/silve/OneDrive/Documents/Unreal Projects/MightyHero/Content/Assets/Sprites/Collectables/Aura/Frames/Aura__Idle_0_aseprite.uasset" 1841
"C:/Users/silve/OneDrive/Documents/Unreal Projects/MightyHero/Content/Assets/Sprites/Collectables/Aura/Frames/Aura__Idle_0_aseprite.uexp" 1842
"C:/Users/silve/OneDrive/Documents/Unreal Projects/MightyHero/Content/Assets/Sprites/Collectables/Aura/Frames/Aura__Idle_1_aseprite.uasset" 1843
"C:/Users/silve/OneDrive/Documents/Unreal Projects/MightyHero/Content/Assets/Sprites/Collectables/Aura/Frames/Aura__Idle_1_aseprite.uexp" 1844
"C:/Users/silve/OneDrive/Documents/Unreal Projects/MightyHero/Content/Assets/Sprites/Collectables/Aura/Aura__Idle.uasset" 1845
"C:/Users/silve/OneDrive/Documents/Unreal Projects/MightyHero/Content/Assets/Sprites/Collectables/Aura/Aura__Idle.uexp" 1846
"C:/Users/silve/OneDrive/Documents/Unreal Projects/MightyHero/Content/Blueprints/Collectables/BP_AuraCollectable.uasset" 1847
"C:/Users/silve/OneDrive/Documents/Unreal Projects/MightyHero/Content/Blueprints/Collectables/BP_AuraCollectable.uexp" 1848
"C:/Users/silve/OneDrive/Documents/Unreal Projects/MightyHero/Content/Blueprints/Collectables/BP_CollectablesController.uasset" 1849
"C:/Users/silve/OneDrive/Documents/Unreal Projects/MightyHero/Content/Blueprints/Collectables/BP_CollectablesController.uexp" 1850
"C:/Users/silve/OneDrive/Documents/Unreal Projects/MightyHero/Content/Assets/Sprites/Satelite/Textures/Satelite.uasset" 1851
"C:/Users/silve/OneDrive/Documents/Unreal Projects/MightyHero/Content/Assets/Sprites/Satelite/Textures/Satelite.uexp" 1852
"C:/Users/silve/OneDrive/Documents/Unreal Projects/MightyHero/Content/Assets/Sprites/Satelite/Frames/Satelite__Idle_1_aseprite.uasset" 1853
"C:/Users/silve/OneDrive/Documents/Unreal Projects/MightyHero/Content/Assets/Sprites/Satelite/Frames/Satelite__Idle_1_aseprite.uexp" 1854
"C:/Users/silve/OneDrive/Documents/Unreal Projects/MightyHero/Content/Assets/Sprites/Satelite/Frames/Satelite__Idle_3_aseprite.uasset" 1855
"C:/Users/silve/OneDrive/Documents/Unreal Projects/MightyHero/Content/Assets/Sprites/Satelite/Frames/Satelite__Idle_3_aseprite.uexp" 1856
"C:/Users/silve/OneDrive/Documents/Unreal Projects/MightyHero/Content/Assets/Sprites/Satelite/Frames/Satelite__Idle_0_aseprite.uasset" 1857
"C:/Users/silve/OneDrive/Documents/Unreal Projects/MightyHero/Content/Assets/Sprites/Satelite/Frames/Satelite__Idle_0_aseprite.uexp" 1858
"C:/Users/silve/OneDrive/Documents/Unreal Projects/MightyHero/Content/Assets/Sprites/Satelite/Frames/Satelite__Idle_2_aseprite.uasset" 1859
"C:/Users/silve/OneDrive/Documents/Unreal Projects/MightyHero/Content/Assets/Sprites/Satelite/Frames/Satelite__Idle_2_aseprite.uexp" 1860
"C:/Users/silve/OneDrive/Documents/Unreal Projects/MightyHero/Content/Assets/Sprites/Satelite/Satelite__Idle1.uasset" 1861
"C:/Users/silve/OneDrive/Documents/Unreal Projects/MightyHero/Content/Assets/Sprites/Satelite/Satelite__Idle1.uexp" 1862
"C:/Users/silve/OneDrive/Documents/Unreal Projects/MightyHero/Content/Assets/Sprites/Satelite/Frames/Satelite__Smoke_0_aseprite.uasset" 1863
"C:/Users/silve/OneDrive/Documents/Unreal Projects/MightyHero/Content/Assets/Sprites/Satelite/Frames/Satelite__Smoke_0_aseprite.uexp" 1864
"C:/Users/silve/OneDrive/Documents/Unreal Projects/MightyHero/Content/Assets/Sprites/Satelite/Frames/Satelite__Smoke_3_aseprite.uasset" 1865
"C:/Users/silve/OneDrive/Documents/Unreal Projects/MightyHero/Content/Assets/Sprites/Satelite/Frames/Satelite__Smoke_3_aseprite.uexp" 1866
"C:/Users/silve/OneDrive/Documents/Unreal Projects/MightyHero/Content/Assets/Sprites/Satelite/Frames/Satelite__Smoke_1_aseprite.uasset" 1867
"C:/Users/silve/OneDrive/Documents/Unreal Projects/MightyHero/Content/Assets/Sprites/Satelite/Frames/Satelite__Smoke_1_aseprite.uexp" 1868
"C:/Users/silve/OneDrive/Documents/Unreal Projects/MightyHero/Content/Assets/Sprites/Satelite/Frames/Satelite__Smoke_2_aseprite.uasset" 1869
"C:/Users/silve/OneDrive/Documents/Unreal Projects/MightyHero/Content/Assets/Sprites/Satelite/Frames/Satelite__Smoke_2_aseprite.uexp" 1870
"C:/Users/silve/OneDrive/Documents/Unreal Projects/MightyHero/Content/Assets/Sprites/Satelite/Satelite__Smoke1.uasset" 1871
"C:/Users/silve/OneDrive/Documents/Unreal Projects/MightyHero/Content/Assets/Sprites/Satelite/Satelite__Smoke1.uexp" 1872
"C:/Users/silve/OneDrive/Documents/Unreal Projects/MightyHero/Content/Assets/Sprites/Satelite/Frames/Satelite__Destruction_3_aseprite.uasset" 1873
"C:/Users/silve/OneDrive/Documents/Unreal Projects/MightyHero/Content/Assets/Sprites/Satelite/Frames/Satelite__Destruction_3_aseprite.uexp" 1874
"C:/Users/silve/OneDrive/Documents/Unreal Projects/MightyHero/Content/Assets/Sprites/Satelite/Frames/Satelite__Destruction_2_aseprite.uasset" 1875
"C:/Users/silve/OneDrive/Documents/Unreal Projects/MightyHero/Content/Assets/Sprites/Satelite/Frames/Satelite__Destruction_2_aseprite.uexp" 1876
"C:/Users/silve/OneDrive/Documents/Unreal Projects/MightyHero/Content/Assets/Sprites/Satelite/Frames/Satelite__Destruction_0_aseprite.uasset" 1877
"C:/Users/silve/OneDrive/Documents/Unreal Projects/MightyHero/Content/Assets/Sprites/Satelite/Frames/Satelite__Destruction_0_aseprite.uexp" 1878
"C:/Users/silve/OneDrive/Documents/Unreal Projects/MightyHero/Content/Assets/Sprites/Satelite/Frames/Satelite__Destruction_4_aseprite.uasset" 1879
"C:/Users/silve/OneDrive/Documents/Unreal Projects/MightyHero/Content/Assets/Sprites/Satelite/Frames/Satelite__Destruction_4_aseprite.uexp" 1880
"C:/Users/silve/OneDrive/Documents/Unreal Projects/MightyHero/Content/Assets/Sprites/Satelite/Frames/Satelite__Destruction_1_aseprite.uasset" 1881
"C:/Users/silve/OneDrive/Documents/Unreal Projects/MightyHero/Content/Assets/Sprites/Satelite/Frames/Satelite__Destruction_1_aseprite.uexp" 1882
"C:/Users/silve/OneDrive/Documents/Unreal Projects/MightyHero/Content/Assets/Sprites/Satelite/Satelite__Destruction.uasset" 1883
"C:/Users/silve/OneDrive/Documents/Unreal Projects/MightyHero/Content/Assets/Sprites/Satelite/Satelite__Destruction.uexp" 1884
"C:/Users/silve/OneDrive/Documents/Unreal Projects/MightyHero/Content/Blueprints/BP_SatelliteActor.uasset" 1885
"C:/Users/silve/OneDrive/Documents/Unreal Projects/MightyHero/Content/Blueprints/BP_SatelliteActor.uexp" 1886
"C:/Users/silve/OneDrive/Documents/Unreal Projects/MightyHero/Content/Assets/Sprites/Meteor/Textures/Meteor.uasset" 1887
"C:/Users/silve/OneDrive/Documents/Unreal Projects/MightyHero/Content/Assets/Sprites/Meteor/Textures/Meteor.uexp" 1888
"C:/Users/silve/OneDrive/Documents/Unreal Projects/MightyHero/Content/Assets/Sprites/Meteor/Frames/Meteor__Destroy_3_aseprite.uasset" 1889
"C:/Users/silve/OneDrive/Documents/Unreal Projects/MightyHero/Content/Assets/Sprites/Meteor/Frames/Meteor__Destroy_3_aseprite.uexp" 1890
"C:/Users/silve/OneDrive/Documents/Unreal Projects/MightyHero/Content/Assets/Sprites/Meteor/Frames/Meteor__Destroy_1_aseprite.uasset" 1891
"C:/Users/silve/OneDrive/Documents/Unreal Projects/MightyHero/Content/Assets/Sprites/Meteor/Frames/Meteor__Destroy_1_aseprite.uexp" 1892
"C:/Users/silve/OneDrive/Documents/Unreal Projects/MightyHero/Content/Assets/Sprites/Meteor/Frames/Meteor__Destroy_2_aseprite.uasset" 1893
"C:/Users/silve/OneDrive/Documents/Unreal Projects/MightyHero/Content/Assets/Sprites/Meteor/Frames/Meteor__Destroy_2_aseprite.uexp" 1894
"C:/Users/silve/OneDrive/Documents/Unreal Projects/MightyHero/Content/Assets/Sprites/Meteor/Frames/Meteor__Destroy_0_aseprite.uasset" 1895
"C:/Users/silve/OneDrive/Documents/Unreal Projects/MightyHero/Content/Assets/Sprites/Meteor/Frames/Meteor__Destroy_0_aseprite.uexp" 1896
"C:/Users/silve/OneDrive/Documents/Unreal Projects/MightyHero/Content/Assets/Sprites/Meteor/Meteor__Destroy.uasset" 1897
"C:/Users/silve/OneDrive/Documents/Unreal Projects/MightyHero/Content/Assets/Sprites/Meteor/Meteor__Destroy.uexp" 1898
"C:/Users/silve/OneDrive/Documents/Unreal Projects/MightyHero/Content/Assets/Sprites/Meteor/Frames/Meteor__Fall_2_aseprite.uasset" 1899
"C:/Users/silve/OneDrive/Documents/Unreal Projects/MightyHero/Content/Assets/Sprites/Meteor/Frames/Meteor__Fall_2_aseprite.uexp" 1900
"C:/Users/silve/OneDrive/Documents/Unreal Projects/MightyHero/Content/Assets/Sprites/Meteor/Frames/Meteor__Fall_0_aseprite.uasset" 1901
"C:/Users/silve/OneDrive/Documents/Unreal Projects/MightyHero/Content/Assets/Sprites/Meteor/Frames/Meteor__Fall_0_aseprite.uexp" 1902
"C:/Users/silve/OneDrive/Documents/Unreal Projects/MightyHero/Content/Assets/Sprites/Meteor/Frames/Meteor__Fall_1_aseprite.uasset" 1903
"C:/Users/silve/OneDrive/Documents/Unreal Projects/MightyHero/Content/Assets/Sprites/Meteor/Frames/Meteor__Fall_1_aseprite.uexp" 1904
"C:/Users/silve/OneDrive/Documents/Unreal Projects/MightyHero/Content/Assets/Sprites/Meteor/Frames/Meteor__Fall_3_aseprite.uasset" 1905
"C:/Users/silve/OneDrive/Documents/Unreal Projects/MightyHero/Content/Assets/Sprites/Meteor/Frames/Meteor__Fall_3_aseprite.uexp" 1906
"C:/Users/silve/OneDrive/Documents/Unreal Projects/MightyHero/Content/Assets/Sprites/Meteor/Meteor__Fall.uasset" 1907
"C:/Users/silve/OneDrive/Documents/Unreal Projects/MightyHero/Content/Assets/Sprites/Meteor/Meteor__Fall.uexp" 1908
"C:/Users/silve/OneDrive/Documents/Unreal Projects/MightyHero/Content/Blueprints/BP_MeteorActor.uasset" 1909
"C:/Users/silve/OneDrive/Documents/Unreal Projects/MightyHero/Content/Blueprints/BP_MeteorActor.uexp" 1910
"C:/Users/silve/OneDrive/Documents/Unreal Projects/MightyHero/Content/Blueprints/BP_MeteorController.uasset" 1911
"C:/Users/silve/OneDrive/Documents/Unreal Projects/MightyHero/Content/Blueprints/BP_MeteorController.uexp" 1912
"C:/Users/silve/OneDrive/Documents/Unreal Projects/MightyHero/Content/Assets/Sprites/UI/Globe_x4.uasset" 1913
"C:/Users/silve/OneDrive/Documents/Unreal Projects/MightyHero/Content/Assets/Sprites/UI/Globe_x4.uexp" 1914
"C:/Users/silve/OneDrive/Documents/Unreal Projects/MightyHero/Content/Assets/Sprites/UI/Globe_x4_Sprite.uasset" 1915
"C:/Users/silve/OneDrive/Documents/Unreal Projects/MightyHero/Content/Assets/Sprites/UI/Globe_x4_Sprite.uexp" 1916
"C:/Users/silve/OneDrive/Documents/Unreal Projects/MightyHero/Content/Assets/Sprites/UI/GameOverCloud_x4.uasset" 1917
"C:/Users/silve/OneDrive/Documents/Unreal Projects/MightyHero/Content/Assets/Sprites/UI/GameOverCloud_x4.uexp" 1918
"C:/Users/silve/OneDrive/Documents/Unreal Projects/MightyHero/Content/Assets/Sprites/UI/GameOverCloud_x4_Sprite.uasset" 1919
"C:/Users/silve/OneDrive/Documents/Unreal Projects/MightyHero/Content/Assets/Sprites/UI/GameOverCloud_x4_Sprite.uexp" 1920
"C:/Users/silve/OneDrive/Documents/Unreal Projects/MightyHero/Content/UI/UMG_GameOverWidget.uasset" 1921
"C:/Users/silve/OneDrive/Documents/Unreal Projects/MightyHero/Content/UI/UMG_GameOverWidget.uexp" 1922
"C:/Users/silve/OneDrive/Documents/Unreal Projects/MightyHero/Content/Blueprints/BP_MightyHeroGameMode.uasset" 1923
"C:/Users/silve/OneDrive/Documents/Unreal Projects/MightyHero/Content/Blueprints/BP_MightyHeroGameMode.uexp" 1924
"../../../Engine/Content/Functions/Engine_MaterialFunctions02/Utility/CameraDirectionVector.uasset" 1925
"../../../Engine/Content/Functions/Engine_MaterialFunctions02/Utility/CameraDirectionVector.uexp" 1926
"../../../Engine/Content/Functions/Engine_MaterialFunctions01/Volumetrics/BeersLaw.uasset" 1927
"../../../Engine/Content/Functions/Engine_MaterialFunctions01/Volumetrics/BeersLaw.uexp" 1928
"../../../Engine/Content/EngineMaterials/Good64x64TilingNoiseHighFreq.uasset" 1929
"../../../Engine/Content/EngineMaterials/Good64x64TilingNoiseHighFreq.uexp" 1930
"../../../Engine/Content/Functions/Engine_MaterialFunctions02/Texturing/ScreenAlignedPixelToPixelUVs.uasset" 1931
"../../../Engine/Content/Functions/Engine_MaterialFunctions02/Texturing/ScreenAlignedPixelToPixelUVs.uexp" 1932
"../../../Engine/Content/Functions/Engine_MaterialFunctions02/Utility/BreakOutFloat3Components.uasset" 1933
"../../../Engine/Content/Functions/Engine_MaterialFunctions02/Utility/BreakOutFloat3Components.uexp" 1934
"../../../Engine/Content/Functions/Engine_MaterialFunctions03/Math/RemapValueRange.uasset" 1935
"../../../Engine/Content/Functions/Engine_MaterialFunctions03/Math/RemapValueRange.uexp" 1936
"../../../Engine/Plugins/Editor/SpeedTreeImporter/Content/SpeedTree9/game_wind_noise.ubulk" 1937
"../../../Engine/Plugins/Editor/SpeedTreeImporter/Content/SpeedTree9/game_wind_noise.uasset" 1938
"../../../Engine/Plugins/Editor/SpeedTreeImporter/Content/SpeedTree9/game_wind_noise.uexp" 1939
"../../../Engine/Plugins/Editor/SpeedTreeImporter/Content/SpeedTree9/UnpackDirection.uasset" 1940
"../../../Engine/Plugins/Editor/SpeedTreeImporter/Content/SpeedTree9/UnpackDirection.uexp" 1941
"../../../Engine/Content/Functions/Engine_MaterialFunctions02/ObjectLocalBounds.uasset" 1942
"../../../Engine/Content/Functions/Engine_MaterialFunctions02/ObjectLocalBounds.uexp" 1943
"../../../Engine/Content/Functions/Engine_MaterialFunctions02/UVs/BoundingBoxBased_0-1_UVW.uasset" 1944
"../../../Engine/Content/Functions/Engine_MaterialFunctions02/UVs/BoundingBoxBased_0-1_UVW.uexp" 1945
"../../../Engine/Content/Functions/Engine_MaterialFunctions02/Utility/VectorLength.uasset" 1946
"../../../Engine/Content/Functions/Engine_MaterialFunctions02/Utility/VectorLength.uexp" 1947
"../../../Engine/Plugins/Editor/SpeedTreeImporter/Content/SpeedTree9/UnpackInteger3.uasset" 1948
"../../../Engine/Plugins/Editor/SpeedTreeImporter/Content/SpeedTree9/UnpackInteger3.uexp" 1949
"../../../Engine/Plugins/Editor/SpeedTreeImporter/Content/SpeedTree9/SpeedTreeCameraFacing.uasset" 1950
"../../../Engine/Plugins/Editor/SpeedTreeImporter/Content/SpeedTree9/SpeedTreeCameraFacing.uexp" 1951
"../../../Engine/Content/Functions/Engine_MaterialFunctions02/WorldPositionOffset/ObjectScale.uasset" 1952
"../../../Engine/Content/Functions/Engine_MaterialFunctions02/WorldPositionOffset/ObjectScale.uexp" 1953
"../../../Engine/Content/Functions/Engine_MaterialFunctions02/SafeNormalize.uasset" 1954
"../../../Engine/Content/Functions/Engine_MaterialFunctions02/SafeNormalize.uexp" 1955
"../../../Engine/Plugins/Editor/SpeedTreeImporter/Content/SpeedTree9/SpeedTreeWindMotion.uasset" 1956
"../../../Engine/Plugins/Editor/SpeedTreeImporter/Content/SpeedTree9/SpeedTreeWindMotion.uexp" 1957
"../../../Engine/Plugins/Editor/SpeedTreeImporter/Content/SpeedTree9/SpeedTreeBranchMotion.uasset" 1958
"../../../Engine/Plugins/Editor/SpeedTreeImporter/Content/SpeedTree9/SpeedTreeBranchMotion.uexp" 1959
"../../../Engine/Plugins/Editor/SpeedTreeImporter/Content/SpeedTree9/SpeedTreeWind.uasset" 1960
"../../../Engine/Plugins/Editor/SpeedTreeImporter/Content/SpeedTree9/SpeedTreeWind.uexp" 1961
"../../../Engine/Plugins/Editor/SpeedTreeImporter/Content/SpeedTree9/EmptyNormal.uasset" 1962
"../../../Engine/Plugins/Editor/SpeedTreeImporter/Content/SpeedTree9/EmptyNormal.uexp" 1963
"../../../Engine/Plugins/Editor/SpeedTreeImporter/Content/SpeedTree9/Empty.uasset" 1964
"../../../Engine/Plugins/Editor/SpeedTreeImporter/Content/SpeedTree9/Empty.uexp" 1965
"../../../Engine/Plugins/Editor/SpeedTreeImporter/Content/SpeedTree9/SpeedTreeMaster.uasset" 1966
"../../../Engine/Plugins/Editor/SpeedTreeImporter/Content/SpeedTree9/SpeedTreeMaster.uexp" 1967
"../../../Engine/Plugins/Editor/SpeedTreeImporter/Content/SpeedTree9/SpeedTreeBillboard.uasset" 1968
"../../../Engine/Plugins/Editor/SpeedTreeImporter/Content/SpeedTree9/SpeedTreeBillboard.uexp" 1969
"../../../Engine/Plugins/Editor/SpeedTreeImporter/Content/SpeedTree9/SpeedTreeBillboardMaster.uasset" 1970
"../../../Engine/Plugins/Editor/SpeedTreeImporter/Content/SpeedTree9/SpeedTreeBillboardMaster.uexp" 1971
"../../../Engine/Plugins/Animation/ControlRig/Content/Controls/ControlRig_Diamond_solid.ubulk" 1972
"../../../Engine/Plugins/Animation/ControlRig/Content/Controls/ControlRig_Diamond_solid.uasset" 1973
"../../../Engine/Plugins/Animation/ControlRig/Content/Controls/ControlRig_Diamond_solid.uexp" 1974
"../../../Engine/Plugins/Animation/ControlRig/Content/Controls/ControlRig_Diamond_3mm.ubulk" 1975
"../../../Engine/Plugins/Animation/ControlRig/Content/Controls/ControlRig_Diamond_3mm.uasset" 1976
"../../../Engine/Plugins/Animation/ControlRig/Content/Controls/ControlRig_Diamond_3mm.uexp" 1977
"../../../Engine/Plugins/Animation/ControlRig/Content/Controls/ControlRig_Diamond_1mm.ubulk" 1978
"../../../Engine/Plugins/Animation/ControlRig/Content/Controls/ControlRig_Diamond_1mm.uasset" 1979
"../../../Engine/Plugins/Animation/ControlRig/Content/Controls/ControlRig_Diamond_1mm.uexp" 1980
"../../../Engine/Plugins/Animation/ControlRig/Content/Controls/ControlRig_Circle_solid.ubulk" 1981
"../../../Engine/Plugins/Animation/ControlRig/Content/Controls/ControlRig_Circle_solid.uasset" 1982
"../../../Engine/Plugins/Animation/ControlRig/Content/Controls/ControlRig_Circle_solid.uexp" 1983
"../../../Engine/Plugins/Animation/ControlRig/Content/Controls/ControlRig_Circle_3mm.ubulk" 1984
"../../../Engine/Plugins/Animation/ControlRig/Content/Controls/ControlRig_Circle_3mm.uasset" 1985
"../../../Engine/Plugins/Animation/ControlRig/Content/Controls/ControlRig_Circle_3mm.uexp" 1986
"../../../Engine/Plugins/Animation/ControlRig/Content/Controls/ControlRig_Circle_1mm.ubulk" 1987
"../../../Engine/Plugins/Animation/ControlRig/Content/Controls/ControlRig_Circle_1mm.uasset" 1988
"../../../Engine/Plugins/Animation/ControlRig/Content/Controls/ControlRig_Circle_1mm.uexp" 1989
"../../../Engine/Plugins/Animation/ControlRig/Content/Controls/ControlRig_Box_solid.ubulk" 1990
"../../../Engine/Plugins/Animation/ControlRig/Content/Controls/ControlRig_Box_solid.uasset" 1991
"../../../Engine/Plugins/Animation/ControlRig/Content/Controls/ControlRig_Box_solid.uexp" 1992
"../../../Engine/Plugins/Animation/ControlRig/Content/Controls/ControlRig_Box_3mm.ubulk" 1993
"../../../Engine/Plugins/Animation/ControlRig/Content/Controls/ControlRig_Box_3mm.uasset" 1994
"../../../Engine/Plugins/Animation/ControlRig/Content/Controls/ControlRig_Box_3mm.uexp" 1995
"../../../Engine/Plugins/Animation/ControlRig/Content/Controls/ControlRig_Box_1mm.ubulk" 1996
"../../../Engine/Plugins/Animation/ControlRig/Content/Controls/ControlRig_Box_1mm.uasset" 1997
"../../../Engine/Plugins/Animation/ControlRig/Content/Controls/ControlRig_Box_1mm.uexp" 1998
"../../../Engine/Plugins/Animation/ControlRig/Content/Controls/ControlRig_Arrow_solid.ubulk" 1999
"../../../Engine/Plugins/Animation/ControlRig/Content/Controls/ControlRig_Arrow_solid.uasset" 2000
"../../../Engine/Plugins/Animation/ControlRig/Content/Controls/ControlRig_Arrow_solid.uexp" 2001
"../../../Engine/Plugins/Animation/ControlRig/Content/Controls/ControlRig_Arrow_3mm.ubulk" 2002
"../../../Engine/Plugins/Animation/ControlRig/Content/Controls/ControlRig_Arrow_3mm.uasset" 2003
"../../../Engine/Plugins/Animation/ControlRig/Content/Controls/ControlRig_Arrow_3mm.uexp" 2004
"../../../Engine/Plugins/Animation/ControlRig/Content/Controls/ControlRig_Arrow_1mm.ubulk" 2005
"../../../Engine/Plugins/Animation/ControlRig/Content/Controls/ControlRig_Arrow_1mm.uasset" 2006
"../../../Engine/Plugins/Animation/ControlRig/Content/Controls/ControlRig_Arrow_1mm.uexp" 2007
"../../../Engine/Plugins/Animation/ControlRig/Content/Controls/ControlRig_Arrow4_solid.ubulk" 2008
"../../../Engine/Plugins/Animation/ControlRig/Content/Controls/ControlRig_Arrow4_solid.uasset" 2009
"../../../Engine/Plugins/Animation/ControlRig/Content/Controls/ControlRig_Arrow4_solid.uexp" 2010
"../../../Engine/Plugins/Animation/ControlRig/Content/Controls/ControlRig_Arrow4_3mm.ubulk" 2011
"../../../Engine/Plugins/Animation/ControlRig/Content/Controls/ControlRig_Arrow4_3mm.uasset" 2012
"../../../Engine/Plugins/Animation/ControlRig/Content/Controls/ControlRig_Arrow4_3mm.uexp" 2013
"../../../Engine/Plugins/Animation/ControlRig/Content/Controls/ControlRig_Arrow4_1mm.ubulk" 2014
"../../../Engine/Plugins/Animation/ControlRig/Content/Controls/ControlRig_Arrow4_1mm.uasset" 2015
"../../../Engine/Plugins/Animation/ControlRig/Content/Controls/ControlRig_Arrow4_1mm.uexp" 2016
"../../../Engine/Plugins/Animation/ControlRig/Content/Controls/ControlRig_Arrow2_solid.ubulk" 2017
"../../../Engine/Plugins/Animation/ControlRig/Content/Controls/ControlRig_Arrow2_solid.uasset" 2018
"../../../Engine/Plugins/Animation/ControlRig/Content/Controls/ControlRig_Arrow2_solid.uexp" 2019
"../../../Engine/Plugins/Animation/ControlRig/Content/Controls/ControlRig_Arrow2_3mm.ubulk" 2020
"../../../Engine/Plugins/Animation/ControlRig/Content/Controls/ControlRig_Arrow2_3mm.uasset" 2021
"../../../Engine/Plugins/Animation/ControlRig/Content/Controls/ControlRig_Arrow2_3mm.uexp" 2022
"../../../Engine/Plugins/Animation/ControlRig/Content/Controls/ControlRig_Arrow2_1mm.ubulk" 2023
"../../../Engine/Plugins/Animation/ControlRig/Content/Controls/ControlRig_Arrow2_1mm.uasset" 2024
"../../../Engine/Plugins/Animation/ControlRig/Content/Controls/ControlRig_Arrow2_1mm.uexp" 2025
"../../../Engine/Plugins/Animation/ControlRig/Content/Controls/ControlRigXRayMaterial.uasset" 2026
"../../../Engine/Plugins/Animation/ControlRig/Content/Controls/ControlRigXRayMaterial.uexp" 2027
"../../../Engine/Plugins/Animation/ControlRig/Content/Controls/ControlRigGizmoMaterial.uasset" 2028
"../../../Engine/Plugins/Animation/ControlRig/Content/Controls/ControlRigGizmoMaterial.uexp" 2029
"../../../Engine/Content/VREditor/TransformGizmo/StartRotationHandleIndicator.ubulk" 2030
"../../../Engine/Content/VREditor/TransformGizmo/StartRotationHandleIndicator.uasset" 2031
"../../../Engine/Content/VREditor/TransformGizmo/StartRotationHandleIndicator.uexp" 2032
"../../../Engine/Content/VREditor/Sounds/UI/Drop_Item_From_ContentBrowser.ubulk" 2033
"../../../Engine/Content/VREditor/Sounds/UI/Drop_Item_From_ContentBrowser.uasset" 2034
"../../../Engine/Content/VREditor/Sounds/UI/Drop_Item_From_ContentBrowser.uexp" 2035
"../../../Engine/Content/VREditor/TransformGizmo/PlaneTranslationHandle.ubulk" 2036
"../../../Engine/Content/VREditor/TransformGizmo/PlaneTranslationHandle.uasset" 2037
"../../../Engine/Content/VREditor/TransformGizmo/PlaneTranslationHandle.uexp" 2038
"../../../Engine/Content/VREditor/Sounds/UI/Object_Snaps_To_Grid.ubulk" 2039
"../../../Engine/Content/VREditor/Sounds/UI/Object_Snaps_To_Grid.uasset" 2040
"../../../Engine/Content/VREditor/Sounds/UI/Object_Snaps_To_Grid.uexp" 2041
"../../../Engine/Content/VREditor/Sounds/UI/Selection_Changes.ubulk" 2042
"../../../Engine/Content/VREditor/Sounds/UI/Selection_Changes.uasset" 2043
"../../../Engine/Content/VREditor/Sounds/UI/Selection_Changes.uexp" 2044
"../../../Engine/Content/VREditor/Sounds/UI/Object_Snaps_To_Another_Actor.ubulk" 2045
"../../../Engine/Content/VREditor/Sounds/UI/Object_Snaps_To_Another_Actor.uasset" 2046
"../../../Engine/Content/VREditor/Sounds/UI/Object_Snaps_To_Another_Actor.uexp" 2047
"../../../Engine/Content/VREditor/TransformGizmo/TranslucentTransformGizmoMaterial_Inst.uasset" 2048
"../../../Engine/Content/VREditor/TransformGizmo/TranslucentTransformGizmoMaterial_Inst.uexp" 2049
"../../../Engine/Content/VREditor/TransformGizmo/TransformGizmoFreeRotation.ubulk" 2050
"../../../Engine/Content/VREditor/TransformGizmo/TransformGizmoFreeRotation.uasset" 2051
"../../../Engine/Content/VREditor/TransformGizmo/TransformGizmoFreeRotation.uexp" 2052
"../../../Engine/Content/VREditor/Sounds/UI/Scaling_Down.ubulk" 2053
"../../../Engine/Content/VREditor/Sounds/UI/Scaling_Down.uasset" 2054
"../../../Engine/Content/VREditor/Sounds/UI/Scaling_Down.uexp" 2055
"../../../Engine/Content/Functions/Engine_MaterialFunctions02/Math/Transform3x3Matrix.uasset" 2056
"../../../Engine/Content/Functions/Engine_MaterialFunctions02/Math/Transform3x3Matrix.uexp" 2057
"../../../Engine/Content/Functions/Engine_MaterialFunctions02/SplitComponents.uasset" 2058
"../../../Engine/Content/Functions/Engine_MaterialFunctions02/SplitComponents.uexp" 2059
"../../../Engine/Content/Functions/Engine_MaterialFunctions02/Utility/MakeFloat3.uasset" 2060
"../../../Engine/Content/Functions/Engine_MaterialFunctions02/Utility/MakeFloat3.uexp" 2061
"../../../Engine/Content/VREditor/SnapGrid/SnapGridMaterial.uasset" 2062
"../../../Engine/Content/VREditor/SnapGrid/SnapGridMaterial.uexp" 2063
"../../../Engine/Content/VREditor/SnapGrid/SnapGridPlaneMesh.ubulk" 2064
"../../../Engine/Content/VREditor/SnapGrid/SnapGridPlaneMesh.uasset" 2065
"../../../Engine/Content/VREditor/SnapGrid/SnapGridPlaneMesh.uexp" 2066
"../../../Engine/Content/VREditor/Sounds/UI/Scaling_Up.ubulk" 2067
"../../../Engine/Content/VREditor/Sounds/UI/Scaling_Up.uasset" 2068
"../../../Engine/Content/VREditor/Sounds/UI/Scaling_Up.uexp" 2069
"../../../Engine/Content/VREditor/TransformGizmo/TransformGizmoMaterial_Inst.uasset" 2070
"../../../Engine/Content/VREditor/TransformGizmo/TransformGizmoMaterial_Inst.uexp" 2071
"../../../Engine/Content/VREditor/Sounds/UI/Gizmo_Handle_Clicked.ubulk" 2072
"../../../Engine/Content/VREditor/Sounds/UI/Gizmo_Handle_Clicked.uasset" 2073
"../../../Engine/Content/VREditor/Sounds/UI/Gizmo_Handle_Clicked.uexp" 2074
"../../../Engine/Content/VREditor/TransformGizmo/RotationHandleQuarter.ubulk" 2075
"../../../Engine/Content/VREditor/TransformGizmo/RotationHandleQuarter.uasset" 2076
"../../../Engine/Content/VREditor/TransformGizmo/RotationHandleQuarter.uexp" 2077
"../../../Engine/Content/VREditor/TransformGizmo/TranslateArrowHandle.ubulk" 2078
"../../../Engine/Content/VREditor/TransformGizmo/TranslateArrowHandle.uasset" 2079
"../../../Engine/Content/VREditor/TransformGizmo/TranslateArrowHandle.uexp" 2080
"../../../Engine/Content/VREditor/TransformGizmo/RotationHandleIndicator.ubulk" 2081
"../../../Engine/Content/VREditor/TransformGizmo/RotationHandleIndicator.uasset" 2082
"../../../Engine/Content/VREditor/TransformGizmo/RotationHandleIndicator.uexp" 2083
"../../../Engine/Content/VREditor/TransformGizmo/UniformScaleHandle.ubulk" 2084
"../../../Engine/Content/VREditor/TransformGizmo/UniformScaleHandle.uasset" 2085
"../../../Engine/Content/VREditor/TransformGizmo/UniformScaleHandle.uexp" 2086
"../../../Engine/Content/VREditor/TransformGizmo/RotationHandleFull.ubulk" 2087
"../../../Engine/Content/VREditor/TransformGizmo/RotationHandleFull.uasset" 2088
"../../../Engine/Content/VREditor/TransformGizmo/RotationHandleFull.uexp" 2089
"../../../Engine/Content/VREditor/Sounds/UI/Object_PickUp.ubulk" 2090
"../../../Engine/Content/VREditor/Sounds/UI/Object_PickUp.uasset" 2091
"../../../Engine/Content/VREditor/Sounds/UI/Object_PickUp.uexp" 2092
"../../../Engine/Content/EngineSounds/Master.uasset" 2093
"../../../Engine/Content/EngineSounds/Master.uexp" 2094
"../../../Engine/Content/EngineMaterials/RemoveSurfaceMaterial.uasset" 2095
"../../../Engine/Content/EngineMaterials/RemoveSurfaceMaterial.uexp" 2096
"../../../Engine/Content/EngineMaterials/DefaultCalibrationGrayscale.uasset" 2097
"../../../Engine/Content/EngineMaterials/DefaultCalibrationGrayscale.uexp" 2098
"../../../Engine/Content/EngineMaterials/PPM_DefaultCalibrationGrayscale.uasset" 2099
"../../../Engine/Content/EngineMaterials/PPM_DefaultCalibrationGrayscale.uexp" 2100
"../../../Engine/Content/EngineMaterials/DefaultCalibrationColor.uasset" 2101
"../../../Engine/Content/EngineMaterials/DefaultCalibrationColor.uexp" 2102
"../../../Engine/Content/EngineMaterials/PPM_DefaultCalibrationColor.uasset" 2103
"../../../Engine/Content/EngineMaterials/PPM_DefaultCalibrationColor.uexp" 2104
"../../../Engine/Content/EngineMaterials/PhAT_JointLimitMaterial.uasset" 2105
"../../../Engine/Content/EngineMaterials/PhAT_JointLimitMaterial.uexp" 2106
"../../../Engine/Content/EngineMaterials/NaniteHiddenSectionMaterial.uasset" 2107
"../../../Engine/Content/EngineMaterials/NaniteHiddenSectionMaterial.uexp" 2108
"../../../Engine/Content/EngineMaterials/InvalidLightmapSettings.ubulk" 2109
"../../../Engine/Content/EngineMaterials/InvalidLightmapSettings.uasset" 2110
"../../../Engine/Content/EngineMaterials/InvalidLightmapSettings.uexp" 2111
"../../../Engine/Content/EngineMaterials/M_InvalidLightmapSettings.uasset" 2112
"../../../Engine/Content/EngineMaterials/M_InvalidLightmapSettings.uexp" 2113
"../../../Engine/Content/EngineMaterials/GizmoMaterial.uasset" 2114
"../../../Engine/Content/EngineMaterials/GizmoMaterial.uexp" 2115
"../../../Engine/Content/EngineMaterials/BaseFlattenEmissiveMap_VT.uasset" 2116
"../../../Engine/Content/EngineMaterials/BaseFlattenEmissiveMap_VT.uexp" 2117
"../../../Engine/Content/EngineMaterials/BaseFlattenGrayscaleMap_VT.uasset" 2118
"../../../Engine/Content/EngineMaterials/BaseFlattenGrayscaleMap_VT.uexp" 2119
"../../../Engine/Content/EngineMaterials/BaseFlattenLinearColor_VT.uasset" 2120
"../../../Engine/Content/EngineMaterials/BaseFlattenLinearColor_VT.uexp" 2121
"../../../Engine/Content/EngineMaterials/Black_1x1_EXR_Texture_VT.uasset" 2122
"../../../Engine/Content/EngineMaterials/Black_1x1_EXR_Texture_VT.uexp" 2123
"../../../Engine/Content/EngineMaterials/BaseFlattenDiffuseMap_VT.uasset" 2124
"../../../Engine/Content/EngineMaterials/BaseFlattenDiffuseMap_VT.uexp" 2125
"../../../Engine/Content/EngineMaterials/BaseFlattenNormalMap_VT.uasset" 2126
"../../../Engine/Content/EngineMaterials/BaseFlattenNormalMap_VT.uexp" 2127
"../../../Engine/Content/EngineMaterials/FlattenMaterial_WS_Normal_VT.uasset" 2128
"../../../Engine/Content/EngineMaterials/FlattenMaterial_WS_Normal_VT.uexp" 2129
"../../../Engine/Content/EngineMaterials/FlattenMaterial_VT.uasset" 2130
"../../../Engine/Content/EngineMaterials/FlattenMaterial_VT.uexp" 2131
"../../../Engine/Content/EngineMaterials/BaseFlattenNormalMap.uasset" 2132
"../../../Engine/Content/EngineMaterials/BaseFlattenNormalMap.uexp" 2133
"../../../Engine/Content/EngineMaterials/BaseFlattenGrayscaleMap.uasset" 2134
"../../../Engine/Content/EngineMaterials/BaseFlattenGrayscaleMap.uexp" 2135
"../../../Engine/Content/EngineMaterials/BaseFlattenDiffuseMap.uasset" 2136
"../../../Engine/Content/EngineMaterials/BaseFlattenDiffuseMap.uexp" 2137
"../../../Engine/Content/Functions/Engine_MaterialFunctions02/PivotPainter2/Black_1x1_EXR_Texture.uasset" 2138
"../../../Engine/Content/Functions/Engine_MaterialFunctions02/PivotPainter2/Black_1x1_EXR_Texture.uexp" 2139
"../../../Engine/Content/EngineMaterials/BaseFlattenEmissiveMap.uasset" 2140
"../../../Engine/Content/EngineMaterials/BaseFlattenEmissiveMap.uexp" 2141
"../../../Engine/Content/EngineMaterials/BaseFlattenLinearColor.uasset" 2142
"../../../Engine/Content/EngineMaterials/BaseFlattenLinearColor.uexp" 2143
"../../../Engine/Content/EngineMaterials/FlattenMaterial.uasset" 2144
"../../../Engine/Content/EngineMaterials/FlattenMaterial.uexp" 2145
"../../../Engine/Content/EngineMaterials/DefaultWhiteGrid_Low.uasset" 2146
"../../../Engine/Content/EngineMaterials/DefaultWhiteGrid_Low.uexp" 2147
"../../../Engine/Content/EngineMaterials/EmissiveMeshMaterial.uasset" 2148
"../../../Engine/Content/EngineMaterials/EmissiveMeshMaterial.uexp" 2149
"../../../Engine/Content/EngineFonts/RobotoDistanceField.uasset" 2150
"../../../Engine/Content/EngineFonts/RobotoDistanceField.uexp" 2151
"../../../Engine/Content/EngineMaterials/DefaultTextMaterialOpaque.uasset" 2152
"../../../Engine/Content/EngineMaterials/DefaultTextMaterialOpaque.uexp" 2153
"../../../Engine/Content/EngineMaterials/DefaultPostProcessMaterial.uasset" 2154
"../../../Engine/Content/EngineMaterials/DefaultPostProcessMaterial.uexp" 2155
"../../../Engine/Content/EngineMaterials/DefaultPhysicalMaterial.uasset" 2156
"../../../Engine/Content/EngineMaterials/DefaultPhysicalMaterial.uexp" 2157
"../../../Engine/Content/EngineMaterials/DefaultLightFunctionMaterial.uasset" 2158
"../../../Engine/Content/EngineMaterials/DefaultLightFunctionMaterial.uexp" 2159
"../../../Engine/Content/EngineMaterials/DefaultDestructiblePhysicalMaterial.uasset" 2160
"../../../Engine/Content/EngineMaterials/DefaultDestructiblePhysicalMaterial.uexp" 2161
"../../../Engine/Content/EngineMaterials/DefaultDeferredDecalMaterial.uasset" 2162
"../../../Engine/Content/EngineMaterials/DefaultDeferredDecalMaterial.uexp" 2163
"../../../Engine/Content/EngineMaterials/DefaultBloomKernel.uasset" 2164
"../../../Engine/Content/EngineMaterials/DefaultBloomKernel.uexp" 2165
"../../../Engine/Content/EngineFonts/Faces/RobotoLight.uexp" 2166
"../../../Engine/Content/EngineFonts/Faces/RobotoLight.uasset" 2167
"../../../Engine/Content/EngineFonts/Faces/RobotoLight.ufont" 2168
"../../../Engine/Content/EngineFonts/Faces/RobotoBold.uexp" 2169
"../../../Engine/Content/EngineFonts/Faces/RobotoBold.uasset" 2170
"../../../Engine/Content/EngineFonts/Faces/RobotoBold.ufont" 2171
"../../../Engine/Content/EngineFonts/Faces/RobotoRegular.uexp" 2172
"../../../Engine/Content/EngineFonts/Faces/RobotoRegular.uasset" 2173
"../../../Engine/Content/EngineFonts/Faces/RobotoRegular.ufont" 2174
"../../../Engine/Content/EngineFonts/Faces/DroidSansFallback.uexp" 2175
"../../../Engine/Content/EngineFonts/Faces/DroidSansFallback.uasset" 2176
"../../../Engine/Content/EngineFonts/Faces/DroidSansFallback.ufont" 2177
"../../../Engine/Content/EngineFonts/Faces/RobotoItalic.uexp" 2178
"../../../Engine/Content/EngineFonts/Faces/RobotoItalic.uasset" 2179
"../../../Engine/Content/EngineFonts/Faces/RobotoItalic.ufont" 2180
"../../../Engine/Content/EngineFonts/Faces/RobotoBoldItalic.uexp" 2181
"../../../Engine/Content/EngineFonts/Faces/RobotoBoldItalic.uasset" 2182
"../../../Engine/Content/EngineFonts/Faces/RobotoBoldItalic.ufont" 2183
"../../../Engine/Content/EngineFonts/Roboto.uasset" 2184
"../../../Engine/Content/EngineFonts/Roboto.uexp" 2185
"../../../Engine/Content/EngineDebugMaterials/VolumeToRender.uasset" 2186
"../../../Engine/Content/EngineDebugMaterials/VolumeToRender.uexp" 2187
"../../../Engine/Content/EngineDebugMaterials/M_VolumeRenderSphereTracePP.uasset" 2188
"../../../Engine/Content/EngineDebugMaterials/M_VolumeRenderSphereTracePP.uexp" 2189
"../../../Engine/Content/EngineDebugMaterials/M_SimpleUnlitTranslucent.uasset" 2190
"../../../Engine/Content/EngineDebugMaterials/M_SimpleUnlitTranslucent.uexp" 2191
"../../../Engine/Content/EngineDebugMaterials/DebugMeshMaterial.uasset" 2192
"../../../Engine/Content/EngineDebugMaterials/DebugMeshMaterial.uexp" 2193
"../../../Engine/Content/EngineDebugMaterials/DebugEditorMaterial.uasset" 2194
"../../../Engine/Content/EngineDebugMaterials/DebugEditorMaterial.uexp" 2195
"../../../Engine/Content/EngineDamageTypes/DmgTypeBP_Environmental.uasset" 2196
"../../../Engine/Content/EngineDamageTypes/DmgTypeBP_Environmental.uexp" 2197
"../../../Engine/Content/EditorResources/BSPVertex.uasset" 2198
"../../../Engine/Content/EditorResources/BSPVertex.uexp" 2199
"../../../Engine/Content/EditorMaterials/PreviewShadowIndicator.ubulk" 2200
"../../../Engine/Content/EditorMaterials/PreviewShadowIndicator.uasset" 2201
"../../../Engine/Content/EditorMaterials/PreviewShadowIndicator.uexp" 2202
"../../../Engine/Content/EditorMaterials/PreviewShadowIndicatorMaterial.uasset" 2203
"../../../Engine/Content/EditorMaterials/PreviewShadowIndicatorMaterial.uexp" 2204
"../../../Engine/Content/EditorMaterials/PhAT_UnselectedMaterial.uasset" 2205
"../../../Engine/Content/EditorMaterials/PhAT_UnselectedMaterial.uexp" 2206
"../../../Engine/Content/EditorMaterials/PhAT_NoCollisionMaterial.uasset" 2207
"../../../Engine/Content/EditorMaterials/PhAT_NoCollisionMaterial.uexp" 2208
"../../../Engine/Content/EditorLandscapeResources/DefaultAlphaTexture.uasset" 2209
"../../../Engine/Content/EditorLandscapeResources/DefaultAlphaTexture.uexp" 2210
"../../../Engine/Content/EditorLandscapeResources/DataLayer.uasset" 2211
"../../../Engine/Content/EditorLandscapeResources/DataLayer.uexp" 2212
"C:/Users/silve/OneDrive/Documents/Unreal Projects/MightyHero/Content/Assets/Music/Spacer_adventure_2.ubulk" 2213
"C:/Users/silve/OneDrive/Documents/Unreal Projects/MightyHero/Content/Assets/Music/Spacer_adventure_2.uasset" 2214
"C:/Users/silve/OneDrive/Documents/Unreal Projects/MightyHero/Content/Assets/Music/Spacer_adventure_2.uexp" 2215
"C:/Users/silve/OneDrive/Documents/Unreal Projects/MightyHero/Content/Assets/Music/Last_hope.ubulk" 2216
"C:/Users/silve/OneDrive/Documents/Unreal Projects/MightyHero/Content/Assets/Music/Last_hope.uasset" 2217
"C:/Users/silve/OneDrive/Documents/Unreal Projects/MightyHero/Content/Assets/Music/Last_hope.uexp" 2218
"C:/Users/silve/OneDrive/Documents/Unreal Projects/MightyHero/Content/Assets/Music/Last_hope_Cue.uasset" 2219
"C:/Users/silve/OneDrive/Documents/Unreal Projects/MightyHero/Content/Assets/Music/Last_hope_Cue.uexp" 2220
"../../../Engine/Content/Functions/Engine_MaterialFunctions02/Math/AddComponents.uasset" 2221
"../../../Engine/Content/Functions/Engine_MaterialFunctions02/Math/AddComponents.uexp" 2222
"C:/Users/silve/OneDrive/Documents/Unreal Projects/MightyHero/Content/Assets/Sprites/SoundOn.uasset" 2223
"C:/Users/silve/OneDrive/Documents/Unreal Projects/MightyHero/Content/Assets/Sprites/SoundOn.uexp" 2224
"C:/Users/silve/OneDrive/Documents/Unreal Projects/MightyHero/Content/Assets/Sprites/SoundOn_Sprite.uasset" 2225
"C:/Users/silve/OneDrive/Documents/Unreal Projects/MightyHero/Content/Assets/Sprites/SoundOn_Sprite.uexp" 2226
"C:/Users/silve/OneDrive/Documents/Unreal Projects/MightyHero/Content/Assets/Sprites/SoundOff.uasset" 2227
"C:/Users/silve/OneDrive/Documents/Unreal Projects/MightyHero/Content/Assets/Sprites/SoundOff.uexp" 2228
"C:/Users/silve/OneDrive/Documents/Unreal Projects/MightyHero/Content/Assets/Sprites/SoundOff_Sprite.uasset" 2229
"C:/Users/silve/OneDrive/Documents/Unreal Projects/MightyHero/Content/Assets/Sprites/SoundOff_Sprite.uexp" 2230
"C:/Users/silve/OneDrive/Documents/Unreal Projects/MightyHero/Content/Assets/Sprites/Scores.uasset" 2231
"C:/Users/silve/OneDrive/Documents/Unreal Projects/MightyHero/Content/Assets/Sprites/Scores.uexp" 2232
"C:/Users/silve/OneDrive/Documents/Unreal Projects/MightyHero/Content/Assets/Sprites/Scores_Sprite.uasset" 2233
"C:/Users/silve/OneDrive/Documents/Unreal Projects/MightyHero/Content/Assets/Sprites/Scores_Sprite.uexp" 2234
"C:/Users/silve/OneDrive/Documents/Unreal Projects/MightyHero/Content/Assets/Sprites/Globe.uasset" 2235
"C:/Users/silve/OneDrive/Documents/Unreal Projects/MightyHero/Content/Assets/Sprites/Globe.uexp" 2236
"C:/Users/silve/OneDrive/Documents/Unreal Projects/MightyHero/Content/Assets/Sprites/Globe_Sprite.uasset" 2237
"C:/Users/silve/OneDrive/Documents/Unreal Projects/MightyHero/Content/Assets/Sprites/Globe_Sprite.uexp" 2238
"C:/Users/silve/OneDrive/Documents/Unreal Projects/MightyHero/Content/Assets/Sprites/GameTitle.uasset" 2239
"C:/Users/silve/OneDrive/Documents/Unreal Projects/MightyHero/Content/Assets/Sprites/GameTitle.uexp" 2240
"C:/Users/silve/OneDrive/Documents/Unreal Projects/MightyHero/Content/Assets/Sprites/GameTitle_Sprite.uasset" 2241
"C:/Users/silve/OneDrive/Documents/Unreal Projects/MightyHero/Content/Assets/Sprites/GameTitle_Sprite.uexp" 2242
"C:/Users/silve/OneDrive/Documents/Unreal Projects/MightyHero/Content/Assets/Sprites/Documents.uasset" 2243
"C:/Users/silve/OneDrive/Documents/Unreal Projects/MightyHero/Content/Assets/Sprites/Documents.uexp" 2244
"C:/Users/silve/OneDrive/Documents/Unreal Projects/MightyHero/Content/Assets/Sprites/Documents_Sprite.uasset" 2245
"C:/Users/silve/OneDrive/Documents/Unreal Projects/MightyHero/Content/Assets/Sprites/Documents_Sprite.uexp" 2246
"C:/Users/silve/OneDrive/Documents/Unreal Projects/MightyHero/Content/Assets/Sprites/DialogCloud_Up.uasset" 2247
"C:/Users/silve/OneDrive/Documents/Unreal Projects/MightyHero/Content/Assets/Sprites/DialogCloud_Up.uexp" 2248
"C:/Users/silve/OneDrive/Documents/Unreal Projects/MightyHero/Content/Assets/Sprites/DialogCloud_Up_Sprite.uasset" 2249
"C:/Users/silve/OneDrive/Documents/Unreal Projects/MightyHero/Content/Assets/Sprites/DialogCloud_Up_Sprite.uexp" 2250
"C:/Users/silve/OneDrive/Documents/Unreal Projects/MightyHero/Content/Assets/Sprites/DialogCloud_Low.uasset" 2251
"C:/Users/silve/OneDrive/Documents/Unreal Projects/MightyHero/Content/Assets/Sprites/DialogCloud_Low.uexp" 2252
"C:/Users/silve/OneDrive/Documents/Unreal Projects/MightyHero/Content/Assets/Sprites/DialogCloud_Low_Sprite.uasset" 2253
"C:/Users/silve/OneDrive/Documents/Unreal Projects/MightyHero/Content/Assets/Sprites/DialogCloud_Low_Sprite.uexp" 2254
"../../../Engine/Content/Functions/Engine_MaterialFunctions01/Texturing/FlattenNormal.uasset" 2255
"../../../Engine/Content/Functions/Engine_MaterialFunctions01/Texturing/FlattenNormal.uexp" 2256
"../../../Engine/Content/EngineSky/VolumetricClouds/CloudWeatherTexture.uasset" 2257
"../../../Engine/Content/EngineSky/VolumetricClouds/CloudWeatherTexture.uexp" 2258
"../../../Engine/Content/Functions/Engine_MaterialFunctions02/Utility/MakeFloat2.uasset" 2259
"../../../Engine/Content/Functions/Engine_MaterialFunctions02/Utility/MakeFloat2.uexp" 2260
"../../../Engine/Content/EngineSky/VolumetricClouds/CloudGradientTexture.uasset" 2261
"../../../Engine/Content/EngineSky/VolumetricClouds/CloudGradientTexture.uexp" 2262
"../../../Engine/Content/EngineSky/VolumetricClouds/T_NoiseShape64.ubulk" 2263
"../../../Engine/Content/EngineSky/VolumetricClouds/T_NoiseShape64.uasset" 2264
"../../../Engine/Content/EngineSky/VolumetricClouds/T_NoiseShape64.uexp" 2265
"../../../Engine/Content/EngineSky/VolumetricClouds/T_VolumeNoiseShape64.uasset" 2266
"../../../Engine/Content/EngineSky/VolumetricClouds/T_VolumeNoiseShape64.uexp" 2267
"../../../Engine/Content/EngineSky/VolumetricClouds/T_NoiseErosion.ubulk" 2268
"../../../Engine/Content/EngineSky/VolumetricClouds/T_NoiseErosion.uasset" 2269
"../../../Engine/Content/EngineSky/VolumetricClouds/T_NoiseErosion.uexp" 2270
"../../../Engine/Content/EngineSky/VolumetricClouds/T_VolumeNoiseErosion32.uasset" 2271
"../../../Engine/Content/EngineSky/VolumetricClouds/T_VolumeNoiseErosion32.uexp" 2272
"../../../Engine/Content/EngineSky/VolumetricClouds/m_SimpleVolumetricCloud.uasset" 2273
"../../../Engine/Content/EngineSky/VolumetricClouds/m_SimpleVolumetricCloud.uexp" 2274
"../../../Engine/Content/EngineSky/VolumetricClouds/m_SimpleVolumetricCloud_Inst.uasset" 2275
"../../../Engine/Content/EngineSky/VolumetricClouds/m_SimpleVolumetricCloud_Inst.uexp" 2276
"../../../Engine/Content/EngineResources/FilmGrains/Marcie_Grain_v3_128_M2_000.uasset" 2277
"../../../Engine/Content/EngineResources/FilmGrains/Marcie_Grain_v3_128_M2_000.uexp" 2278
"../../../Engine/Content/EditorResources/SequenceRecorder/RecordingIndicator.uasset" 2279
"../../../Engine/Content/EditorResources/SequenceRecorder/RecordingIndicator.uexp" 2280
"../../../Engine/Content/EditorResources/SequenceRecorder/Countdown.uasset" 2281
"../../../Engine/Content/EditorResources/SequenceRecorder/Countdown.uexp" 2282
"C:/Users/silve/OneDrive/Documents/Unreal Projects/MightyHero/Content/Assets/Sprites/Limiter/Limiter_Up.uasset" 2283
"C:/Users/silve/OneDrive/Documents/Unreal Projects/MightyHero/Content/Assets/Sprites/Limiter/Limiter_Up.uexp" 2284
"C:/Users/silve/OneDrive/Documents/Unreal Projects/MightyHero/Content/Assets/Sprites/Limiter/Limiter_Up_Sprite.uasset" 2285
"C:/Users/silve/OneDrive/Documents/Unreal Projects/MightyHero/Content/Assets/Sprites/Limiter/Limiter_Up_Sprite.uexp" 2286
"C:/Users/silve/OneDrive/Documents/Unreal Projects/MightyHero/Content/Assets/Sprites/Limiter/Limiter_Bot.uasset" 2287
"C:/Users/silve/OneDrive/Documents/Unreal Projects/MightyHero/Content/Assets/Sprites/Limiter/Limiter_Bot.uexp" 2288
"C:/Users/silve/OneDrive/Documents/Unreal Projects/MightyHero/Content/Assets/Sprites/Limiter/Limiter_Bot_Sprite.uasset" 2289
"C:/Users/silve/OneDrive/Documents/Unreal Projects/MightyHero/Content/Assets/Sprites/Limiter/Limiter_Bot_Sprite.uexp" 2290
"C:/Users/silve/OneDrive/Documents/Unreal Projects/MightyHero/Content/Assets/Sprites/UI/DialogCloud_Up_x4.uasset" 2291
"C:/Users/silve/OneDrive/Documents/Unreal Projects/MightyHero/Content/Assets/Sprites/UI/DialogCloud_Up_x4.uexp" 2292
"C:/Users/silve/OneDrive/Documents/Unreal Projects/MightyHero/Content/Assets/Sprites/UI/DialogCloud_Up_x4_Sprite.uasset" 2293
"C:/Users/silve/OneDrive/Documents/Unreal Projects/MightyHero/Content/Assets/Sprites/UI/DialogCloud_Up_x4_Sprite.uexp" 2294
"C:/Users/silve/OneDrive/Documents/Unreal Projects/MightyHero/Content/Assets/Sprites/UI/DialogCloud_Low_x4.uasset" 2295
"C:/Users/silve/OneDrive/Documents/Unreal Projects/MightyHero/Content/Assets/Sprites/UI/DialogCloud_Low_x4.uexp" 2296
"C:/Users/silve/OneDrive/Documents/Unreal Projects/MightyHero/Content/Assets/Sprites/UI/DialogCloud_Low_x4_Sprite.uasset" 2297
"C:/Users/silve/OneDrive/Documents/Unreal Projects/MightyHero/Content/Assets/Sprites/UI/DialogCloud_Low_x4_Sprite.uexp" 2298
"C:/Users/silve/OneDrive/Documents/Unreal Projects/MightyHero/Content/Assets/Sprites/UI/Button_Standard.uasset" 2299
"C:/Users/silve/OneDrive/Documents/Unreal Projects/MightyHero/Content/Assets/Sprites/UI/Button_Standard.uexp" 2300
"C:/Users/silve/OneDrive/Documents/Unreal Projects/MightyHero/Content/Assets/Sprites/UI/Button_Standard_Sprite.uasset" 2301
"C:/Users/silve/OneDrive/Documents/Unreal Projects/MightyHero/Content/Assets/Sprites/UI/Button_Standard_Sprite.uexp" 2302
"C:/Users/silve/OneDrive/Documents/Unreal Projects/MightyHero/Content/Assets/Sprites/UI/Button_Standard_Pressed.uasset" 2303
"C:/Users/silve/OneDrive/Documents/Unreal Projects/MightyHero/Content/Assets/Sprites/UI/Button_Standard_Pressed.uexp" 2304
"C:/Users/silve/OneDrive/Documents/Unreal Projects/MightyHero/Content/Assets/Sprites/UI/Button_Standard_Pressed_Sprite.uasset" 2305
"C:/Users/silve/OneDrive/Documents/Unreal Projects/MightyHero/Content/Assets/Sprites/UI/Button_Standard_Pressed_Sprite.uexp" 2306
"C:/Users/silve/OneDrive/Documents/Unreal Projects/MightyHero/Content/Assets/Sprites/UI/Border_x4_Sprite.uasset" 2307
"C:/Users/silve/OneDrive/Documents/Unreal Projects/MightyHero/Content/Assets/Sprites/UI/Border_x4_Sprite.uexp" 2308
"C:/Users/silve/OneDrive/Documents/Unreal Projects/MightyHero/Content/Assets/Sprites/Meteor/Frames/Meteor__IF_2_aseprite.uasset" 2309
"C:/Users/silve/OneDrive/Documents/Unreal Projects/MightyHero/Content/Assets/Sprites/Meteor/Frames/Meteor__IF_2_aseprite.uexp" 2310
"C:/Users/silve/OneDrive/Documents/Unreal Projects/MightyHero/Content/Assets/Sprites/Meteor/Frames/Meteor__IF_1_aseprite.uasset" 2311
"C:/Users/silve/OneDrive/Documents/Unreal Projects/MightyHero/Content/Assets/Sprites/Meteor/Frames/Meteor__IF_1_aseprite.uexp" 2312
"C:/Users/silve/OneDrive/Documents/Unreal Projects/MightyHero/Content/Assets/Sprites/Meteor/Frames/Meteor__IF_0_aseprite.uasset" 2313
"C:/Users/silve/OneDrive/Documents/Unreal Projects/MightyHero/Content/Assets/Sprites/Meteor/Frames/Meteor__IF_0_aseprite.uexp" 2314
"C:/Users/silve/OneDrive/Documents/Unreal Projects/MightyHero/Content/Assets/Sprites/Meteor/Meteor__IF.uasset" 2315
"C:/Users/silve/OneDrive/Documents/Unreal Projects/MightyHero/Content/Assets/Sprites/Meteor/Meteor__IF.uexp" 2316
"C:/Users/silve/OneDrive/Documents/Unreal Projects/MightyHero/Content/Assets/Sprites/Background/Background_Sprite_5.uasset" 2317
"C:/Users/silve/OneDrive/Documents/Unreal Projects/MightyHero/Content/Assets/Sprites/Background/Background_Sprite_5.uexp" 2318
"C:/Users/silve/OneDrive/Documents/Unreal Projects/MightyHero/Content/Assets/Sprites/Background/Background_Sprite_4.uasset" 2319
"C:/Users/silve/OneDrive/Documents/Unreal Projects/MightyHero/Content/Assets/Sprites/Background/Background_Sprite_4.uexp" 2320
"C:/Users/silve/OneDrive/Documents/Unreal Projects/MightyHero/Content/Assets/Sprites/Background/Background_Sprite_3.uasset" 2321
"C:/Users/silve/OneDrive/Documents/Unreal Projects/MightyHero/Content/Assets/Sprites/Background/Background_Sprite_3.uexp" 2322
"../../../Engine/Content/Functions/Engine_MaterialFunctions01/Shading/PowerToRoughness.uasset" 2323
"../../../Engine/Content/Functions/Engine_MaterialFunctions01/Shading/PowerToRoughness.uexp" 2324
"../../../Engine/Content/Functions/Engine_MaterialFunctions01/Shading/ConvertFromDiffSpec.uasset" 2325
"../../../Engine/Content/Functions/Engine_MaterialFunctions01/Shading/ConvertFromDiffSpec.uexp" 2326
"../../../Engine/Content/EngineMaterials/Substrate/Volume/SubstrateSimpleVolumeLUT2D.uasset" 2327
"../../../Engine/Content/EngineMaterials/Substrate/Volume/SubstrateSimpleVolumeLUT2D.uexp" 2328
"../../../Engine/Content/EngineMaterials/Substrate/Volume/SubstrateSimpleVolumeLUT3D.uasset" 2329
"../../../Engine/Content/EngineMaterials/Substrate/Volume/SubstrateSimpleVolumeLUT3D.uexp" 2330
"../../../Engine/Content/EngineMaterials/Substrate/Volume/SubstrateSimpleVolumeEnvLUT2D.uasset" 2331
"../../../Engine/Content/EngineMaterials/Substrate/Volume/SubstrateSimpleVolumeEnvLUT2D.uexp" 2332
"../../../Engine/Content/EngineMaterials/Substrate/Volume/SubstrateSimpleVolumeEnvLUT3D.uasset" 2333
"../../../Engine/Content/EngineMaterials/Substrate/Volume/SubstrateSimpleVolumeEnvLUT3D.uexp" 2334
"../../../Engine/Content/EngineMaterials/Substrate/Glints2/dict_0001_0022.uasset" 2335
"../../../Engine/Content/EngineMaterials/Substrate/Glints2/dict_0001_0022.uexp" 2336
"../../../Engine/Content/EngineMaterials/Substrate/Glints2/dict_0000_0185.uasset" 2337
"../../../Engine/Content/EngineMaterials/Substrate/Glints2/dict_0000_0185.uexp" 2338
"../../../Engine/Content/EngineMaterials/Substrate/Glints2/dict_0007_0226.uasset" 2339
"../../../Engine/Content/EngineMaterials/Substrate/Glints2/dict_0007_0226.uexp" 2340
"../../../Engine/Content/EngineMaterials/Substrate/Glints2/dict_0000_0154.uasset" 2341
"../../../Engine/Content/EngineMaterials/Substrate/Glints2/dict_0000_0154.uexp" 2342
"../../../Engine/Content/EngineMaterials/Substrate/Glints2/dict_0000_0031.uasset" 2343
"../../../Engine/Content/EngineMaterials/Substrate/Glints2/dict_0000_0031.uexp" 2344
"../../../Engine/Content/EngineMaterials/Substrate/Glints2/dict_0002_0188.uasset" 2345
"../../../Engine/Content/EngineMaterials/Substrate/Glints2/dict_0002_0188.uexp" 2346
"../../../Engine/Content/EngineMaterials/Substrate/Glints2/dict_0005_0149.uasset" 2347
"../../../Engine/Content/EngineMaterials/Substrate/Glints2/dict_0005_0149.uexp" 2348
"../../../Engine/Content/EngineMaterials/Substrate/Glints2/dict_0004_0036.uasset" 2349
"../../../Engine/Content/EngineMaterials/Substrate/Glints2/dict_0004_0036.uexp" 2350
"../../../Engine/Content/EngineMaterials/Substrate/Glints2/dict_0003_0156.uasset" 2351
"../../../Engine/Content/EngineMaterials/Substrate/Glints2/dict_0003_0156.uexp" 2352
"../../../Engine/Content/EngineMaterials/Substrate/Glints2/dict_0001_0186.uasset" 2353
"../../../Engine/Content/EngineMaterials/Substrate/Glints2/dict_0001_0186.uexp" 2354
"../../../Engine/Content/EngineMaterials/Substrate/Glints2/dict_0005_0120.uasset" 2355
"../../../Engine/Content/EngineMaterials/Substrate/Glints2/dict_0005_0120.uexp" 2356
"../../../Engine/Content/EngineMaterials/Substrate/Glints2/dict_0000_0213.uasset" 2357
"../../../Engine/Content/EngineMaterials/Substrate/Glints2/dict_0000_0213.uexp" 2358
"../../../Engine/Content/EngineMaterials/Substrate/Glints2/dict_0007_0066.uasset" 2359
"../../../Engine/Content/EngineMaterials/Substrate/Glints2/dict_0007_0066.uexp" 2360
"../../../Engine/Content/EngineMaterials/Substrate/Glints2/dict_0004_0069.uasset" 2361
"../../../Engine/Content/EngineMaterials/Substrate/Glints2/dict_0004_0069.uexp" 2362
"../../../Engine/Content/EngineMaterials/Substrate/Glints2/dict_0002_0212.uasset" 2363
"../../../Engine/Content/EngineMaterials/Substrate/Glints2/dict_0002_0212.uexp" 2364
"../../../Engine/Content/EngineMaterials/Substrate/Glints2/dict_0005_0044.uasset" 2365
"../../../Engine/Content/EngineMaterials/Substrate/Glints2/dict_0005_0044.uexp" 2366
"../../../Engine/Content/EngineMaterials/Substrate/Glints2/dict_0002_0219.uasset" 2367
"../../../Engine/Content/EngineMaterials/Substrate/Glints2/dict_0002_0219.uexp" 2368
"../../../Engine/Content/EngineMaterials/Substrate/Glints2/dict_0002_0119.uasset" 2369
"../../../Engine/Content/EngineMaterials/Substrate/Glints2/dict_0002_0119.uexp" 2370
"../../../Engine/Content/EngineMaterials/Substrate/Glints2/dict_0002_0024.uasset" 2371
"../../../Engine/Content/EngineMaterials/Substrate/Glints2/dict_0002_0024.uexp" 2372
"../../../Engine/Content/EngineMaterials/Substrate/Glints2/dict_0001_0107.uasset" 2373
"../../../Engine/Content/EngineMaterials/Substrate/Glints2/dict_0001_0107.uexp" 2374
"../../../Engine/Content/EngineMaterials/Substrate/Glints2/dict_0001_0041.uasset" 2375
"../../../Engine/Content/EngineMaterials/Substrate/Glints2/dict_0001_0041.uexp" 2376
"../../../Engine/Content/EngineMaterials/Substrate/Glints2/dict_0006_0099.uasset" 2377
"../../../Engine/Content/EngineMaterials/Substrate/Glints2/dict_0006_0099.uexp" 2378
"../../../Engine/Content/EngineMaterials/Substrate/Glints2/dict_0000_0003.uasset" 2379
"../../../Engine/Content/EngineMaterials/Substrate/Glints2/dict_0000_0003.uexp" 2380
"../../../Engine/Content/EngineMaterials/Substrate/Glints2/dict_0006_0046.uasset" 2381
"../../../Engine/Content/EngineMaterials/Substrate/Glints2/dict_0006_0046.uexp" 2382
"../../../Engine/Content/EngineMaterials/Substrate/Glints2/dict_0001_0247.uasset" 2383
"../../../Engine/Content/EngineMaterials/Substrate/Glints2/dict_0001_0247.uexp" 2384
"../../../Engine/Content/EngineMaterials/Substrate/Glints2/dict_0001_0068.uasset" 2385
"../../../Engine/Content/EngineMaterials/Substrate/Glints2/dict_0001_0068.uexp" 2386
"../../../Engine/Content/EngineMaterials/Substrate/Glints2/dict_0005_0078.uasset" 2387
"../../../Engine/Content/EngineMaterials/Substrate/Glints2/dict_0005_0078.uexp" 2388
"../../../Engine/Content/EngineMaterials/Substrate/Glints2/dict_0003_0067.uasset" 2389
"../../../Engine/Content/EngineMaterials/Substrate/Glints2/dict_0003_0067.uexp" 2390
"../../../Engine/Content/EngineMaterials/Substrate/Glints2/dict_0000_0205.uasset" 2391
"../../../Engine/Content/EngineMaterials/Substrate/Glints2/dict_0000_0205.uexp" 2392
"../../../Engine/Content/EngineMaterials/Substrate/Glints2/dict_0000_0178.uasset" 2393
"../../../Engine/Content/EngineMaterials/Substrate/Glints2/dict_0000_0178.uexp" 2394
"../../../Engine/Content/EngineMaterials/Substrate/Glints2/dict_0007_0116.uasset" 2395
"../../../Engine/Content/EngineMaterials/Substrate/Glints2/dict_0007_0116.uexp" 2396
"../../../Engine/Content/EngineMaterials/Substrate/Glints2/dict_0000_0088.uasset" 2397
"../../../Engine/Content/EngineMaterials/Substrate/Glints2/dict_0000_0088.uexp" 2398
"../../../Engine/Content/EngineMaterials/Substrate/Glints2/dict_0006_0247.uasset" 2399
"../../../Engine/Content/EngineMaterials/Substrate/Glints2/dict_0006_0247.uexp" 2400
"../../../Engine/Content/EngineMaterials/Substrate/Glints2/dict_0002_0076.uasset" 2401
"../../../Engine/Content/EngineMaterials/Substrate/Glints2/dict_0002_0076.uexp" 2402
"../../../Engine/Content/EngineMaterials/Substrate/Glints2/dict_0006_0039.uasset" 2403
"../../../Engine/Content/EngineMaterials/Substrate/Glints2/dict_0006_0039.uexp" 2404
"../../../Engine/Content/EngineMaterials/Substrate/Glints2/dict_0003_0055.uasset" 2405
"../../../Engine/Content/EngineMaterials/Substrate/Glints2/dict_0003_0055.uexp" 2406
"../../../Engine/Content/EngineMaterials/Substrate/Glints2/dict_0007_0100.uasset" 2407
"../../../Engine/Content/EngineMaterials/Substrate/Glints2/dict_0007_0100.uexp" 2408
"../../../Engine/Content/EngineMaterials/Substrate/Glints2/dict_0000_0174.uasset" 2409
"../../../Engine/Content/EngineMaterials/Substrate/Glints2/dict_0000_0174.uexp" 2410
"../../../Engine/Content/EngineMaterials/Substrate/Glints2/dict_0005_0179.uasset" 2411
"../../../Engine/Content/EngineMaterials/Substrate/Glints2/dict_0005_0179.uexp" 2412
"../../../Engine/Content/EngineMaterials/Substrate/Glints2/dict_0005_0072.uasset" 2413
"../../../Engine/Content/EngineMaterials/Substrate/Glints2/dict_0005_0072.uexp" 2414
"../../../Engine/Content/EngineMaterials/Substrate/Glints2/dict_0005_0054.uasset" 2415
"../../../Engine/Content/EngineMaterials/Substrate/Glints2/dict_0005_0054.uexp" 2416
"../../../Engine/Content/EngineMaterials/Substrate/Glints2/dict_0000_0164.uasset" 2417
"../../../Engine/Content/EngineMaterials/Substrate/Glints2/dict_0000_0164.uexp" 2418
"../../../Engine/Content/EngineMaterials/Substrate/Glints2/dict_0004_0138.uasset" 2419
"../../../Engine/Content/EngineMaterials/Substrate/Glints2/dict_0004_0138.uexp" 2420
"../../../Engine/Content/EngineMaterials/Substrate/Glints2/dict_0007_0213.uasset" 2421
"../../../Engine/Content/EngineMaterials/Substrate/Glints2/dict_0007_0213.uexp" 2422
"../../../Engine/Content/EngineMaterials/Substrate/Glints2/dict_0007_0091.uasset" 2423
"../../../Engine/Content/EngineMaterials/Substrate/Glints2/dict_0007_0091.uexp" 2424
"../../../Engine/Content/EngineMaterials/Substrate/Glints2/dict_0006_0164.uasset" 2425
"../../../Engine/Content/EngineMaterials/Substrate/Glints2/dict_0006_0164.uexp" 2426
"../../../Engine/Content/EngineMaterials/Substrate/Glints2/dict_0006_0006.uasset" 2427
"../../../Engine/Content/EngineMaterials/Substrate/Glints2/dict_0006_0006.uexp" 2428
"../../../Engine/Content/EngineMaterials/Substrate/Glints2/dict_0005_0064.uasset" 2429
"../../../Engine/Content/EngineMaterials/Substrate/Glints2/dict_0005_0064.uexp" 2430
"../../../Engine/Content/EngineMaterials/Substrate/Glints2/dict_0004_0132.uasset" 2431
"../../../Engine/Content/EngineMaterials/Substrate/Glints2/dict_0004_0132.uexp" 2432
"../../../Engine/Content/EngineMaterials/Substrate/Glints2/dict_0000_0225.uasset" 2433
"../../../Engine/Content/EngineMaterials/Substrate/Glints2/dict_0000_0225.uexp" 2434
"../../../Engine/Content/EngineMaterials/Substrate/Glints2/dict_0007_0252.uasset" 2435
"../../../Engine/Content/EngineMaterials/Substrate/Glints2/dict_0007_0252.uexp" 2436
"../../../Engine/Content/EngineMaterials/Substrate/Glints2/dict_0001_0230.uasset" 2437
"../../../Engine/Content/EngineMaterials/Substrate/Glints2/dict_0001_0230.uexp" 2438
"../../../Engine/Content/EngineMaterials/Substrate/Glints2/dict_0001_0115.uasset" 2439
"../../../Engine/Content/EngineMaterials/Substrate/Glints2/dict_0001_0115.uexp" 2440
"../../../Engine/Content/EngineMaterials/Substrate/Glints2/dict_0004_0171.uasset" 2441
"../../../Engine/Content/EngineMaterials/Substrate/Glints2/dict_0004_0171.uexp" 2442
"../../../Engine/Content/EngineMaterials/Substrate/Glints2/dict_0007_0099.uasset" 2443
"../../../Engine/Content/EngineMaterials/Substrate/Glints2/dict_0007_0099.uexp" 2444
"../../../Engine/Content/EngineMaterials/Substrate/Glints2/dict_0006_0253.uasset" 2445
"../../../Engine/Content/EngineMaterials/Substrate/Glints2/dict_0006_0253.uexp" 2446
"../../../Engine/Content/EngineMaterials/Substrate/Glints2/dict_0004_0135.uasset" 2447
"../../../Engine/Content/EngineMaterials/Substrate/Glints2/dict_0004_0135.uexp" 2448
"../../../Engine/Content/EngineMaterials/Substrate/Glints2/dict_0002_0116.uasset" 2449
"../../../Engine/Content/EngineMaterials/Substrate/Glints2/dict_0002_0116.uexp" 2450
"../../../Engine/Content/EngineMaterials/Substrate/Glints2/dict_0001_0007.uasset" 2451
"../../../Engine/Content/EngineMaterials/Substrate/Glints2/dict_0001_0007.uexp" 2452
"../../../Engine/Content/EngineMaterials/Substrate/Glints2/dict_0004_0086.uasset" 2453
"../../../Engine/Content/EngineMaterials/Substrate/Glints2/dict_0004_0086.uexp" 2454
"../../../Engine/Content/EngineMaterials/Substrate/Glints2/dict_0003_0095.uasset" 2455
"../../../Engine/Content/EngineMaterials/Substrate/Glints2/dict_0003_0095.uexp" 2456
"../../../Engine/Content/EngineMaterials/Substrate/Glints2/dict_0002_0178.uasset" 2457
"../../../Engine/Content/EngineMaterials/Substrate/Glints2/dict_0002_0178.uexp" 2458
"../../../Engine/Content/EngineMaterials/Substrate/Glints2/dict_0000_0053.uasset" 2459
"../../../Engine/Content/EngineMaterials/Substrate/Glints2/dict_0000_0053.uexp" 2460
"../../../Engine/Content/EngineMaterials/Substrate/Glints2/dict_0005_0164.uasset" 2461
"../../../Engine/Content/EngineMaterials/Substrate/Glints2/dict_0005_0164.uexp" 2462
"../../../Engine/Content/EngineMaterials/Substrate/Glints2/dict_0001_0052.uasset" 2463
"../../../Engine/Content/EngineMaterials/Substrate/Glints2/dict_0001_0052.uexp" 2464
"../../../Engine/Content/EngineMaterials/Substrate/Glints2/dict_0007_0175.uasset" 2465
"../../../Engine/Content/EngineMaterials/Substrate/Glints2/dict_0007_0175.uexp" 2466
"../../../Engine/Content/EngineMaterials/Substrate/Glints2/dict_0000_0076.uasset" 2467
"../../../Engine/Content/EngineMaterials/Substrate/Glints2/dict_0000_0076.uexp" 2468
"../../../Engine/Content/EngineMaterials/Substrate/Glints2/dict_0000_0059.uasset" 2469
"../../../Engine/Content/EngineMaterials/Substrate/Glints2/dict_0000_0059.uexp" 2470
"../../../Engine/Content/EngineMaterials/Substrate/Glints2/dict_0003_0177.uasset" 2471
"../../../Engine/Content/EngineMaterials/Substrate/Glints2/dict_0003_0177.uexp" 2472
"../../../Engine/Content/EngineMaterials/Substrate/Glints2/dict_0002_0128.uasset" 2473
"../../../Engine/Content/EngineMaterials/Substrate/Glints2/dict_0002_0128.uexp" 2474
"../../../Engine/Content/EngineMaterials/Substrate/Glints2/dict_0004_0238.uasset" 2475
"../../../Engine/Content/EngineMaterials/Substrate/Glints2/dict_0004_0238.uexp" 2476
"../../../Engine/Content/EngineMaterials/Substrate/Glints2/dict_0002_0061.uasset" 2477
"../../../Engine/Content/EngineMaterials/Substrate/Glints2/dict_0002_0061.uexp" 2478
"../../../Engine/Content/EngineMaterials/Substrate/Glints2/dict_0006_0130.uasset" 2479
"../../../Engine/Content/EngineMaterials/Substrate/Glints2/dict_0006_0130.uexp" 2480
"../../../Engine/Content/EngineMaterials/Substrate/Glints2/dict_0003_0229.uasset" 2481
"../../../Engine/Content/EngineMaterials/Substrate/Glints2/dict_0003_0229.uexp" 2482
"../../../Engine/Content/EngineMaterials/Substrate/Glints2/dict_0007_0077.uasset" 2483
"../../../Engine/Content/EngineMaterials/Substrate/Glints2/dict_0007_0077.uexp" 2484
"../../../Engine/Content/EngineMaterials/Substrate/Glints2/dict_0005_0057.uasset" 2485
"../../../Engine/Content/EngineMaterials/Substrate/Glints2/dict_0005_0057.uexp" 2486
"../../../Engine/Content/EngineMaterials/Substrate/Glints2/dict_0004_0220.uasset" 2487
"../../../Engine/Content/EngineMaterials/Substrate/Glints2/dict_0004_0220.uexp" 2488
"../../../Engine/Content/EngineMaterials/Substrate/Glints2/dict_0003_0222.uasset" 2489
"../../../Engine/Content/EngineMaterials/Substrate/Glints2/dict_0003_0222.uexp" 2490
"../../../Engine/Content/EngineMaterials/Substrate/Glints2/dict_0000_0132.uasset" 2491
"../../../Engine/Content/EngineMaterials/Substrate/Glints2/dict_0000_0132.uexp" 2492
"../../../Engine/Content/EngineMaterials/Substrate/Glints2/dict_0000_0091.uasset" 2493
"../../../Engine/Content/EngineMaterials/Substrate/Glints2/dict_0000_0091.uexp" 2494
"../../../Engine/Content/EngineMaterials/Substrate/Glints2/dict_0000_0161.uasset" 2495
"../../../Engine/Content/EngineMaterials/Substrate/Glints2/dict_0000_0161.uexp" 2496
"../../../Engine/Content/EngineMaterials/Substrate/Glints2/dict_0003_0241.uasset" 2497
"../../../Engine/Content/EngineMaterials/Substrate/Glints2/dict_0003_0241.uexp" 2498
"../../../Engine/Content/EngineMaterials/Substrate/Glints2/dict_0006_0238.uasset" 2499
"../../../Engine/Content/EngineMaterials/Substrate/Glints2/dict_0006_0238.uexp" 2500
"../../../Engine/Content/EngineMaterials/Substrate/Glints2/dict_0002_0091.uasset" 2501
"../../../Engine/Content/EngineMaterials/Substrate/Glints2/dict_0002_0091.uexp" 2502
"../../../Engine/Content/EngineMaterials/Substrate/Glints2/dict_0004_0029.uasset" 2503
"../../../Engine/Content/EngineMaterials/Substrate/Glints2/dict_0004_0029.uexp" 2504
"../../../Engine/Content/EngineMaterials/Substrate/Glints2/dict_0007_0223.uasset" 2505
"../../../Engine/Content/EngineMaterials/Substrate/Glints2/dict_0007_0223.uexp" 2506
"../../../Engine/Content/EngineMaterials/Substrate/Glints2/dict_0004_0247.uasset" 2507
"../../../Engine/Content/EngineMaterials/Substrate/Glints2/dict_0004_0247.uexp" 2508
"../../../Engine/Content/EngineMaterials/Substrate/Glints2/dict_0005_0056.uasset" 2509
"../../../Engine/Content/EngineMaterials/Substrate/Glints2/dict_0005_0056.uexp" 2510
"../../../Engine/Content/EngineMaterials/Substrate/Glints2/dict_0006_0235.uasset" 2511
"../../../Engine/Content/EngineMaterials/Substrate/Glints2/dict_0006_0235.uexp" 2512
"../../../Engine/Content/EngineMaterials/Substrate/Glints2/dict_0005_0039.uasset" 2513
"../../../Engine/Content/EngineMaterials/Substrate/Glints2/dict_0005_0039.uexp" 2514
"../../../Engine/Content/EngineMaterials/Substrate/Glints2/dict_0003_0252.uasset" 2515
"../../../Engine/Content/EngineMaterials/Substrate/Glints2/dict_0003_0252.uexp" 2516
"../../../Engine/Content/EngineMaterials/Substrate/Glints2/dict_0003_0017.uasset" 2517
"../../../Engine/Content/EngineMaterials/Substrate/Glints2/dict_0003_0017.uexp" 2518
"../../../Engine/Content/EngineMaterials/Substrate/Glints2/dict_0003_0255.uasset" 2519
"../../../Engine/Content/EngineMaterials/Substrate/Glints2/dict_0003_0255.uexp" 2520
"../../../Engine/Content/EngineMaterials/Substrate/Glints2/dict_0005_0238.uasset" 2521
"../../../Engine/Content/EngineMaterials/Substrate/Glints2/dict_0005_0238.uexp" 2522
"../../../Engine/Content/EngineMaterials/Substrate/Glints2/dict_0004_0167.uasset" 2523
"../../../Engine/Content/EngineMaterials/Substrate/Glints2/dict_0004_0167.uexp" 2524
"../../../Engine/Content/EngineMaterials/Substrate/Glints2/dict_0003_0056.uasset" 2525
"../../../Engine/Content/EngineMaterials/Substrate/Glints2/dict_0003_0056.uexp" 2526
"../../../Engine/Content/EngineMaterials/Substrate/Glints2/dict_0006_0215.uasset" 2527
"../../../Engine/Content/EngineMaterials/Substrate/Glints2/dict_0006_0215.uexp" 2528
"../../../Engine/Content/EngineMaterials/Substrate/Glints2/dict_0004_0045.uasset" 2529
"../../../Engine/Content/EngineMaterials/Substrate/Glints2/dict_0004_0045.uexp" 2530
"../../../Engine/Content/EngineMaterials/Substrate/Glints2/dict_0003_0165.uasset" 2531
"../../../Engine/Content/EngineMaterials/Substrate/Glints2/dict_0003_0165.uexp" 2532
"../../../Engine/Content/EngineMaterials/Substrate/Glints2/dict_0003_0069.uasset" 2533
"../../../Engine/Content/EngineMaterials/Substrate/Glints2/dict_0003_0069.uexp" 2534
"../../../Engine/Content/EngineMaterials/Substrate/Glints2/dict_0004_0102.uasset" 2535
"../../../Engine/Content/EngineMaterials/Substrate/Glints2/dict_0004_0102.uexp" 2536
"../../../Engine/Content/EngineMaterials/Substrate/Glints2/dict_0004_0064.uasset" 2537
"../../../Engine/Content/EngineMaterials/Substrate/Glints2/dict_0004_0064.uexp" 2538
"../../../Engine/Content/EngineMaterials/Substrate/Glints2/dict_0001_0089.uasset" 2539
"../../../Engine/Content/EngineMaterials/Substrate/Glints2/dict_0001_0089.uexp" 2540
"../../../Engine/Content/EngineMaterials/Substrate/Glints2/dict_0007_0230.uasset" 2541
"../../../Engine/Content/EngineMaterials/Substrate/Glints2/dict_0007_0230.uexp" 2542
"../../../Engine/Content/EngineMaterials/Substrate/Glints2/dict_0006_0053.uasset" 2543
"../../../Engine/Content/EngineMaterials/Substrate/Glints2/dict_0006_0053.uexp" 2544
"../../../Engine/Content/EngineMaterials/Substrate/Glints2/dict_0006_0051.uasset" 2545
"../../../Engine/Content/EngineMaterials/Substrate/Glints2/dict_0006_0051.uexp" 2546
"../../../Engine/Content/EngineMaterials/Substrate/Glints2/dict_0006_0003.uasset" 2547
"../../../Engine/Content/EngineMaterials/Substrate/Glints2/dict_0006_0003.uexp" 2548
"../../../Engine/Content/EngineMaterials/Substrate/Glints2/dict_0005_0127.uasset" 2549
"../../../Engine/Content/EngineMaterials/Substrate/Glints2/dict_0005_0127.uexp" 2550
"../../../Engine/Content/EngineMaterials/Substrate/Glints2/dict_0005_0005.uasset" 2551
"../../../Engine/Content/EngineMaterials/Substrate/Glints2/dict_0005_0005.uexp" 2552
"../../../Engine/Content/EngineMaterials/Substrate/Glints2/dict_0000_0035.uasset" 2553
"../../../Engine/Content/EngineMaterials/Substrate/Glints2/dict_0000_0035.uexp" 2554
"../../../Engine/Content/EngineMaterials/Substrate/Glints2/dict_0004_0003.uasset" 2555
"../../../Engine/Content/EngineMaterials/Substrate/Glints2/dict_0004_0003.uexp" 2556
"../../../Engine/Content/EngineMaterials/Substrate/Glints2/dict_0003_0114.uasset" 2557
"../../../Engine/Content/EngineMaterials/Substrate/Glints2/dict_0003_0114.uexp" 2558
"../../../Engine/Content/EngineMaterials/Substrate/Glints2/dict_0006_0001.uasset" 2559
"../../../Engine/Content/EngineMaterials/Substrate/Glints2/dict_0006_0001.uexp" 2560
"../../../Engine/Content/EngineMaterials/Substrate/Glints2/dict_0006_0160.uasset" 2561
"../../../Engine/Content/EngineMaterials/Substrate/Glints2/dict_0006_0160.uexp" 2562
"../../../Engine/Content/EngineMaterials/Substrate/Glints2/dict_0002_0099.uasset" 2563
"../../../Engine/Content/EngineMaterials/Substrate/Glints2/dict_0002_0099.uexp" 2564
"../../../Engine/Content/EngineMaterials/Substrate/Glints2/dict_0002_0088.uasset" 2565
"../../../Engine/Content/EngineMaterials/Substrate/Glints2/dict_0002_0088.uexp" 2566
"../../../Engine/Content/EngineMaterials/Substrate/Glints2/dict_0001_0233.uasset" 2567
"../../../Engine/Content/EngineMaterials/Substrate/Glints2/dict_0001_0233.uexp" 2568
"../../../Engine/Content/EngineMaterials/Substrate/Glints2/dict_0001_0175.uasset" 2569
"../../../Engine/Content/EngineMaterials/Substrate/Glints2/dict_0001_0175.uexp" 2570
"../../../Engine/Content/EngineMaterials/Substrate/Glints2/dict_0001_0195.uasset" 2571
"../../../Engine/Content/EngineMaterials/Substrate/Glints2/dict_0001_0195.uexp" 2572
"../../../Engine/Content/EngineMaterials/Substrate/Glints2/dict_0001_0153.uasset" 2573
"../../../Engine/Content/EngineMaterials/Substrate/Glints2/dict_0001_0153.uexp" 2574
"../../../Engine/Content/EngineMaterials/Substrate/Glints2/dict_0001_0091.uasset" 2575
"../../../Engine/Content/EngineMaterials/Substrate/Glints2/dict_0001_0091.uexp" 2576
"../../../Engine/Content/EngineMaterials/Substrate/Glints2/dict_0006_0134.uasset" 2577
"../../../Engine/Content/EngineMaterials/Substrate/Glints2/dict_0006_0134.uexp" 2578
"../../../Engine/Content/EngineMaterials/Substrate/Glints2/dict_0005_0030.uasset" 2579
"../../../Engine/Content/EngineMaterials/Substrate/Glints2/dict_0005_0030.uexp" 2580
"../../../Engine/Content/EngineMaterials/Substrate/Glints2/dict_0006_0129.uasset" 2581
"../../../Engine/Content/EngineMaterials/Substrate/Glints2/dict_0006_0129.uexp" 2582
"../../../Engine/Content/EngineMaterials/Substrate/Glints2/dict_0003_0076.uasset" 2583
"../../../Engine/Content/EngineMaterials/Substrate/Glints2/dict_0003_0076.uexp" 2584
"../../../Engine/Content/EngineMaterials/Substrate/Glints2/dict_0002_0250.uasset" 2585
"../../../Engine/Content/EngineMaterials/Substrate/Glints2/dict_0002_0250.uexp" 2586
"../../../Engine/Content/EngineMaterials/Substrate/Glints2/dict_0002_0004.uasset" 2587
"../../../Engine/Content/EngineMaterials/Substrate/Glints2/dict_0002_0004.uexp" 2588
"../../../Engine/Content/EngineMaterials/Substrate/Glints2/dict_0000_0239.uasset" 2589
"../../../Engine/Content/EngineMaterials/Substrate/Glints2/dict_0000_0239.uexp" 2590
"../../../Engine/Content/EngineMaterials/Substrate/Glints2/dict_0007_0034.uasset" 2591
"../../../Engine/Content/EngineMaterials/Substrate/Glints2/dict_0007_0034.uexp" 2592
"../../../Engine/Content/EngineMaterials/Substrate/Glints2/dict_0005_0176.uasset" 2593
"../../../Engine/Content/EngineMaterials/Substrate/Glints2/dict_0005_0176.uexp" 2594
"../../../Engine/Content/EngineMaterials/Substrate/Glints2/dict_0003_0123.uasset" 2595
"../../../Engine/Content/EngineMaterials/Substrate/Glints2/dict_0003_0123.uexp" 2596
"../../../Engine/Content/EngineMaterials/Substrate/Glints2/dict_0001_0051.uasset" 2597
"../../../Engine/Content/EngineMaterials/Substrate/Glints2/dict_0001_0051.uexp" 2598
"../../../Engine/Content/EngineMaterials/Substrate/Glints2/dict_0005_0192.uasset" 2599
"../../../Engine/Content/EngineMaterials/Substrate/Glints2/dict_0005_0192.uexp" 2600
"../../../Engine/Content/EngineMaterials/Substrate/Glints2/dict_0007_0050.uasset" 2601
"../../../Engine/Content/EngineMaterials/Substrate/Glints2/dict_0007_0050.uexp" 2602
"../../../Engine/Content/EngineMaterials/Substrate/Glints2/dict_0006_0075.uasset" 2603
"../../../Engine/Content/EngineMaterials/Substrate/Glints2/dict_0006_0075.uexp" 2604
"../../../Engine/Content/EngineMaterials/Substrate/Glints2/dict_0004_0071.uasset" 2605
"../../../Engine/Content/EngineMaterials/Substrate/Glints2/dict_0004_0071.uexp" 2606
"../../../Engine/Content/EngineMaterials/Substrate/Glints2/dict_0002_0126.uasset" 2607
"../../../Engine/Content/EngineMaterials/Substrate/Glints2/dict_0002_0126.uexp" 2608
"../../../Engine/Content/EngineMaterials/Substrate/Glints2/dict_0005_0062.uasset" 2609
"../../../Engine/Content/EngineMaterials/Substrate/Glints2/dict_0005_0062.uexp" 2610
"../../../Engine/Content/EngineMaterials/Substrate/Glints2/dict_0007_0217.uasset" 2611
"../../../Engine/Content/EngineMaterials/Substrate/Glints2/dict_0007_0217.uexp" 2612
"../../../Engine/Content/EngineMaterials/Substrate/Glints2/dict_0007_0032.uasset" 2613
"../../../Engine/Content/EngineMaterials/Substrate/Glints2/dict_0007_0032.uexp" 2614
"../../../Engine/Content/EngineMaterials/Substrate/Glints2/dict_0005_0050.uasset" 2615
"../../../Engine/Content/EngineMaterials/Substrate/Glints2/dict_0005_0050.uexp" 2616
"../../../Engine/Content/EngineMaterials/Substrate/Glints2/dict_0002_0158.uasset" 2617
"../../../Engine/Content/EngineMaterials/Substrate/Glints2/dict_0002_0158.uexp" 2618
"../../../Engine/Content/EngineMaterials/Substrate/Glints2/dict_0006_0077.uasset" 2619
"../../../Engine/Content/EngineMaterials/Substrate/Glints2/dict_0006_0077.uexp" 2620
"../../../Engine/Content/EngineMaterials/Substrate/Glints2/dict_0005_0169.uasset" 2621
"../../../Engine/Content/EngineMaterials/Substrate/Glints2/dict_0005_0169.uexp" 2622
"../../../Engine/Content/EngineMaterials/Substrate/Glints2/dict_0002_0002.uasset" 2623
"../../../Engine/Content/EngineMaterials/Substrate/Glints2/dict_0002_0002.uexp" 2624
"../../../Engine/Content/EngineMaterials/Substrate/Glints2/dict_0000_0028.uasset" 2625
"../../../Engine/Content/EngineMaterials/Substrate/Glints2/dict_0000_0028.uexp" 2626
"../../../Engine/Content/EngineMaterials/Substrate/Glints2/dict_0007_0038.uasset" 2627
"../../../Engine/Content/EngineMaterials/Substrate/Glints2/dict_0007_0038.uexp" 2628
"../../../Engine/Content/EngineMaterials/Substrate/Glints2/dict_0006_0103.uasset" 2629
"../../../Engine/Content/EngineMaterials/Substrate/Glints2/dict_0006_0103.uexp" 2630
"../../../Engine/Content/EngineMaterials/Substrate/Glints2/dict_0004_0094.uasset" 2631
"../../../Engine/Content/EngineMaterials/Substrate/Glints2/dict_0004_0094.uexp" 2632
"../../../Engine/Content/EngineMaterials/Substrate/Glints2/dict_0002_0120.uasset" 2633
"../../../Engine/Content/EngineMaterials/Substrate/Glints2/dict_0002_0120.uexp" 2634
"../../../Engine/Content/EngineMaterials/Substrate/Glints2/dict_0003_0188.uasset" 2635
"../../../Engine/Content/EngineMaterials/Substrate/Glints2/dict_0003_0188.uexp" 2636
"../../../Engine/Content/EngineMaterials/Substrate/Glints2/dict_0001_0203.uasset" 2637
"../../../Engine/Content/EngineMaterials/Substrate/Glints2/dict_0001_0203.uexp" 2638
"../../../Engine/Content/EngineMaterials/Substrate/Glints2/dict_0007_0249.uasset" 2639
"../../../Engine/Content/EngineMaterials/Substrate/Glints2/dict_0007_0249.uexp" 2640
"../../../Engine/Content/EngineMaterials/Substrate/Glints2/dict_0006_0107.uasset" 2641
"../../../Engine/Content/EngineMaterials/Substrate/Glints2/dict_0006_0107.uexp" 2642
"../../../Engine/Content/EngineMaterials/Substrate/Glints2/dict_0005_0183.uasset" 2643
"../../../Engine/Content/EngineMaterials/Substrate/Glints2/dict_0005_0183.uexp" 2644
"../../../Engine/Content/EngineMaterials/Substrate/Glints2/dict_0007_0162.uasset" 2645
"../../../Engine/Content/EngineMaterials/Substrate/Glints2/dict_0007_0162.uexp" 2646
"../../../Engine/Content/EngineMaterials/Substrate/Glints2/dict_0003_0009.uasset" 2647
"../../../Engine/Content/EngineMaterials/Substrate/Glints2/dict_0003_0009.uexp" 2648
"../../../Engine/Content/EngineMaterials/Substrate/Glints2/dict_0004_0106.uasset" 2649
"../../../Engine/Content/EngineMaterials/Substrate/Glints2/dict_0004_0106.uexp" 2650
"../../../Engine/Content/EngineMaterials/Substrate/Glints2/dict_0003_0135.uasset" 2651
"../../../Engine/Content/EngineMaterials/Substrate/Glints2/dict_0003_0135.uexp" 2652
"../../../Engine/Content/EngineMaterials/Substrate/Glints2/dict_0003_0038.uasset" 2653
"../../../Engine/Content/EngineMaterials/Substrate/Glints2/dict_0003_0038.uexp" 2654
"../../../Engine/Content/EngineMaterials/Substrate/Glints2/dict_0001_0219.uasset" 2655
"../../../Engine/Content/EngineMaterials/Substrate/Glints2/dict_0001_0219.uexp" 2656
"../../../Engine/Content/EngineMaterials/Substrate/Glints2/dict_0001_0201.uasset" 2657
"../../../Engine/Content/EngineMaterials/Substrate/Glints2/dict_0001_0201.uexp" 2658
"../../../Engine/Content/EngineMaterials/Substrate/Glints2/dict_0007_0210.uasset" 2659
"../../../Engine/Content/EngineMaterials/Substrate/Glints2/dict_0007_0210.uexp" 2660
"../../../Engine/Content/EngineMaterials/Substrate/Glints2/dict_0001_0106.uasset" 2661
"../../../Engine/Content/EngineMaterials/Substrate/Glints2/dict_0001_0106.uexp" 2662
"../../../Engine/Content/EngineMaterials/Substrate/Glints2/dict_0007_0106.uasset" 2663
"../../../Engine/Content/EngineMaterials/Substrate/Glints2/dict_0007_0106.uexp" 2664
"../../../Engine/Content/EngineMaterials/Substrate/Glints2/dict_0003_0224.uasset" 2665
"../../../Engine/Content/EngineMaterials/Substrate/Glints2/dict_0003_0224.uexp" 2666
"../../../Engine/Content/EngineMaterials/Substrate/Glints2/dict_0002_0199.uasset" 2667
"../../../Engine/Content/EngineMaterials/Substrate/Glints2/dict_0002_0199.uexp" 2668
"../../../Engine/Content/EngineMaterials/Substrate/Glints2/dict_0003_0022.uasset" 2669
"../../../Engine/Content/EngineMaterials/Substrate/Glints2/dict_0003_0022.uexp" 2670
"../../../Engine/Content/EngineMaterials/Substrate/Glints2/dict_0000_0165.uasset" 2671
"../../../Engine/Content/EngineMaterials/Substrate/Glints2/dict_0000_0165.uexp" 2672
"../../../Engine/Content/EngineMaterials/Substrate/Glints2/dict_0005_0134.uasset" 2673
"../../../Engine/Content/EngineMaterials/Substrate/Glints2/dict_0005_0134.uexp" 2674
"../../../Engine/Content/EngineMaterials/Substrate/Glints2/dict_0004_0241.uasset" 2675
"../../../Engine/Content/EngineMaterials/Substrate/Glints2/dict_0004_0241.uexp" 2676
"../../../Engine/Content/EngineMaterials/Substrate/Glints2/dict_0003_0109.uasset" 2677
"../../../Engine/Content/EngineMaterials/Substrate/Glints2/dict_0003_0109.uexp" 2678
"../../../Engine/Content/EngineMaterials/Substrate/Glints2/dict_0007_0082.uasset" 2679
"../../../Engine/Content/EngineMaterials/Substrate/Glints2/dict_0007_0082.uexp" 2680
"../../../Engine/Content/EngineMaterials/Substrate/Glints2/dict_0004_0100.uasset" 2681
"../../../Engine/Content/EngineMaterials/Substrate/Glints2/dict_0004_0100.uexp" 2682
"../../../Engine/Content/EngineMaterials/Substrate/Glints2/dict_0000_0200.uasset" 2683
"../../../Engine/Content/EngineMaterials/Substrate/Glints2/dict_0000_0200.uexp" 2684
"../../../Engine/Content/EngineMaterials/Substrate/Glints2/dict_0007_0194.uasset" 2685
"../../../Engine/Content/EngineMaterials/Substrate/Glints2/dict_0007_0194.uexp" 2686
"../../../Engine/Content/EngineMaterials/Substrate/Glints2/dict_0006_0167.uasset" 2687
"../../../Engine/Content/EngineMaterials/Substrate/Glints2/dict_0006_0167.uexp" 2688
"../../../Engine/Content/EngineMaterials/Substrate/Glints2/dict_0002_0006.uasset" 2689
"../../../Engine/Content/EngineMaterials/Substrate/Glints2/dict_0002_0006.uexp" 2690
"../../../Engine/Content/EngineMaterials/Substrate/Glints2/dict_0001_0217.uasset" 2691
"../../../Engine/Content/EngineMaterials/Substrate/Glints2/dict_0001_0217.uexp" 2692
"../../../Engine/Content/EngineMaterials/Substrate/Glints2/dict_0006_0237.uasset" 2693
"../../../Engine/Content/EngineMaterials/Substrate/Glints2/dict_0006_0237.uexp" 2694
"../../../Engine/Content/EngineMaterials/Substrate/Glints2/dict_0006_0181.uasset" 2695
"../../../Engine/Content/EngineMaterials/Substrate/Glints2/dict_0006_0181.uexp" 2696
"../../../Engine/Content/EngineMaterials/Substrate/Glints2/dict_0005_0063.uasset" 2697
"../../../Engine/Content/EngineMaterials/Substrate/Glints2/dict_0005_0063.uexp" 2698
"../../../Engine/Content/EngineMaterials/Substrate/Glints2/dict_0002_0155.uasset" 2699
"../../../Engine/Content/EngineMaterials/Substrate/Glints2/dict_0002_0155.uexp" 2700
"../../../Engine/Content/EngineMaterials/Substrate/Glints2/dict_0001_0246.uasset" 2701
"../../../Engine/Content/EngineMaterials/Substrate/Glints2/dict_0001_0246.uexp" 2702
"../../../Engine/Content/EngineMaterials/Substrate/Glints2/dict_0005_0209.uasset" 2703
"../../../Engine/Content/EngineMaterials/Substrate/Glints2/dict_0005_0209.uexp" 2704
"../../../Engine/Content/EngineMaterials/Substrate/Glints2/dict_0003_0103.uasset" 2705
"../../../Engine/Content/EngineMaterials/Substrate/Glints2/dict_0003_0103.uexp" 2706
"../../../Engine/Content/EngineMaterials/Substrate/Glints2/dict_0003_0006.uasset" 2707
"../../../Engine/Content/EngineMaterials/Substrate/Glints2/dict_0003_0006.uexp" 2708
"../../../Engine/Content/EngineMaterials/Substrate/Glints2/dict_0005_0084.uasset" 2709
"../../../Engine/Content/EngineMaterials/Substrate/Glints2/dict_0005_0084.uexp" 2710
"../../../Engine/Content/EngineMaterials/Substrate/Glints2/dict_0005_0076.uasset" 2711
"../../../Engine/Content/EngineMaterials/Substrate/Glints2/dict_0005_0076.uexp" 2712
"../../../Engine/Content/EngineMaterials/Substrate/Glints2/dict_0002_0160.uasset" 2713
"../../../Engine/Content/EngineMaterials/Substrate/Glints2/dict_0002_0160.uexp" 2714
"../../../Engine/Content/EngineMaterials/Substrate/Glints2/dict_0007_0218.uasset" 2715
"../../../Engine/Content/EngineMaterials/Substrate/Glints2/dict_0007_0218.uexp" 2716
"../../../Engine/Content/EngineMaterials/Substrate/Glints2/dict_0006_0113.uasset" 2717
"../../../Engine/Content/EngineMaterials/Substrate/Glints2/dict_0006_0113.uexp" 2718
"../../../Engine/Content/EngineMaterials/Substrate/Glints2/dict_0003_0161.uasset" 2719
"../../../Engine/Content/EngineMaterials/Substrate/Glints2/dict_0003_0161.uexp" 2720
"../../../Engine/Content/EngineMaterials/Substrate/Glints2/dict_0007_0080.uasset" 2721
"../../../Engine/Content/EngineMaterials/Substrate/Glints2/dict_0007_0080.uexp" 2722
"../../../Engine/Content/EngineMaterials/Substrate/Glints2/dict_0006_0088.uasset" 2723
"../../../Engine/Content/EngineMaterials/Substrate/Glints2/dict_0006_0088.uexp" 2724
"../../../Engine/Content/EngineMaterials/Substrate/Glints2/dict_0005_0105.uasset" 2725
"../../../Engine/Content/EngineMaterials/Substrate/Glints2/dict_0005_0105.uexp" 2726
"../../../Engine/Content/EngineMaterials/Substrate/Glints2/dict_0004_0217.uasset" 2727
"../../../Engine/Content/EngineMaterials/Substrate/Glints2/dict_0004_0217.uexp" 2728
"../../../Engine/Content/EngineMaterials/Substrate/Glints2/dict_0000_0055.uasset" 2729
"../../../Engine/Content/EngineMaterials/Substrate/Glints2/dict_0000_0055.uexp" 2730
"../../../Engine/Content/EngineMaterials/Substrate/Glints2/dict_0006_0021.uasset" 2731
"../../../Engine/Content/EngineMaterials/Substrate/Glints2/dict_0006_0021.uexp" 2732
"../../../Engine/Content/EngineMaterials/Substrate/Glints2/dict_0001_0035.uasset" 2733
"../../../Engine/Content/EngineMaterials/Substrate/Glints2/dict_0001_0035.uexp" 2734
"../../../Engine/Content/EngineMaterials/Substrate/Glints2/dict_0000_0126.uasset" 2735
"../../../Engine/Content/EngineMaterials/Substrate/Glints2/dict_0000_0126.uexp" 2736
"../../../Engine/Content/EngineMaterials/Substrate/Glints2/dict_0006_0040.uasset" 2737
"../../../Engine/Content/EngineMaterials/Substrate/Glints2/dict_0006_0040.uexp" 2738
"../../../Engine/Content/EngineMaterials/Substrate/Glints2/dict_0003_0064.uasset" 2739
"../../../Engine/Content/EngineMaterials/Substrate/Glints2/dict_0003_0064.uexp" 2740
"../../../Engine/Content/EngineMaterials/Substrate/Glints2/dict_0000_0114.uasset" 2741
"../../../Engine/Content/EngineMaterials/Substrate/Glints2/dict_0000_0114.uexp" 2742
"../../../Engine/Content/EngineMaterials/Substrate/Glints2/dict_0004_0127.uasset" 2743
"../../../Engine/Content/EngineMaterials/Substrate/Glints2/dict_0004_0127.uexp" 2744
"../../../Engine/Content/EngineMaterials/Substrate/Glints2/dict_0004_0126.uasset" 2745
"../../../Engine/Content/EngineMaterials/Substrate/Glints2/dict_0004_0126.uexp" 2746
"../../../Engine/Content/EngineMaterials/Substrate/Glints2/dict_0007_0089.uasset" 2747
"../../../Engine/Content/EngineMaterials/Substrate/Glints2/dict_0007_0089.uexp" 2748
"../../../Engine/Content/EngineMaterials/Substrate/Glints2/dict_0002_0063.uasset" 2749
"../../../Engine/Content/EngineMaterials/Substrate/Glints2/dict_0002_0063.uexp" 2750
"../../../Engine/Content/EngineMaterials/Substrate/Glints2/dict_0000_0106.uasset" 2751
"../../../Engine/Content/EngineMaterials/Substrate/Glints2/dict_0000_0106.uexp" 2752
"../../../Engine/Content/EngineMaterials/Substrate/Glints2/dict_0002_0238.uasset" 2753
"../../../Engine/Content/EngineMaterials/Substrate/Glints2/dict_0002_0238.uexp" 2754
"../../../Engine/Content/EngineMaterials/Substrate/Glints2/dict_0006_0047.uasset" 2755
"../../../Engine/Content/EngineMaterials/Substrate/Glints2/dict_0006_0047.uexp" 2756
"../../../Engine/Content/EngineMaterials/Substrate/Glints2/dict_0005_0130.uasset" 2757
"../../../Engine/Content/EngineMaterials/Substrate/Glints2/dict_0005_0130.uexp" 2758
"../../../Engine/Content/EngineMaterials/Substrate/Glints2/dict_0007_0111.uasset" 2759
"../../../Engine/Content/EngineMaterials/Substrate/Glints2/dict_0007_0111.uexp" 2760
"../../../Engine/Content/EngineMaterials/Substrate/Glints2/dict_0003_0186.uasset" 2761
"../../../Engine/Content/EngineMaterials/Substrate/Glints2/dict_0003_0186.uexp" 2762
"../../../Engine/Content/EngineMaterials/Substrate/Glints2/dict_0001_0167.uasset" 2763
"../../../Engine/Content/EngineMaterials/Substrate/Glints2/dict_0001_0167.uexp" 2764
"../../../Engine/Content/EngineMaterials/Substrate/Glints2/dict_0002_0118.uasset" 2765
"../../../Engine/Content/EngineMaterials/Substrate/Glints2/dict_0002_0118.uexp" 2766
"../../../Engine/Content/EngineMaterials/Substrate/Glints2/dict_0000_0061.uasset" 2767
"../../../Engine/Content/EngineMaterials/Substrate/Glints2/dict_0000_0061.uexp" 2768
"../../../Engine/Content/EngineMaterials/Substrate/Glints2/dict_0005_0219.uasset" 2769
"../../../Engine/Content/EngineMaterials/Substrate/Glints2/dict_0005_0219.uexp" 2770
"../../../Engine/Content/EngineMaterials/Substrate/Glints2/dict_0002_0191.uasset" 2771
"../../../Engine/Content/EngineMaterials/Substrate/Glints2/dict_0002_0191.uexp" 2772
"../../../Engine/Content/EngineMaterials/Substrate/Glints2/dict_0007_0122.uasset" 2773
"../../../Engine/Content/EngineMaterials/Substrate/Glints2/dict_0007_0122.uexp" 2774
"../../../Engine/Content/EngineMaterials/Substrate/Glints2/dict_0007_0073.uasset" 2775
"../../../Engine/Content/EngineMaterials/Substrate/Glints2/dict_0007_0073.uexp" 2776
"../../../Engine/Content/EngineMaterials/Substrate/Glints2/dict_0007_0203.uasset" 2777
"../../../Engine/Content/EngineMaterials/Substrate/Glints2/dict_0007_0203.uexp" 2778
"../../../Engine/Content/EngineMaterials/Substrate/Glints2/dict_0004_0196.uasset" 2779
"../../../Engine/Content/EngineMaterials/Substrate/Glints2/dict_0004_0196.uexp" 2780
"../../../Engine/Content/EngineMaterials/Substrate/Glints2/dict_0000_0139.uasset" 2781
"../../../Engine/Content/EngineMaterials/Substrate/Glints2/dict_0000_0139.uexp" 2782
"../../../Engine/Content/EngineMaterials/Substrate/Glints2/dict_0007_0169.uasset" 2783
"../../../Engine/Content/EngineMaterials/Substrate/Glints2/dict_0007_0169.uexp" 2784
"../../../Engine/Content/EngineMaterials/Substrate/Glints2/dict_0003_0115.uasset" 2785
"../../../Engine/Content/EngineMaterials/Substrate/Glints2/dict_0003_0115.uexp" 2786
"../../../Engine/Content/EngineMaterials/Substrate/Glints2/dict_0001_0009.uasset" 2787
"../../../Engine/Content/EngineMaterials/Substrate/Glints2/dict_0001_0009.uexp" 2788
"../../../Engine/Content/EngineMaterials/Substrate/Glints2/dict_0002_0009.uasset" 2789
"../../../Engine/Content/EngineMaterials/Substrate/Glints2/dict_0002_0009.uexp" 2790
"../../../Engine/Content/EngineMaterials/Substrate/Glints2/dict_0001_0218.uasset" 2791
"../../../Engine/Content/EngineMaterials/Substrate/Glints2/dict_0001_0218.uexp" 2792
"../../../Engine/Content/EngineMaterials/Substrate/Glints2/dict_0007_0068.uasset" 2793
"../../../Engine/Content/EngineMaterials/Substrate/Glints2/dict_0007_0068.uexp" 2794
"../../../Engine/Content/EngineMaterials/Substrate/Glints2/dict_0006_0138.uasset" 2795
"../../../Engine/Content/EngineMaterials/Substrate/Glints2/dict_0006_0138.uexp" 2796
"../../../Engine/Content/EngineMaterials/Substrate/Glints2/dict_0005_0203.uasset" 2797
"../../../Engine/Content/EngineMaterials/Substrate/Glints2/dict_0005_0203.uexp" 2798
"../../../Engine/Content/EngineMaterials/Substrate/Glints2/dict_0005_0038.uasset" 2799
"../../../Engine/Content/EngineMaterials/Substrate/Glints2/dict_0005_0038.uexp" 2800
"../../../Engine/Content/EngineMaterials/Substrate/Glints2/dict_0000_0167.uasset" 2801
"../../../Engine/Content/EngineMaterials/Substrate/Glints2/dict_0000_0167.uexp" 2802
"../../../Engine/Content/EngineMaterials/Substrate/Glints2/dict_0000_0147.uasset" 2803
"../../../Engine/Content/EngineMaterials/Substrate/Glints2/dict_0000_0147.uexp" 2804
"../../../Engine/Content/EngineMaterials/Substrate/Glints2/dict_0003_0230.uasset" 2805
"../../../Engine/Content/EngineMaterials/Substrate/Glints2/dict_0003_0230.uexp" 2806
"../../../Engine/Content/EngineMaterials/Substrate/Glints2/dict_0001_0100.uasset" 2807
"../../../Engine/Content/EngineMaterials/Substrate/Glints2/dict_0001_0100.uexp" 2808
"../../../Engine/Content/EngineMaterials/Substrate/Glints2/dict_0007_0198.uasset" 2809
"../../../Engine/Content/EngineMaterials/Substrate/Glints2/dict_0007_0198.uexp" 2810
"../../../Engine/Content/EngineMaterials/Substrate/Glints2/dict_0006_0249.uasset" 2811
"../../../Engine/Content/EngineMaterials/Substrate/Glints2/dict_0006_0249.uexp" 2812
"../../../Engine/Content/EngineMaterials/Substrate/Glints2/dict_0005_0004.uasset" 2813
"../../../Engine/Content/EngineMaterials/Substrate/Glints2/dict_0005_0004.uexp" 2814
"../../../Engine/Content/EngineMaterials/Substrate/Glints2/dict_0003_0180.uasset" 2815
"../../../Engine/Content/EngineMaterials/Substrate/Glints2/dict_0003_0180.uexp" 2816
"../../../Engine/Content/EngineMaterials/Substrate/Glints2/dict_0005_0185.uasset" 2817
"../../../Engine/Content/EngineMaterials/Substrate/Glints2/dict_0005_0185.uexp" 2818
"../../../Engine/Content/EngineMaterials/Substrate/Glints2/dict_0001_0146.uasset" 2819
"../../../Engine/Content/EngineMaterials/Substrate/Glints2/dict_0001_0146.uexp" 2820
"../../../Engine/Content/EngineMaterials/Substrate/Glints2/dict_0007_0009.uasset" 2821
"../../../Engine/Content/EngineMaterials/Substrate/Glints2/dict_0007_0009.uexp" 2822
"../../../Engine/Content/EngineMaterials/Substrate/Glints2/dict_0006_0116.uasset" 2823
"../../../Engine/Content/EngineMaterials/Substrate/Glints2/dict_0006_0116.uexp" 2824
"../../../Engine/Content/EngineMaterials/Substrate/Glints2/dict_0004_0011.uasset" 2825
"../../../Engine/Content/EngineMaterials/Substrate/Glints2/dict_0004_0011.uexp" 2826
"../../../Engine/Content/EngineMaterials/Substrate/Glints2/dict_0002_0048.uasset" 2827
"../../../Engine/Content/EngineMaterials/Substrate/Glints2/dict_0002_0048.uexp" 2828
"../../../Engine/Content/EngineMaterials/Substrate/Glints2/dict_0001_0207.uasset" 2829
"../../../Engine/Content/EngineMaterials/Substrate/Glints2/dict_0001_0207.uexp" 2830
"../../../Engine/Content/EngineMaterials/Substrate/Glints2/dict_0001_0206.uasset" 2831
"../../../Engine/Content/EngineMaterials/Substrate/Glints2/dict_0001_0206.uexp" 2832
"../../../Engine/Content/EngineMaterials/Substrate/Glints2/dict_0003_0238.uasset" 2833
"../../../Engine/Content/EngineMaterials/Substrate/Glints2/dict_0003_0238.uexp" 2834
"../../../Engine/Content/EngineMaterials/Substrate/Glints2/dict_0000_0252.uasset" 2835
"../../../Engine/Content/EngineMaterials/Substrate/Glints2/dict_0000_0252.uexp" 2836
"../../../Engine/Content/EngineMaterials/Substrate/Glints2/dict_0002_0248.uasset" 2837
"../../../Engine/Content/EngineMaterials/Substrate/Glints2/dict_0002_0248.uexp" 2838
"../../../Engine/Content/EngineMaterials/Substrate/Glints2/dict_0006_0019.uasset" 2839
"../../../Engine/Content/EngineMaterials/Substrate/Glints2/dict_0006_0019.uexp" 2840
"../../../Engine/Content/EngineMaterials/Substrate/Glints2/dict_0002_0001.uasset" 2841
"../../../Engine/Content/EngineMaterials/Substrate/Glints2/dict_0002_0001.uexp" 2842
"../../../Engine/Content/EngineMaterials/Substrate/Glints2/dict_0004_0172.uasset" 2843
"../../../Engine/Content/EngineMaterials/Substrate/Glints2/dict_0004_0172.uexp" 2844
"../../../Engine/Content/EngineMaterials/Substrate/Glints2/dict_0004_0218.uasset" 2845
"../../../Engine/Content/EngineMaterials/Substrate/Glints2/dict_0004_0218.uexp" 2846
"../../../Engine/Content/EngineMaterials/Substrate/Glints2/dict_0002_0090.uasset" 2847
"../../../Engine/Content/EngineMaterials/Substrate/Glints2/dict_0002_0090.uexp" 2848
"../../../Engine/Content/EngineMaterials/Substrate/Glints2/dict_0001_0002.uasset" 2849
"../../../Engine/Content/EngineMaterials/Substrate/Glints2/dict_0001_0002.uexp" 2850
"../../../Engine/Content/EngineMaterials/Substrate/Glints2/dict_0006_0184.uasset" 2851
"../../../Engine/Content/EngineMaterials/Substrate/Glints2/dict_0006_0184.uexp" 2852
"../../../Engine/Content/EngineMaterials/Substrate/Glints2/dict_0004_0243.uasset" 2853
"../../../Engine/Content/EngineMaterials/Substrate/Glints2/dict_0004_0243.uexp" 2854
"../../../Engine/Content/EngineMaterials/Substrate/Glints2/dict_0006_0050.uasset" 2855
"../../../Engine/Content/EngineMaterials/Substrate/Glints2/dict_0006_0050.uexp" 2856
"../../../Engine/Content/EngineMaterials/Substrate/Glints2/dict_0004_0240.uasset" 2857
"../../../Engine/Content/EngineMaterials/Substrate/Glints2/dict_0004_0240.uexp" 2858
"../../../Engine/Content/EngineMaterials/Substrate/Glints2/dict_0003_0105.uasset" 2859
"../../../Engine/Content/EngineMaterials/Substrate/Glints2/dict_0003_0105.uexp" 2860
"../../../Engine/Content/EngineMaterials/Substrate/Glints2/dict_0002_0142.uasset" 2861
"../../../Engine/Content/EngineMaterials/Substrate/Glints2/dict_0002_0142.uexp" 2862
"../../../Engine/Content/EngineMaterials/Substrate/Glints2/dict_0001_0059.uasset" 2863
"../../../Engine/Content/EngineMaterials/Substrate/Glints2/dict_0001_0059.uexp" 2864
"../../../Engine/Content/EngineMaterials/Substrate/Glints2/dict_0000_0101.uasset" 2865
"../../../Engine/Content/EngineMaterials/Substrate/Glints2/dict_0000_0101.uexp" 2866
"../../../Engine/Content/EngineMaterials/Substrate/Glints2/dict_0000_0081.uasset" 2867
"../../../Engine/Content/EngineMaterials/Substrate/Glints2/dict_0000_0081.uexp" 2868
"../../../Engine/Content/EngineMaterials/Substrate/Glints2/dict_0006_0143.uasset" 2869
"../../../Engine/Content/EngineMaterials/Substrate/Glints2/dict_0006_0143.uexp" 2870
"../../../Engine/Content/EngineMaterials/Substrate/Glints2/dict_0003_0185.uasset" 2871
"../../../Engine/Content/EngineMaterials/Substrate/Glints2/dict_0003_0185.uexp" 2872
"../../../Engine/Content/EngineMaterials/Substrate/Glints2/dict_0001_0158.uasset" 2873
"../../../Engine/Content/EngineMaterials/Substrate/Glints2/dict_0001_0158.uexp" 2874
"../../../Engine/Content/EngineMaterials/Substrate/Glints2/dict_0000_0083.uasset" 2875
"../../../Engine/Content/EngineMaterials/Substrate/Glints2/dict_0000_0083.uexp" 2876
"../../../Engine/Content/EngineMaterials/Substrate/Glints2/dict_0007_0057.uasset" 2877
"../../../Engine/Content/EngineMaterials/Substrate/Glints2/dict_0007_0057.uexp" 2878
"../../../Engine/Content/EngineMaterials/Substrate/Glints2/dict_0002_0008.uasset" 2879
"../../../Engine/Content/EngineMaterials/Substrate/Glints2/dict_0002_0008.uexp" 2880
"../../../Engine/Content/EngineMaterials/Substrate/Glints2/dict_0000_0220.uasset" 2881
"../../../Engine/Content/EngineMaterials/Substrate/Glints2/dict_0000_0220.uexp" 2882
"../../../Engine/Content/EngineMaterials/Substrate/Glints2/dict_0007_0195.uasset" 2883
"../../../Engine/Content/EngineMaterials/Substrate/Glints2/dict_0007_0195.uexp" 2884
"../../../Engine/Content/EngineMaterials/Substrate/Glints2/dict_0006_0064.uasset" 2885
"../../../Engine/Content/EngineMaterials/Substrate/Glints2/dict_0006_0064.uexp" 2886
"../../../Engine/Content/EngineMaterials/Substrate/Glints2/dict_0007_0041.uasset" 2887
"../../../Engine/Content/EngineMaterials/Substrate/Glints2/dict_0007_0041.uexp" 2888
"../../../Engine/Content/EngineMaterials/Substrate/Glints2/dict_0001_0198.uasset" 2889
"../../../Engine/Content/EngineMaterials/Substrate/Glints2/dict_0001_0198.uexp" 2890
"../../../Engine/Content/EngineMaterials/Substrate/Glints2/dict_0002_0021.uasset" 2891
"../../../Engine/Content/EngineMaterials/Substrate/Glints2/dict_0002_0021.uexp" 2892
"../../../Engine/Content/EngineMaterials/Substrate/Glints2/dict_0000_0155.uasset" 2893
"../../../Engine/Content/EngineMaterials/Substrate/Glints2/dict_0000_0155.uexp" 2894
"../../../Engine/Content/EngineMaterials/Substrate/Glints2/dict_0000_0007.uasset" 2895
"../../../Engine/Content/EngineMaterials/Substrate/Glints2/dict_0000_0007.uexp" 2896
"../../../Engine/Content/EngineMaterials/Substrate/Glints2/dict_0007_0164.uasset" 2897
"../../../Engine/Content/EngineMaterials/Substrate/Glints2/dict_0007_0164.uexp" 2898
"../../../Engine/Content/EngineMaterials/Substrate/Glints2/dict_0007_0243.uasset" 2899
"../../../Engine/Content/EngineMaterials/Substrate/Glints2/dict_0007_0243.uexp" 2900
"../../../Engine/Content/EngineMaterials/Substrate/Glints2/dict_0003_0070.uasset" 2901
"../../../Engine/Content/EngineMaterials/Substrate/Glints2/dict_0003_0070.uexp" 2902
"../../../Engine/Content/EngineMaterials/Substrate/Glints2/dict_0001_0119.uasset" 2903
"../../../Engine/Content/EngineMaterials/Substrate/Glints2/dict_0001_0119.uexp" 2904
"../../../Engine/Content/EngineMaterials/Substrate/Glints2/dict_0000_0233.uasset" 2905
"../../../Engine/Content/EngineMaterials/Substrate/Glints2/dict_0000_0233.uexp" 2906
"../../../Engine/Content/EngineMaterials/Substrate/Glints2/dict_0004_0163.uasset" 2907
"../../../Engine/Content/EngineMaterials/Substrate/Glints2/dict_0004_0163.uexp" 2908
"../../../Engine/Content/EngineMaterials/Substrate/Glints2/dict_0002_0226.uasset" 2909
"../../../Engine/Content/EngineMaterials/Substrate/Glints2/dict_0002_0226.uexp" 2910
"../../../Engine/Content/EngineMaterials/Substrate/Glints2/dict_0001_0113.uasset" 2911
"../../../Engine/Content/EngineMaterials/Substrate/Glints2/dict_0001_0113.uexp" 2912
"../../../Engine/Content/EngineMaterials/Substrate/Glints2/dict_0000_0010.uasset" 2913
"../../../Engine/Content/EngineMaterials/Substrate/Glints2/dict_0000_0010.uexp" 2914
"../../../Engine/Content/EngineMaterials/Substrate/Glints2/dict_0005_0016.uasset" 2915
"../../../Engine/Content/EngineMaterials/Substrate/Glints2/dict_0005_0016.uexp" 2916
"../../../Engine/Content/EngineMaterials/Substrate/Glints2/dict_0001_0208.uasset" 2917
"../../../Engine/Content/EngineMaterials/Substrate/Glints2/dict_0001_0208.uexp" 2918
"../../../Engine/Content/EngineMaterials/Substrate/Glints2/dict_0001_0037.uasset" 2919
"../../../Engine/Content/EngineMaterials/Substrate/Glints2/dict_0001_0037.uexp" 2920
"../../../Engine/Content/EngineMaterials/Substrate/Glints2/dict_0007_0115.uasset" 2921
"../../../Engine/Content/EngineMaterials/Substrate/Glints2/dict_0007_0115.uexp" 2922
"../../../Engine/Content/EngineMaterials/Substrate/Glints2/dict_0005_0246.uasset" 2923
"../../../Engine/Content/EngineMaterials/Substrate/Glints2/dict_0005_0246.uexp" 2924
"../../../Engine/Content/EngineMaterials/Substrate/Glints2/dict_0002_0235.uasset" 2925
"../../../Engine/Content/EngineMaterials/Substrate/Glints2/dict_0002_0235.uexp" 2926
"../../../Engine/Content/EngineMaterials/Substrate/Glints2/dict_0006_0168.uasset" 2927
"../../../Engine/Content/EngineMaterials/Substrate/Glints2/dict_0006_0168.uexp" 2928
"../../../Engine/Content/EngineMaterials/Substrate/Glints2/dict_0005_0031.uasset" 2929
"../../../Engine/Content/EngineMaterials/Substrate/Glints2/dict_0005_0031.uexp" 2930
"../../../Engine/Content/EngineMaterials/Substrate/Glints2/dict_0004_0008.uasset" 2931
"../../../Engine/Content/EngineMaterials/Substrate/Glints2/dict_0004_0008.uexp" 2932
"../../../Engine/Content/EngineMaterials/Substrate/Glints2/dict_0006_0178.uasset" 2933
"../../../Engine/Content/EngineMaterials/Substrate/Glints2/dict_0006_0178.uexp" 2934
"../../../Engine/Content/EngineMaterials/Substrate/Glints2/dict_0004_0181.uasset" 2935
"../../../Engine/Content/EngineMaterials/Substrate/Glints2/dict_0004_0181.uexp" 2936
"../../../Engine/Content/EngineMaterials/Substrate/Glints2/dict_0004_0060.uasset" 2937
"../../../Engine/Content/EngineMaterials/Substrate/Glints2/dict_0004_0060.uexp" 2938
"../../../Engine/Content/EngineMaterials/Substrate/Glints2/dict_0000_0089.uasset" 2939
"../../../Engine/Content/EngineMaterials/Substrate/Glints2/dict_0000_0089.uexp" 2940
"../../../Engine/Content/EngineMaterials/Substrate/Glints2/dict_0006_0137.uasset" 2941
"../../../Engine/Content/EngineMaterials/Substrate/Glints2/dict_0006_0137.uexp" 2942
"../../../Engine/Content/EngineMaterials/Substrate/Glints2/dict_0001_0225.uasset" 2943
"../../../Engine/Content/EngineMaterials/Substrate/Glints2/dict_0001_0225.uexp" 2944
"../../../Engine/Content/EngineMaterials/Substrate/Glints2/dict_0004_0020.uasset" 2945
"../../../Engine/Content/EngineMaterials/Substrate/Glints2/dict_0004_0020.uexp" 2946
"../../../Engine/Content/EngineMaterials/Substrate/Glints2/dict_0003_0140.uasset" 2947
"../../../Engine/Content/EngineMaterials/Substrate/Glints2/dict_0003_0140.uexp" 2948
"../../../Engine/Content/EngineMaterials/Substrate/Glints2/dict_0000_0158.uasset" 2949
"../../../Engine/Content/EngineMaterials/Substrate/Glints2/dict_0000_0158.uexp" 2950
"../../../Engine/Content/EngineMaterials/Substrate/Glints2/dict_0000_0024.uasset" 2951
"../../../Engine/Content/EngineMaterials/Substrate/Glints2/dict_0000_0024.uexp" 2952
"../../../Engine/Content/EngineMaterials/Substrate/Glints2/dict_0003_0128.uasset" 2953
"../../../Engine/Content/EngineMaterials/Substrate/Glints2/dict_0003_0128.uexp" 2954
"../../../Engine/Content/EngineMaterials/Substrate/Glints2/dict_0003_0016.uasset" 2955
"../../../Engine/Content/EngineMaterials/Substrate/Glints2/dict_0003_0016.uexp" 2956
"../../../Engine/Content/EngineMaterials/Substrate/Glints2/dict_0000_0211.uasset" 2957
"../../../Engine/Content/EngineMaterials/Substrate/Glints2/dict_0000_0211.uexp" 2958
"../../../Engine/Content/EngineMaterials/Substrate/Glints2/dict_0000_0109.uasset" 2959
"../../../Engine/Content/EngineMaterials/Substrate/Glints2/dict_0000_0109.uexp" 2960
"../../../Engine/Content/EngineMaterials/Substrate/Glints2/dict_0002_0149.uasset" 2961
"../../../Engine/Content/EngineMaterials/Substrate/Glints2/dict_0002_0149.uexp" 2962
"../../../Engine/Content/EngineMaterials/Substrate/Glints2/dict_0001_0194.uasset" 2963
"../../../Engine/Content/EngineMaterials/Substrate/Glints2/dict_0001_0194.uexp" 2964
"../../../Engine/Content/EngineMaterials/Substrate/Glints2/dict_0007_0017.uasset" 2965
"../../../Engine/Content/EngineMaterials/Substrate/Glints2/dict_0007_0017.uexp" 2966
"../../../Engine/Content/EngineMaterials/Substrate/Glints2/dict_0006_0141.uasset" 2967
"../../../Engine/Content/EngineMaterials/Substrate/Glints2/dict_0006_0141.uexp" 2968
"../../../Engine/Content/EngineMaterials/Substrate/Glints2/dict_0006_0139.uasset" 2969
"../../../Engine/Content/EngineMaterials/Substrate/Glints2/dict_0006_0139.uexp" 2970
"../../../Engine/Content/EngineMaterials/Substrate/Glints2/dict_0005_0102.uasset" 2971
"../../../Engine/Content/EngineMaterials/Substrate/Glints2/dict_0005_0102.uexp" 2972
"../../../Engine/Content/EngineMaterials/Substrate/Glints2/dict_0001_0244.uasset" 2973
"../../../Engine/Content/EngineMaterials/Substrate/Glints2/dict_0001_0244.uexp" 2974
"../../../Engine/Content/EngineMaterials/Substrate/Glints2/dict_0005_0058.uasset" 2975
"../../../Engine/Content/EngineMaterials/Substrate/Glints2/dict_0005_0058.uexp" 2976
"../../../Engine/Content/EngineMaterials/Substrate/Glints2/dict_0000_0026.uasset" 2977
"../../../Engine/Content/EngineMaterials/Substrate/Glints2/dict_0000_0026.uexp" 2978
"../../../Engine/Content/EngineMaterials/Substrate/Glints2/dict_0006_0244.uasset" 2979
"../../../Engine/Content/EngineMaterials/Substrate/Glints2/dict_0006_0244.uexp" 2980
"../../../Engine/Content/EngineMaterials/Substrate/Glints2/dict_0005_0250.uasset" 2981
"../../../Engine/Content/EngineMaterials/Substrate/Glints2/dict_0005_0250.uexp" 2982
"../../../Engine/Content/EngineMaterials/Substrate/Glints2/dict_0007_0085.uasset" 2983
"../../../Engine/Content/EngineMaterials/Substrate/Glints2/dict_0007_0085.uexp" 2984
"../../../Engine/Content/EngineMaterials/Substrate/Glints2/dict_0006_0211.uasset" 2985
"../../../Engine/Content/EngineMaterials/Substrate/Glints2/dict_0006_0211.uexp" 2986
"../../../Engine/Content/EngineMaterials/Substrate/Glints2/dict_0005_0153.uasset" 2987
"../../../Engine/Content/EngineMaterials/Substrate/Glints2/dict_0005_0153.uexp" 2988
"../../../Engine/Content/EngineMaterials/Substrate/Glints2/dict_0005_0245.uasset" 2989
"../../../Engine/Content/EngineMaterials/Substrate/Glints2/dict_0005_0245.uexp" 2990
"../../../Engine/Content/EngineMaterials/Substrate/Glints2/dict_0005_0186.uasset" 2991
"../../../Engine/Content/EngineMaterials/Substrate/Glints2/dict_0005_0186.uexp" 2992
"../../../Engine/Content/EngineMaterials/Substrate/Glints2/dict_0000_0152.uasset" 2993
"../../../Engine/Content/EngineMaterials/Substrate/Glints2/dict_0000_0152.uexp" 2994
"../../../Engine/Content/EngineMaterials/Substrate/Glints2/dict_0000_0041.uasset" 2995
"../../../Engine/Content/EngineMaterials/Substrate/Glints2/dict_0000_0041.uexp" 2996
"../../../Engine/Content/EngineMaterials/Substrate/Glints2/dict_0007_0079.uasset" 2997
"../../../Engine/Content/EngineMaterials/Substrate/Glints2/dict_0007_0079.uexp" 2998
"../../../Engine/Content/EngineMaterials/Substrate/Glints2/dict_0005_0225.uasset" 2999
"../../../Engine/Content/EngineMaterials/Substrate/Glints2/dict_0005_0225.uexp" 3000
"../../../Engine/Content/EngineMaterials/Substrate/Glints2/dict_0004_0098.uasset" 3001
"../../../Engine/Content/EngineMaterials/Substrate/Glints2/dict_0004_0098.uexp" 3002
"../../../Engine/Content/EngineMaterials/Substrate/Glints2/dict_0002_0190.uasset" 3003
"../../../Engine/Content/EngineMaterials/Substrate/Glints2/dict_0002_0190.uexp" 3004
"../../../Engine/Content/EngineMaterials/Substrate/Glints2/dict_0003_0110.uasset" 3005
"../../../Engine/Content/EngineMaterials/Substrate/Glints2/dict_0003_0110.uexp" 3006
"../../../Engine/Content/EngineMaterials/Substrate/Glints2/dict_0000_0103.uasset" 3007
"../../../Engine/Content/EngineMaterials/Substrate/Glints2/dict_0000_0103.uexp" 3008
"../../../Engine/Content/EngineMaterials/Substrate/Glints2/dict_0000_0240.uasset" 3009
"../../../Engine/Content/EngineMaterials/Substrate/Glints2/dict_0000_0240.uexp" 3010
"../../../Engine/Content/EngineMaterials/Substrate/Glints2/dict_0007_0022.uasset" 3011
"../../../Engine/Content/EngineMaterials/Substrate/Glints2/dict_0007_0022.uexp" 3012
"../../../Engine/Content/EngineMaterials/Substrate/Glints2/dict_0000_0005.uasset" 3013
"../../../Engine/Content/EngineMaterials/Substrate/Glints2/dict_0000_0005.uexp" 3014
"../../../Engine/Content/EngineMaterials/Substrate/Glints2/dict_0005_0201.uasset" 3015
"../../../Engine/Content/EngineMaterials/Substrate/Glints2/dict_0005_0201.uexp" 3016
"../../../Engine/Content/EngineMaterials/Substrate/Glints2/dict_0004_0048.uasset" 3017
"../../../Engine/Content/EngineMaterials/Substrate/Glints2/dict_0004_0048.uexp" 3018
"../../../Engine/Content/EngineMaterials/Substrate/Glints2/dict_0003_0189.uasset" 3019
"../../../Engine/Content/EngineMaterials/Substrate/Glints2/dict_0003_0189.uexp" 3020
"../../../Engine/Content/EngineMaterials/Substrate/Glints2/dict_0001_0074.uasset" 3021
"../../../Engine/Content/EngineMaterials/Substrate/Glints2/dict_0001_0074.uexp" 3022
"../../../Engine/Content/EngineMaterials/Substrate/Glints2/dict_0000_0144.uasset" 3023
"../../../Engine/Content/EngineMaterials/Substrate/Glints2/dict_0000_0144.uexp" 3024
"../../../Engine/Content/EngineMaterials/Substrate/Glints2/dict_0006_0026.uasset" 3025
"../../../Engine/Content/EngineMaterials/Substrate/Glints2/dict_0006_0026.uexp" 3026
"../../../Engine/Content/EngineMaterials/Substrate/Glints2/dict_0003_0085.uasset" 3027
"../../../Engine/Content/EngineMaterials/Substrate/Glints2/dict_0003_0085.uexp" 3028
"../../../Engine/Content/EngineMaterials/Substrate/Glints2/dict_0002_0007.uasset" 3029
"../../../Engine/Content/EngineMaterials/Substrate/Glints2/dict_0002_0007.uexp" 3030
"../../../Engine/Content/EngineMaterials/Substrate/Glints2/dict_0000_0216.uasset" 3031
"../../../Engine/Content/EngineMaterials/Substrate/Glints2/dict_0000_0216.uexp" 3032
"../../../Engine/Content/EngineMaterials/Substrate/Glints2/dict_0007_0067.uasset" 3033
"../../../Engine/Content/EngineMaterials/Substrate/Glints2/dict_0007_0067.uexp" 3034
"../../../Engine/Content/EngineMaterials/Substrate/Glints2/dict_0006_0200.uasset" 3035
"../../../Engine/Content/EngineMaterials/Substrate/Glints2/dict_0006_0200.uexp" 3036
"../../../Engine/Content/EngineMaterials/Substrate/Glints2/dict_0006_0166.uasset" 3037
"../../../Engine/Content/EngineMaterials/Substrate/Glints2/dict_0006_0166.uexp" 3038
"../../../Engine/Content/EngineMaterials/Substrate/Glints2/dict_0003_0181.uasset" 3039
"../../../Engine/Content/EngineMaterials/Substrate/Glints2/dict_0003_0181.uexp" 3040
"../../../Engine/Content/EngineMaterials/Substrate/Glints2/dict_0007_0096.uasset" 3041
"../../../Engine/Content/EngineMaterials/Substrate/Glints2/dict_0007_0096.uexp" 3042
"../../../Engine/Content/EngineMaterials/Substrate/Glints2/dict_0003_0231.uasset" 3043
"../../../Engine/Content/EngineMaterials/Substrate/Glints2/dict_0003_0231.uexp" 3044
"../../../Engine/Content/EngineMaterials/Substrate/Glints2/dict_0002_0200.uasset" 3045
"../../../Engine/Content/EngineMaterials/Substrate/Glints2/dict_0002_0200.uexp" 3046
"../../../Engine/Content/EngineMaterials/Substrate/Glints2/dict_0004_0090.uasset" 3047
"../../../Engine/Content/EngineMaterials/Substrate/Glints2/dict_0004_0090.uexp" 3048
"../../../Engine/Content/EngineMaterials/Substrate/Glints2/dict_0000_0196.uasset" 3049
"../../../Engine/Content/EngineMaterials/Substrate/Glints2/dict_0000_0196.uexp" 3050
"../../../Engine/Content/EngineMaterials/Substrate/Glints2/dict_0000_0119.uasset" 3051
"../../../Engine/Content/EngineMaterials/Substrate/Glints2/dict_0000_0119.uexp" 3052
"../../../Engine/Content/EngineMaterials/Substrate/Glints2/dict_0006_0254.uasset" 3053
"../../../Engine/Content/EngineMaterials/Substrate/Glints2/dict_0006_0254.uexp" 3054
"../../../Engine/Content/EngineMaterials/Substrate/Glints2/dict_0006_0066.uasset" 3055
"../../../Engine/Content/EngineMaterials/Substrate/Glints2/dict_0006_0066.uexp" 3056
"../../../Engine/Content/EngineMaterials/Substrate/Glints2/dict_0001_0213.uasset" 3057
"../../../Engine/Content/EngineMaterials/Substrate/Glints2/dict_0001_0213.uexp" 3058
"../../../Engine/Content/EngineMaterials/Substrate/Glints2/dict_0004_0250.uasset" 3059
"../../../Engine/Content/EngineMaterials/Substrate/Glints2/dict_0004_0250.uexp" 3060
"../../../Engine/Content/EngineMaterials/Substrate/Glints2/dict_0004_0143.uasset" 3061
"../../../Engine/Content/EngineMaterials/Substrate/Glints2/dict_0004_0143.uexp" 3062
"../../../Engine/Content/EngineMaterials/Substrate/Glints2/dict_0003_0111.uasset" 3063
"../../../Engine/Content/EngineMaterials/Substrate/Glints2/dict_0003_0111.uexp" 3064
"../../../Engine/Content/EngineMaterials/Substrate/Glints2/dict_0004_0017.uasset" 3065
"../../../Engine/Content/EngineMaterials/Substrate/Glints2/dict_0004_0017.uexp" 3066
"../../../Engine/Content/EngineMaterials/Substrate/Glints2/dict_0004_0118.uasset" 3067
"../../../Engine/Content/EngineMaterials/Substrate/Glints2/dict_0004_0118.uexp" 3068
"../../../Engine/Content/EngineMaterials/Substrate/Glints2/dict_0006_0224.uasset" 3069
"../../../Engine/Content/EngineMaterials/Substrate/Glints2/dict_0006_0224.uexp" 3070
"../../../Engine/Content/EngineMaterials/Substrate/Glints2/dict_0006_0187.uasset" 3071
"../../../Engine/Content/EngineMaterials/Substrate/Glints2/dict_0006_0187.uexp" 3072
"../../../Engine/Content/EngineMaterials/Substrate/Glints2/dict_0006_0061.uasset" 3073
"../../../Engine/Content/EngineMaterials/Substrate/Glints2/dict_0006_0061.uexp" 3074
"../../../Engine/Content/EngineMaterials/Substrate/Glints2/dict_0000_0032.uasset" 3075
"../../../Engine/Content/EngineMaterials/Substrate/Glints2/dict_0000_0032.uexp" 3076
"../../../Engine/Content/EngineMaterials/Substrate/Glints2/dict_0005_0151.uasset" 3077
"../../../Engine/Content/EngineMaterials/Substrate/Glints2/dict_0005_0151.uexp" 3078
"../../../Engine/Content/EngineMaterials/Substrate/Glints2/dict_0004_0075.uasset" 3079
"../../../Engine/Content/EngineMaterials/Substrate/Glints2/dict_0004_0075.uexp" 3080
"../../../Engine/Content/EngineMaterials/Substrate/Glints2/dict_0004_0146.uasset" 3081
"../../../Engine/Content/EngineMaterials/Substrate/Glints2/dict_0004_0146.uexp" 3082
"../../../Engine/Content/EngineMaterials/Substrate/Glints2/dict_0001_0210.uasset" 3083
"../../../Engine/Content/EngineMaterials/Substrate/Glints2/dict_0001_0210.uexp" 3084
"../../../Engine/Content/EngineMaterials/Substrate/Glints2/dict_0001_0005.uasset" 3085
"../../../Engine/Content/EngineMaterials/Substrate/Glints2/dict_0001_0005.uexp" 3086
"../../../Engine/Content/EngineMaterials/Substrate/Glints2/dict_0001_0181.uasset" 3087
"../../../Engine/Content/EngineMaterials/Substrate/Glints2/dict_0001_0181.uexp" 3088
"../../../Engine/Content/EngineMaterials/Substrate/Glints2/dict_0003_0208.uasset" 3089
"../../../Engine/Content/EngineMaterials/Substrate/Glints2/dict_0003_0208.uexp" 3090
"../../../Engine/Content/EngineMaterials/Substrate/Glints2/dict_0001_0063.uasset" 3091
"../../../Engine/Content/EngineMaterials/Substrate/Glints2/dict_0001_0063.uexp" 3092
"../../../Engine/Content/EngineMaterials/Substrate/Glints2/dict_0000_0209.uasset" 3093
"../../../Engine/Content/EngineMaterials/Substrate/Glints2/dict_0000_0209.uexp" 3094
"../../../Engine/Content/EngineMaterials/Substrate/Glints2/dict_0001_0121.uasset" 3095
"../../../Engine/Content/EngineMaterials/Substrate/Glints2/dict_0001_0121.uexp" 3096
"../../../Engine/Content/EngineMaterials/Substrate/Glints2/dict_0000_0045.uasset" 3097
"../../../Engine/Content/EngineMaterials/Substrate/Glints2/dict_0000_0045.uexp" 3098
"../../../Engine/Content/EngineMaterials/Substrate/Glints2/dict_0002_0253.uasset" 3099
"../../../Engine/Content/EngineMaterials/Substrate/Glints2/dict_0002_0253.uexp" 3100
"../../../Engine/Content/EngineMaterials/Substrate/Glints2/dict_0007_0118.uasset" 3101
"../../../Engine/Content/EngineMaterials/Substrate/Glints2/dict_0007_0118.uexp" 3102
"../../../Engine/Content/EngineMaterials/Substrate/Glints2/dict_0005_0255.uasset" 3103
"../../../Engine/Content/EngineMaterials/Substrate/Glints2/dict_0005_0255.uexp" 3104
"../../../Engine/Content/EngineMaterials/Substrate/Glints2/dict_0002_0244.uasset" 3105
"../../../Engine/Content/EngineMaterials/Substrate/Glints2/dict_0002_0244.uexp" 3106
"../../../Engine/Content/EngineMaterials/Substrate/Glints2/dict_0002_0194.uasset" 3107
"../../../Engine/Content/EngineMaterials/Substrate/Glints2/dict_0002_0194.uexp" 3108
"../../../Engine/Content/EngineMaterials/Substrate/Glints2/dict_0003_0127.uasset" 3109
"../../../Engine/Content/EngineMaterials/Substrate/Glints2/dict_0003_0127.uexp" 3110
"../../../Engine/Content/EngineMaterials/Substrate/Glints2/dict_0001_0017.uasset" 3111
"../../../Engine/Content/EngineMaterials/Substrate/Glints2/dict_0001_0017.uexp" 3112
"../../../Engine/Content/EngineMaterials/Substrate/Glints2/dict_0001_0117.uasset" 3113
"../../../Engine/Content/EngineMaterials/Substrate/Glints2/dict_0001_0117.uexp" 3114
"../../../Engine/Content/EngineMaterials/Substrate/Glints2/dict_0001_0011.uasset" 3115
"../../../Engine/Content/EngineMaterials/Substrate/Glints2/dict_0001_0011.uexp" 3116
"../../../Engine/Content/EngineMaterials/Substrate/Glints2/dict_0006_0171.uasset" 3117
"../../../Engine/Content/EngineMaterials/Substrate/Glints2/dict_0006_0171.uexp" 3118
"../../../Engine/Content/EngineMaterials/Substrate/Glints2/dict_0003_0175.uasset" 3119
"../../../Engine/Content/EngineMaterials/Substrate/Glints2/dict_0003_0175.uexp" 3120
"../../../Engine/Content/EngineMaterials/Substrate/Glints2/dict_0000_0056.uasset" 3121
"../../../Engine/Content/EngineMaterials/Substrate/Glints2/dict_0000_0056.uexp" 3122
"../../../Engine/Content/EngineMaterials/Substrate/Glints2/dict_0007_0035.uasset" 3123
"../../../Engine/Content/EngineMaterials/Substrate/Glints2/dict_0007_0035.uexp" 3124
"../../../Engine/Content/EngineMaterials/Substrate/Glints2/dict_0001_0070.uasset" 3125
"../../../Engine/Content/EngineMaterials/Substrate/Glints2/dict_0001_0070.uexp" 3126
"../../../Engine/Content/EngineMaterials/Substrate/Glints2/dict_0006_0159.uasset" 3127
"../../../Engine/Content/EngineMaterials/Substrate/Glints2/dict_0006_0159.uexp" 3128
"../../../Engine/Content/EngineMaterials/Substrate/Glints2/dict_0004_0049.uasset" 3129
"../../../Engine/Content/EngineMaterials/Substrate/Glints2/dict_0004_0049.uexp" 3130
"../../../Engine/Content/EngineMaterials/Substrate/Glints2/dict_0005_0191.uasset" 3131
"../../../Engine/Content/EngineMaterials/Substrate/Glints2/dict_0005_0191.uexp" 3132
"../../../Engine/Content/EngineMaterials/Substrate/Glints2/dict_0004_0170.uasset" 3133
"../../../Engine/Content/EngineMaterials/Substrate/Glints2/dict_0004_0170.uexp" 3134
"../../../Engine/Content/EngineMaterials/Substrate/Glints2/dict_0004_0041.uasset" 3135
"../../../Engine/Content/EngineMaterials/Substrate/Glints2/dict_0004_0041.uexp" 3136
"../../../Engine/Content/EngineMaterials/Substrate/Glints2/dict_0004_0023.uasset" 3137
"../../../Engine/Content/EngineMaterials/Substrate/Glints2/dict_0004_0023.uexp" 3138
"../../../Engine/Content/EngineMaterials/Substrate/Glints2/dict_0003_0129.uasset" 3139
"../../../Engine/Content/EngineMaterials/Substrate/Glints2/dict_0003_0129.uexp" 3140
"../../../Engine/Content/EngineMaterials/Substrate/Glints2/dict_0001_0204.uasset" 3141
"../../../Engine/Content/EngineMaterials/Substrate/Glints2/dict_0001_0204.uexp" 3142
"../../../Engine/Content/EngineMaterials/Substrate/Glints2/dict_0007_0030.uasset" 3143
"../../../Engine/Content/EngineMaterials/Substrate/Glints2/dict_0007_0030.uexp" 3144
"../../../Engine/Content/EngineMaterials/Substrate/Glints2/dict_0005_0100.uasset" 3145
"../../../Engine/Content/EngineMaterials/Substrate/Glints2/dict_0005_0100.uexp" 3146
"../../../Engine/Content/EngineMaterials/Substrate/Glints2/dict_0004_0244.uasset" 3147
"../../../Engine/Content/EngineMaterials/Substrate/Glints2/dict_0004_0244.uexp" 3148
"../../../Engine/Content/EngineMaterials/Substrate/Glints2/dict_0004_0042.uasset" 3149
"../../../Engine/Content/EngineMaterials/Substrate/Glints2/dict_0004_0042.uexp" 3150
"../../../Engine/Content/EngineMaterials/Substrate/Glints2/dict_0004_0180.uasset" 3151
"../../../Engine/Content/EngineMaterials/Substrate/Glints2/dict_0004_0180.uexp" 3152
"../../../Engine/Content/EngineMaterials/Substrate/Glints2/dict_0001_0152.uasset" 3153
"../../../Engine/Content/EngineMaterials/Substrate/Glints2/dict_0001_0152.uexp" 3154
"../../../Engine/Content/EngineMaterials/Substrate/Glints2/dict_0001_0214.uasset" 3155
"../../../Engine/Content/EngineMaterials/Substrate/Glints2/dict_0001_0214.uexp" 3156
"../../../Engine/Content/EngineMaterials/Substrate/Glints2/dict_0007_0142.uasset" 3157
"../../../Engine/Content/EngineMaterials/Substrate/Glints2/dict_0007_0142.uexp" 3158
"../../../Engine/Content/EngineMaterials/Substrate/Glints2/dict_0005_0126.uasset" 3159
"../../../Engine/Content/EngineMaterials/Substrate/Glints2/dict_0005_0126.uexp" 3160
"../../../Engine/Content/EngineMaterials/Substrate/Glints2/dict_0001_0182.uasset" 3161
"../../../Engine/Content/EngineMaterials/Substrate/Glints2/dict_0001_0182.uexp" 3162
"../../../Engine/Content/EngineMaterials/Substrate/Glints2/dict_0001_0048.uasset" 3163
"../../../Engine/Content/EngineMaterials/Substrate/Glints2/dict_0001_0048.uexp" 3164
"../../../Engine/Content/EngineMaterials/Substrate/Glints2/dict_0007_0126.uasset" 3165
"../../../Engine/Content/EngineMaterials/Substrate/Glints2/dict_0007_0126.uexp" 3166
"../../../Engine/Content/EngineMaterials/Substrate/Glints2/dict_0002_0041.uasset" 3167
"../../../Engine/Content/EngineMaterials/Substrate/Glints2/dict_0002_0041.uexp" 3168
"../../../Engine/Content/EngineMaterials/Substrate/Glints2/dict_0000_0113.uasset" 3169
"../../../Engine/Content/EngineMaterials/Substrate/Glints2/dict_0000_0113.uexp" 3170
"../../../Engine/Content/EngineMaterials/Substrate/Glints2/dict_0006_0005.uasset" 3171
"../../../Engine/Content/EngineMaterials/Substrate/Glints2/dict_0006_0005.uexp" 3172
"../../../Engine/Content/EngineMaterials/Substrate/Glints2/dict_0004_0076.uasset" 3173
"../../../Engine/Content/EngineMaterials/Substrate/Glints2/dict_0004_0076.uexp" 3174
"../../../Engine/Content/EngineMaterials/Substrate/Glints2/dict_0004_0251.uasset" 3175
"../../../Engine/Content/EngineMaterials/Substrate/Glints2/dict_0004_0251.uexp" 3176
"../../../Engine/Content/EngineMaterials/Substrate/Glints2/dict_0003_0028.uasset" 3177
"../../../Engine/Content/EngineMaterials/Substrate/Glints2/dict_0003_0028.uexp" 3178
"../../../Engine/Content/EngineMaterials/Substrate/Glints2/dict_0001_0168.uasset" 3179
"../../../Engine/Content/EngineMaterials/Substrate/Glints2/dict_0001_0168.uexp" 3180
"../../../Engine/Content/EngineMaterials/Substrate/Glints2/dict_0006_0229.uasset" 3181
"../../../Engine/Content/EngineMaterials/Substrate/Glints2/dict_0006_0229.uexp" 3182
"../../../Engine/Content/EngineMaterials/Substrate/Glints2/dict_0000_0115.uasset" 3183
"../../../Engine/Content/EngineMaterials/Substrate/Glints2/dict_0000_0115.uexp" 3184
"../../../Engine/Content/EngineMaterials/Substrate/Glints2/dict_0000_0013.uasset" 3185
"../../../Engine/Content/EngineMaterials/Substrate/Glints2/dict_0000_0013.uexp" 3186
"../../../Engine/Content/EngineMaterials/Substrate/Glints2/dict_0002_0225.uasset" 3187
"../../../Engine/Content/EngineMaterials/Substrate/Glints2/dict_0002_0225.uexp" 3188
"../../../Engine/Content/EngineMaterials/Substrate/Glints2/dict_0006_0078.uasset" 3189
"../../../Engine/Content/EngineMaterials/Substrate/Glints2/dict_0006_0078.uexp" 3190
"../../../Engine/Content/EngineMaterials/Substrate/Glints2/dict_0003_0196.uasset" 3191
"../../../Engine/Content/EngineMaterials/Substrate/Glints2/dict_0003_0196.uexp" 3192
"../../../Engine/Content/EngineMaterials/Substrate/Glints2/dict_0007_0166.uasset" 3193
"../../../Engine/Content/EngineMaterials/Substrate/Glints2/dict_0007_0166.uexp" 3194
"../../../Engine/Content/EngineMaterials/Substrate/Glints2/dict_0004_0144.uasset" 3195
"../../../Engine/Content/EngineMaterials/Substrate/Glints2/dict_0004_0144.uexp" 3196
"../../../Engine/Content/EngineMaterials/Substrate/Glints2/dict_0001_0004.uasset" 3197
"../../../Engine/Content/EngineMaterials/Substrate/Glints2/dict_0001_0004.uexp" 3198
"../../../Engine/Content/EngineMaterials/Substrate/Glints2/dict_0000_0049.uasset" 3199
"../../../Engine/Content/EngineMaterials/Substrate/Glints2/dict_0000_0049.uexp" 3200
"../../../Engine/Content/EngineMaterials/Substrate/Glints2/dict_0006_0205.uasset" 3201
"../../../Engine/Content/EngineMaterials/Substrate/Glints2/dict_0006_0205.uexp" 3202
"../../../Engine/Content/EngineMaterials/Substrate/Glints2/dict_0002_0173.uasset" 3203
"../../../Engine/Content/EngineMaterials/Substrate/Glints2/dict_0002_0173.uexp" 3204
"../../../Engine/Content/EngineMaterials/Substrate/Glints2/dict_0007_0134.uasset" 3205
"../../../Engine/Content/EngineMaterials/Substrate/Glints2/dict_0007_0134.uexp" 3206
"../../../Engine/Content/EngineMaterials/Substrate/Glints2/dict_0006_0070.uasset" 3207
"../../../Engine/Content/EngineMaterials/Substrate/Glints2/dict_0006_0070.uexp" 3208
"../../../Engine/Content/EngineMaterials/Substrate/Glints2/dict_0002_0156.uasset" 3209
"../../../Engine/Content/EngineMaterials/Substrate/Glints2/dict_0002_0156.uexp" 3210
"../../../Engine/Content/EngineMaterials/Substrate/Glints2/dict_0000_0169.uasset" 3211
"../../../Engine/Content/EngineMaterials/Substrate/Glints2/dict_0000_0169.uexp" 3212
"../../../Engine/Content/EngineMaterials/Substrate/Glints2/dict_0003_0125.uasset" 3213
"../../../Engine/Content/EngineMaterials/Substrate/Glints2/dict_0003_0125.uexp" 3214
"../../../Engine/Content/EngineMaterials/Substrate/Glints2/dict_0007_0165.uasset" 3215
"../../../Engine/Content/EngineMaterials/Substrate/Glints2/dict_0007_0165.uexp" 3216
"../../../Engine/Content/EngineMaterials/Substrate/Glints2/dict_0007_0124.uasset" 3217
"../../../Engine/Content/EngineMaterials/Substrate/Glints2/dict_0007_0124.uexp" 3218
"../../../Engine/Content/EngineMaterials/Substrate/Glints2/dict_0003_0107.uasset" 3219
"../../../Engine/Content/EngineMaterials/Substrate/Glints2/dict_0003_0107.uexp" 3220
"../../../Engine/Content/EngineMaterials/Substrate/Glints2/dict_0006_0031.uasset" 3221
"../../../Engine/Content/EngineMaterials/Substrate/Glints2/dict_0006_0031.uexp" 3222
"../../../Engine/Content/EngineMaterials/Substrate/Glints2/dict_0003_0002.uasset" 3223
"../../../Engine/Content/EngineMaterials/Substrate/Glints2/dict_0003_0002.uexp" 3224
"../../../Engine/Content/EngineMaterials/Substrate/Glints2/dict_0002_0121.uasset" 3225
"../../../Engine/Content/EngineMaterials/Substrate/Glints2/dict_0002_0121.uexp" 3226
"../../../Engine/Content/EngineMaterials/Substrate/Glints2/dict_0002_0022.uasset" 3227
"../../../Engine/Content/EngineMaterials/Substrate/Glints2/dict_0002_0022.uexp" 3228
"../../../Engine/Content/EngineMaterials/Substrate/Glints2/dict_0004_0084.uasset" 3229
"../../../Engine/Content/EngineMaterials/Substrate/Glints2/dict_0004_0084.uexp" 3230
"../../../Engine/Content/EngineMaterials/Substrate/Glints2/dict_0003_0122.uasset" 3231
"../../../Engine/Content/EngineMaterials/Substrate/Glints2/dict_0003_0122.uexp" 3232
"../../../Engine/Content/EngineMaterials/Substrate/Glints2/dict_0004_0110.uasset" 3233
"../../../Engine/Content/EngineMaterials/Substrate/Glints2/dict_0004_0110.uexp" 3234
"../../../Engine/Content/EngineMaterials/Substrate/Glints2/dict_0003_0142.uasset" 3235
"../../../Engine/Content/EngineMaterials/Substrate/Glints2/dict_0003_0142.uexp" 3236
"../../../Engine/Content/EngineMaterials/Substrate/Glints2/dict_0003_0052.uasset" 3237
"../../../Engine/Content/EngineMaterials/Substrate/Glints2/dict_0003_0052.uexp" 3238
"../../../Engine/Content/EngineMaterials/Substrate/Glints2/dict_0007_0070.uasset" 3239
"../../../Engine/Content/EngineMaterials/Substrate/Glints2/dict_0007_0070.uexp" 3240
"../../../Engine/Content/EngineMaterials/Substrate/Glints2/dict_0002_0029.uasset" 3241
"../../../Engine/Content/EngineMaterials/Substrate/Glints2/dict_0002_0029.uexp" 3242
"../../../Engine/Content/EngineMaterials/Substrate/Glints2/dict_0002_0197.uasset" 3243
"../../../Engine/Content/EngineMaterials/Substrate/Glints2/dict_0002_0197.uexp" 3244
"../../../Engine/Content/EngineMaterials/Substrate/Glints2/dict_0006_0073.uasset" 3245
"../../../Engine/Content/EngineMaterials/Substrate/Glints2/dict_0006_0073.uexp" 3246
"../../../Engine/Content/EngineMaterials/Substrate/Glints2/dict_0001_0226.uasset" 3247
"../../../Engine/Content/EngineMaterials/Substrate/Glints2/dict_0001_0226.uexp" 3248
"../../../Engine/Content/EngineMaterials/Substrate/Glints2/dict_0004_0000.uasset" 3249
"../../../Engine/Content/EngineMaterials/Substrate/Glints2/dict_0004_0000.uexp" 3250
"../../../Engine/Content/EngineMaterials/Substrate/Glints2/dict_0003_0108.uasset" 3251
"../../../Engine/Content/EngineMaterials/Substrate/Glints2/dict_0003_0108.uexp" 3252
"../../../Engine/Content/EngineMaterials/Substrate/Glints2/dict_0002_0030.uasset" 3253
"../../../Engine/Content/EngineMaterials/Substrate/Glints2/dict_0002_0030.uexp" 3254
"../../../Engine/Content/EngineMaterials/Substrate/Glints2/dict_0006_0120.uasset" 3255
"../../../Engine/Content/EngineMaterials/Substrate/Glints2/dict_0006_0120.uexp" 3256
"../../../Engine/Content/EngineMaterials/Substrate/Glints2/dict_0004_0115.uasset" 3257
"../../../Engine/Content/EngineMaterials/Substrate/Glints2/dict_0004_0115.uexp" 3258
"../../../Engine/Content/EngineMaterials/Substrate/Glints2/dict_0001_0136.uasset" 3259
"../../../Engine/Content/EngineMaterials/Substrate/Glints2/dict_0001_0136.uexp" 3260
"../../../Engine/Content/EngineMaterials/Substrate/Glints2/dict_0006_0161.uasset" 3261
"../../../Engine/Content/EngineMaterials/Substrate/Glints2/dict_0006_0161.uexp" 3262
"../../../Engine/Content/EngineMaterials/Substrate/Glints2/dict_0002_0057.uasset" 3263
"../../../Engine/Content/EngineMaterials/Substrate/Glints2/dict_0002_0057.uexp" 3264
"../../../Engine/Content/EngineMaterials/Substrate/Glints2/dict_0001_0154.uasset" 3265
"../../../Engine/Content/EngineMaterials/Substrate/Glints2/dict_0001_0154.uexp" 3266
"../../../Engine/Content/EngineMaterials/Substrate/Glints2/dict_0006_0091.uasset" 3267
"../../../Engine/Content/EngineMaterials/Substrate/Glints2/dict_0006_0091.uexp" 3268
"../../../Engine/Content/EngineMaterials/Substrate/Glints2/dict_0005_0204.uasset" 3269
"../../../Engine/Content/EngineMaterials/Substrate/Glints2/dict_0005_0204.uexp" 3270
"../../../Engine/Content/EngineMaterials/Substrate/Glints2/dict_0000_0075.uasset" 3271
"../../../Engine/Content/EngineMaterials/Substrate/Glints2/dict_0000_0075.uexp" 3272
"../../../Engine/Content/EngineMaterials/Substrate/Glints2/dict_0005_0033.uasset" 3273
"../../../Engine/Content/EngineMaterials/Substrate/Glints2/dict_0005_0033.uexp" 3274
"../../../Engine/Content/EngineMaterials/Substrate/Glints2/dict_0001_0166.uasset" 3275
"../../../Engine/Content/EngineMaterials/Substrate/Glints2/dict_0001_0166.uexp" 3276
"../../../Engine/Content/EngineMaterials/Substrate/Glints2/dict_0000_0086.uasset" 3277
"../../../Engine/Content/EngineMaterials/Substrate/Glints2/dict_0000_0086.uexp" 3278
"../../../Engine/Content/EngineMaterials/Substrate/Glints2/dict_0006_0011.uasset" 3279
"../../../Engine/Content/EngineMaterials/Substrate/Glints2/dict_0006_0011.uexp" 3280
"../../../Engine/Content/EngineMaterials/Substrate/Glints2/dict_0002_0218.uasset" 3281
"../../../Engine/Content/EngineMaterials/Substrate/Glints2/dict_0002_0218.uexp" 3282
"../../../Engine/Content/EngineMaterials/Substrate/Glints2/dict_0001_0212.uasset" 3283
"../../../Engine/Content/EngineMaterials/Substrate/Glints2/dict_0001_0212.uexp" 3284
"../../../Engine/Content/EngineMaterials/Substrate/Glints2/dict_0004_0124.uasset" 3285
"../../../Engine/Content/EngineMaterials/Substrate/Glints2/dict_0004_0124.uexp" 3286
"../../../Engine/Content/EngineMaterials/Substrate/Glints2/dict_0007_0216.uasset" 3287
"../../../Engine/Content/EngineMaterials/Substrate/Glints2/dict_0007_0216.uexp" 3288
"../../../Engine/Content/EngineMaterials/Substrate/Glints2/dict_0007_0005.uasset" 3289
"../../../Engine/Content/EngineMaterials/Substrate/Glints2/dict_0007_0005.uexp" 3290
"../../../Engine/Content/EngineMaterials/Substrate/Glints2/dict_0003_0030.uasset" 3291
"../../../Engine/Content/EngineMaterials/Substrate/Glints2/dict_0003_0030.uexp" 3292
"../../../Engine/Content/EngineMaterials/Substrate/Glints2/dict_0001_0053.uasset" 3293
"../../../Engine/Content/EngineMaterials/Substrate/Glints2/dict_0001_0053.uexp" 3294
"../../../Engine/Content/EngineMaterials/Substrate/Glints2/dict_0006_0076.uasset" 3295
"../../../Engine/Content/EngineMaterials/Substrate/Glints2/dict_0006_0076.uexp" 3296
"../../../Engine/Content/EngineMaterials/Substrate/Glints2/dict_0004_0206.uasset" 3297
"../../../Engine/Content/EngineMaterials/Substrate/Glints2/dict_0004_0206.uexp" 3298
"../../../Engine/Content/EngineMaterials/Substrate/Glints2/dict_0005_0007.uasset" 3299
"../../../Engine/Content/EngineMaterials/Substrate/Glints2/dict_0005_0007.uexp" 3300
"../../../Engine/Content/EngineMaterials/Substrate/Glints2/dict_0004_0031.uasset" 3301
"../../../Engine/Content/EngineMaterials/Substrate/Glints2/dict_0004_0031.uexp" 3302
"../../../Engine/Content/EngineMaterials/Substrate/Glints2/dict_0002_0070.uasset" 3303
"../../../Engine/Content/EngineMaterials/Substrate/Glints2/dict_0002_0070.uexp" 3304
"../../../Engine/Content/EngineMaterials/Substrate/Glints2/dict_0006_0123.uasset" 3305
"../../../Engine/Content/EngineMaterials/Substrate/Glints2/dict_0006_0123.uexp" 3306
"../../../Engine/Content/EngineMaterials/Substrate/Glints2/dict_0002_0249.uasset" 3307
"../../../Engine/Content/EngineMaterials/Substrate/Glints2/dict_0002_0249.uexp" 3308
"../../../Engine/Content/EngineMaterials/Substrate/Glints2/dict_0000_0210.uasset" 3309
"../../../Engine/Content/EngineMaterials/Substrate/Glints2/dict_0000_0210.uexp" 3310
"../../../Engine/Content/EngineMaterials/Substrate/Glints2/dict_0000_0135.uasset" 3311
"../../../Engine/Content/EngineMaterials/Substrate/Glints2/dict_0000_0135.uexp" 3312
"../../../Engine/Content/EngineMaterials/Substrate/Glints2/dict_0001_0076.uasset" 3313
"../../../Engine/Content/EngineMaterials/Substrate/Glints2/dict_0001_0076.uexp" 3314
"../../../Engine/Content/EngineMaterials/Substrate/Glints2/dict_0007_0083.uasset" 3315
"../../../Engine/Content/EngineMaterials/Substrate/Glints2/dict_0007_0083.uexp" 3316
"../../../Engine/Content/EngineMaterials/Substrate/Glints2/dict_0000_0207.uasset" 3317
"../../../Engine/Content/EngineMaterials/Substrate/Glints2/dict_0000_0207.uexp" 3318
"../../../Engine/Content/EngineMaterials/Substrate/Glints2/dict_0006_0180.uasset" 3319
"../../../Engine/Content/EngineMaterials/Substrate/Glints2/dict_0006_0180.uexp" 3320
"../../../Engine/Content/EngineMaterials/Substrate/Glints2/dict_0007_0010.uasset" 3321
"../../../Engine/Content/EngineMaterials/Substrate/Glints2/dict_0007_0010.uexp" 3322
"../../../Engine/Content/EngineMaterials/Substrate/Glints2/dict_0000_0121.uasset" 3323
"../../../Engine/Content/EngineMaterials/Substrate/Glints2/dict_0000_0121.uexp" 3324
"../../../Engine/Content/EngineMaterials/Substrate/Glints2/dict_0003_0053.uasset" 3325
"../../../Engine/Content/EngineMaterials/Substrate/Glints2/dict_0003_0053.uexp" 3326
"../../../Engine/Content/EngineMaterials/Substrate/Glints2/dict_0002_0081.uasset" 3327
"../../../Engine/Content/EngineMaterials/Substrate/Glints2/dict_0002_0081.uexp" 3328
"../../../Engine/Content/EngineMaterials/Substrate/Glints2/dict_0002_0071.uasset" 3329
"../../../Engine/Content/EngineMaterials/Substrate/Glints2/dict_0002_0071.uexp" 3330
"../../../Engine/Content/EngineMaterials/Substrate/Glints2/dict_0007_0045.uasset" 3331
"../../../Engine/Content/EngineMaterials/Substrate/Glints2/dict_0007_0045.uexp" 3332
"../../../Engine/Content/EngineMaterials/Substrate/Glints2/dict_0005_0092.uasset" 3333
"../../../Engine/Content/EngineMaterials/Substrate/Glints2/dict_0005_0092.uexp" 3334
"../../../Engine/Content/EngineMaterials/Substrate/Glints2/dict_0000_0117.uasset" 3335
"../../../Engine/Content/EngineMaterials/Substrate/Glints2/dict_0000_0117.uexp" 3336
"../../../Engine/Content/EngineMaterials/Substrate/Glints2/dict_0006_0226.uasset" 3337
"../../../Engine/Content/EngineMaterials/Substrate/Glints2/dict_0006_0226.uexp" 3338
"../../../Engine/Content/EngineMaterials/Substrate/Glints2/dict_0005_0086.uasset" 3339
"../../../Engine/Content/EngineMaterials/Substrate/Glints2/dict_0005_0086.uexp" 3340
"../../../Engine/Content/EngineMaterials/Substrate/Glints2/dict_0005_0150.uasset" 3341
"../../../Engine/Content/EngineMaterials/Substrate/Glints2/dict_0005_0150.uexp" 3342
"../../../Engine/Content/EngineMaterials/Substrate/Glints2/dict_0005_0015.uasset" 3343
"../../../Engine/Content/EngineMaterials/Substrate/Glints2/dict_0005_0015.uexp" 3344
"../../../Engine/Content/EngineMaterials/Substrate/Glints2/dict_0003_0045.uasset" 3345
"../../../Engine/Content/EngineMaterials/Substrate/Glints2/dict_0003_0045.uexp" 3346
"../../../Engine/Content/EngineMaterials/Substrate/Glints2/dict_0001_0108.uasset" 3347
"../../../Engine/Content/EngineMaterials/Substrate/Glints2/dict_0001_0108.uexp" 3348
"../../../Engine/Content/EngineMaterials/Substrate/Glints2/dict_0006_0054.uasset" 3349
"../../../Engine/Content/EngineMaterials/Substrate/Glints2/dict_0006_0054.uexp" 3350
"../../../Engine/Content/EngineMaterials/Substrate/Glints2/dict_0002_0084.uasset" 3351
"../../../Engine/Content/EngineMaterials/Substrate/Glints2/dict_0002_0084.uexp" 3352
"../../../Engine/Content/EngineMaterials/Substrate/Glints2/dict_0002_0079.uasset" 3353
"../../../Engine/Content/EngineMaterials/Substrate/Glints2/dict_0002_0079.uexp" 3354
"../../../Engine/Content/EngineMaterials/Substrate/Glints2/dict_0001_0179.uasset" 3355
"../../../Engine/Content/EngineMaterials/Substrate/Glints2/dict_0001_0179.uexp" 3356
"../../../Engine/Content/EngineMaterials/Substrate/Glints2/dict_0007_0232.uasset" 3357
"../../../Engine/Content/EngineMaterials/Substrate/Glints2/dict_0007_0232.uexp" 3358
"../../../Engine/Content/EngineMaterials/Substrate/Glints2/dict_0001_0228.uasset" 3359
"../../../Engine/Content/EngineMaterials/Substrate/Glints2/dict_0001_0228.uexp" 3360
"../../../Engine/Content/EngineMaterials/Substrate/Glints2/dict_0000_0023.uasset" 3361
"../../../Engine/Content/EngineMaterials/Substrate/Glints2/dict_0000_0023.uexp" 3362
"../../../Engine/Content/EngineMaterials/Substrate/Glints2/dict_0001_0253.uasset" 3363
"../../../Engine/Content/EngineMaterials/Substrate/Glints2/dict_0001_0253.uexp" 3364
"../../../Engine/Content/EngineMaterials/Substrate/Glints2/dict_0002_0165.uasset" 3365
"../../../Engine/Content/EngineMaterials/Substrate/Glints2/dict_0002_0165.uexp" 3366
"../../../Engine/Content/EngineMaterials/Substrate/Glints2/dict_0001_0077.uasset" 3367
"../../../Engine/Content/EngineMaterials/Substrate/Glints2/dict_0001_0077.uexp" 3368
"../../../Engine/Content/EngineMaterials/Substrate/Glints2/dict_0001_0060.uasset" 3369
"../../../Engine/Content/EngineMaterials/Substrate/Glints2/dict_0001_0060.uexp" 3370
"../../../Engine/Content/EngineMaterials/Substrate/Glints2/dict_0001_0096.uasset" 3371
"../../../Engine/Content/EngineMaterials/Substrate/Glints2/dict_0001_0096.uexp" 3372
"../../../Engine/Content/EngineMaterials/Substrate/Glints2/dict_0007_0103.uasset" 3373
"../../../Engine/Content/EngineMaterials/Substrate/Glints2/dict_0007_0103.uexp" 3374
"../../../Engine/Content/EngineMaterials/Substrate/Glints2/dict_0006_0045.uasset" 3375
"../../../Engine/Content/EngineMaterials/Substrate/Glints2/dict_0006_0045.uexp" 3376
"../../../Engine/Content/EngineMaterials/Substrate/Glints2/dict_0003_0157.uasset" 3377
"../../../Engine/Content/EngineMaterials/Substrate/Glints2/dict_0003_0157.uexp" 3378
"../../../Engine/Content/EngineMaterials/Substrate/Glints2/dict_0004_0056.uasset" 3379
"../../../Engine/Content/EngineMaterials/Substrate/Glints2/dict_0004_0056.uexp" 3380
"../../../Engine/Content/EngineMaterials/Substrate/Glints2/dict_0000_0140.uasset" 3381
"../../../Engine/Content/EngineMaterials/Substrate/Glints2/dict_0000_0140.uexp" 3382
"../../../Engine/Content/EngineMaterials/Substrate/Glints2/dict_0003_0007.uasset" 3383
"../../../Engine/Content/EngineMaterials/Substrate/Glints2/dict_0003_0007.uexp" 3384
"../../../Engine/Content/EngineMaterials/Substrate/Glints2/dict_0001_0155.uasset" 3385
"../../../Engine/Content/EngineMaterials/Substrate/Glints2/dict_0001_0155.uexp" 3386
"../../../Engine/Content/EngineMaterials/Substrate/Glints2/dict_0003_0120.uasset" 3387
"../../../Engine/Content/EngineMaterials/Substrate/Glints2/dict_0003_0120.uexp" 3388
"../../../Engine/Content/EngineMaterials/Substrate/Glints2/dict_0007_0176.uasset" 3389
"../../../Engine/Content/EngineMaterials/Substrate/Glints2/dict_0007_0176.uexp" 3390
"../../../Engine/Content/EngineMaterials/Substrate/Glints2/dict_0000_0219.uasset" 3391
"../../../Engine/Content/EngineMaterials/Substrate/Glints2/dict_0000_0219.uexp" 3392
"../../../Engine/Content/EngineMaterials/Substrate/Glints2/dict_0006_0096.uasset" 3393
"../../../Engine/Content/EngineMaterials/Substrate/Glints2/dict_0006_0096.uexp" 3394
"../../../Engine/Content/EngineMaterials/Substrate/Glints2/dict_0000_0017.uasset" 3395
"../../../Engine/Content/EngineMaterials/Substrate/Glints2/dict_0000_0017.uexp" 3396
"../../../Engine/Content/EngineMaterials/Substrate/Glints2/dict_0006_0052.uasset" 3397
"../../../Engine/Content/EngineMaterials/Substrate/Glints2/dict_0006_0052.uexp" 3398
"../../../Engine/Content/EngineMaterials/Substrate/Glints2/dict_0006_0085.uasset" 3399
"../../../Engine/Content/EngineMaterials/Substrate/Glints2/dict_0006_0085.uexp" 3400
"../../../Engine/Content/EngineMaterials/Substrate/Glints2/dict_0000_0156.uasset" 3401
"../../../Engine/Content/EngineMaterials/Substrate/Glints2/dict_0000_0156.uexp" 3402
"../../../Engine/Content/EngineMaterials/Substrate/Glints2/dict_0002_0205.uasset" 3403
"../../../Engine/Content/EngineMaterials/Substrate/Glints2/dict_0002_0205.uexp" 3404
"../../../Engine/Content/EngineMaterials/Substrate/Glints2/dict_0002_0161.uasset" 3405
"../../../Engine/Content/EngineMaterials/Substrate/Glints2/dict_0002_0161.uexp" 3406
"../../../Engine/Content/EngineMaterials/Substrate/Glints2/dict_0007_0233.uasset" 3407
"../../../Engine/Content/EngineMaterials/Substrate/Glints2/dict_0007_0233.uexp" 3408
"../../../Engine/Content/EngineMaterials/Substrate/Glints2/dict_0004_0053.uasset" 3409
"../../../Engine/Content/EngineMaterials/Substrate/Glints2/dict_0004_0053.uexp" 3410
"../../../Engine/Content/EngineMaterials/Substrate/Glints2/dict_0005_0237.uasset" 3411
"../../../Engine/Content/EngineMaterials/Substrate/Glints2/dict_0005_0237.uexp" 3412
"../../../Engine/Content/EngineMaterials/Substrate/Glints2/dict_0003_0094.uasset" 3413
"../../../Engine/Content/EngineMaterials/Substrate/Glints2/dict_0003_0094.uexp" 3414
"../../../Engine/Content/EngineMaterials/Substrate/Glints2/dict_0000_0072.uasset" 3415
"../../../Engine/Content/EngineMaterials/Substrate/Glints2/dict_0000_0072.uexp" 3416
"../../../Engine/Content/EngineMaterials/Substrate/Glints2/dict_0007_0031.uasset" 3417
"../../../Engine/Content/EngineMaterials/Substrate/Glints2/dict_0007_0031.uexp" 3418
"../../../Engine/Content/EngineMaterials/Substrate/Glints2/dict_0006_0017.uasset" 3419
"../../../Engine/Content/EngineMaterials/Substrate/Glints2/dict_0006_0017.uexp" 3420
"../../../Engine/Content/EngineMaterials/Substrate/Glints2/dict_0007_0186.uasset" 3421
"../../../Engine/Content/EngineMaterials/Substrate/Glints2/dict_0007_0186.uexp" 3422
"../../../Engine/Content/EngineMaterials/Substrate/Glints2/dict_0004_0166.uasset" 3423
"../../../Engine/Content/EngineMaterials/Substrate/Glints2/dict_0004_0166.uexp" 3424
"../../../Engine/Content/EngineMaterials/Substrate/Glints2/dict_0004_0012.uasset" 3425
"../../../Engine/Content/EngineMaterials/Substrate/Glints2/dict_0004_0012.uexp" 3426
"../../../Engine/Content/EngineMaterials/Substrate/Glints2/dict_0001_0093.uasset" 3427
"../../../Engine/Content/EngineMaterials/Substrate/Glints2/dict_0001_0093.uexp" 3428
"../../../Engine/Content/EngineMaterials/Substrate/Glints2/dict_0006_0115.uasset" 3429
"../../../Engine/Content/EngineMaterials/Substrate/Glints2/dict_0006_0115.uexp" 3430
"../../../Engine/Content/EngineMaterials/Substrate/Glints2/dict_0005_0047.uasset" 3431
"../../../Engine/Content/EngineMaterials/Substrate/Glints2/dict_0005_0047.uexp" 3432
"../../../Engine/Content/EngineMaterials/Substrate/Glints2/dict_0002_0035.uasset" 3433
"../../../Engine/Content/EngineMaterials/Substrate/Glints2/dict_0002_0035.uexp" 3434
"../../../Engine/Content/EngineMaterials/Substrate/Glints2/dict_0007_0244.uasset" 3435
"../../../Engine/Content/EngineMaterials/Substrate/Glints2/dict_0007_0244.uexp" 3436
"../../../Engine/Content/EngineMaterials/Substrate/Glints2/dict_0004_0154.uasset" 3437
"../../../Engine/Content/EngineMaterials/Substrate/Glints2/dict_0004_0154.uexp" 3438
"../../../Engine/Content/EngineMaterials/Substrate/Glints2/dict_0002_0044.uasset" 3439
"../../../Engine/Content/EngineMaterials/Substrate/Glints2/dict_0002_0044.uexp" 3440
"../../../Engine/Content/EngineMaterials/Substrate/Glints2/dict_0001_0087.uasset" 3441
"../../../Engine/Content/EngineMaterials/Substrate/Glints2/dict_0001_0087.uexp" 3442
"../../../Engine/Content/EngineMaterials/Substrate/Glints2/dict_0000_0038.uasset" 3443
"../../../Engine/Content/EngineMaterials/Substrate/Glints2/dict_0000_0038.uexp" 3444
"../../../Engine/Content/EngineMaterials/Substrate/Glints2/dict_0005_0010.uasset" 3445
"../../../Engine/Content/EngineMaterials/Substrate/Glints2/dict_0005_0010.uexp" 3446
"../../../Engine/Content/EngineMaterials/Substrate/Glints2/dict_0003_0015.uasset" 3447
"../../../Engine/Content/EngineMaterials/Substrate/Glints2/dict_0003_0015.uexp" 3448
"../../../Engine/Content/EngineMaterials/Substrate/Glints2/dict_0006_0104.uasset" 3449
"../../../Engine/Content/EngineMaterials/Substrate/Glints2/dict_0006_0104.uexp" 3450
"../../../Engine/Content/EngineMaterials/Substrate/Glints2/dict_0005_0202.uasset" 3451
"../../../Engine/Content/EngineMaterials/Substrate/Glints2/dict_0005_0202.uexp" 3452
"../../../Engine/Content/EngineMaterials/Substrate/Glints2/dict_0004_0088.uasset" 3453
"../../../Engine/Content/EngineMaterials/Substrate/Glints2/dict_0004_0088.uexp" 3454
"../../../Engine/Content/EngineMaterials/Substrate/Glints2/dict_0002_0186.uasset" 3455
"../../../Engine/Content/EngineMaterials/Substrate/Glints2/dict_0002_0186.uexp" 3456
"../../../Engine/Content/EngineMaterials/Substrate/Glints2/dict_0002_0177.uasset" 3457
"../../../Engine/Content/EngineMaterials/Substrate/Glints2/dict_0002_0177.uexp" 3458
"../../../Engine/Content/EngineMaterials/Substrate/Glints2/dict_0002_0072.uasset" 3459
"../../../Engine/Content/EngineMaterials/Substrate/Glints2/dict_0002_0072.uexp" 3460
"../../../Engine/Content/EngineMaterials/Substrate/Glints2/dict_0000_0095.uasset" 3461
"../../../Engine/Content/EngineMaterials/Substrate/Glints2/dict_0000_0095.uexp" 3462
"../../../Engine/Content/EngineMaterials/Substrate/Glints2/dict_0003_0011.uasset" 3463
"../../../Engine/Content/EngineMaterials/Substrate/Glints2/dict_0003_0011.uexp" 3464
"../../../Engine/Content/EngineMaterials/Substrate/Glints2/dict_0007_0060.uasset" 3465
"../../../Engine/Content/EngineMaterials/Substrate/Glints2/dict_0007_0060.uexp" 3466
"../../../Engine/Content/EngineMaterials/Substrate/Glints2/dict_0006_0035.uasset" 3467
"../../../Engine/Content/EngineMaterials/Substrate/Glints2/dict_0006_0035.uexp" 3468
"../../../Engine/Content/EngineMaterials/Substrate/Glints2/dict_0005_0046.uasset" 3469
"../../../Engine/Content/EngineMaterials/Substrate/Glints2/dict_0005_0046.uexp" 3470
"../../../Engine/Content/EngineMaterials/Substrate/Glints2/dict_0005_0001.uasset" 3471
"../../../Engine/Content/EngineMaterials/Substrate/Glints2/dict_0005_0001.uexp" 3472
"../../../Engine/Content/EngineMaterials/Substrate/Glints2/dict_0006_0032.uasset" 3473
"../../../Engine/Content/EngineMaterials/Substrate/Glints2/dict_0006_0032.uexp" 3474
"../../../Engine/Content/EngineMaterials/Substrate/Glints2/dict_0004_0047.uasset" 3475
"../../../Engine/Content/EngineMaterials/Substrate/Glints2/dict_0004_0047.uexp" 3476
"../../../Engine/Content/EngineMaterials/Substrate/Glints2/dict_0000_0047.uasset" 3477
"../../../Engine/Content/EngineMaterials/Substrate/Glints2/dict_0000_0047.uexp" 3478
"../../../Engine/Content/EngineMaterials/Substrate/Glints2/dict_0007_0074.uasset" 3479
"../../../Engine/Content/EngineMaterials/Substrate/Glints2/dict_0007_0074.uexp" 3480
"../../../Engine/Content/EngineMaterials/Substrate/Glints2/dict_0006_0144.uasset" 3481
"../../../Engine/Content/EngineMaterials/Substrate/Glints2/dict_0006_0144.uexp" 3482
"../../../Engine/Content/EngineMaterials/Substrate/Glints2/dict_0003_0101.uasset" 3483
"../../../Engine/Content/EngineMaterials/Substrate/Glints2/dict_0003_0101.uexp" 3484
"../../../Engine/Content/EngineMaterials/Substrate/Glints2/dict_0007_0174.uasset" 3485
"../../../Engine/Content/EngineMaterials/Substrate/Glints2/dict_0007_0174.uexp" 3486
"../../../Engine/Content/EngineMaterials/Substrate/Glints2/dict_0003_0100.uasset" 3487
"../../../Engine/Content/EngineMaterials/Substrate/Glints2/dict_0003_0100.uexp" 3488
"../../../Engine/Content/EngineMaterials/Substrate/Glints2/dict_0000_0181.uasset" 3489
"../../../Engine/Content/EngineMaterials/Substrate/Glints2/dict_0000_0181.uexp" 3490
"../../../Engine/Content/EngineMaterials/Substrate/Glints2/dict_0000_0180.uasset" 3491
"../../../Engine/Content/EngineMaterials/Substrate/Glints2/dict_0000_0180.uexp" 3492
"../../../Engine/Content/EngineMaterials/Substrate/Glints2/dict_0000_0069.uasset" 3493
"../../../Engine/Content/EngineMaterials/Substrate/Glints2/dict_0000_0069.uexp" 3494
"../../../Engine/Content/EngineMaterials/Substrate/Glints2/dict_0006_0186.uasset" 3495
"../../../Engine/Content/EngineMaterials/Substrate/Glints2/dict_0006_0186.uexp" 3496
"../../../Engine/Content/EngineMaterials/Substrate/Glints2/dict_0001_0019.uasset" 3497
"../../../Engine/Content/EngineMaterials/Substrate/Glints2/dict_0001_0019.uexp" 3498
"../../../Engine/Content/EngineMaterials/Substrate/Glints2/dict_0000_0063.uasset" 3499
"../../../Engine/Content/EngineMaterials/Substrate/Glints2/dict_0000_0063.uexp" 3500
"../../../Engine/Content/EngineMaterials/Substrate/Glints2/dict_0000_0037.uasset" 3501
"../../../Engine/Content/EngineMaterials/Substrate/Glints2/dict_0000_0037.uexp" 3502
"../../../Engine/Content/EngineMaterials/Substrate/Glints2/dict_0007_0221.uasset" 3503
"../../../Engine/Content/EngineMaterials/Substrate/Glints2/dict_0007_0221.uexp" 3504
"../../../Engine/Content/EngineMaterials/Substrate/Glints2/dict_0001_0029.uasset" 3505
"../../../Engine/Content/EngineMaterials/Substrate/Glints2/dict_0001_0029.uexp" 3506
"../../../Engine/Content/EngineMaterials/Substrate/Glints2/dict_0000_0184.uasset" 3507
"../../../Engine/Content/EngineMaterials/Substrate/Glints2/dict_0000_0184.uexp" 3508
"../../../Engine/Content/EngineMaterials/Substrate/Glints2/dict_0007_0125.uasset" 3509
"../../../Engine/Content/EngineMaterials/Substrate/Glints2/dict_0007_0125.uexp" 3510
"../../../Engine/Content/EngineMaterials/Substrate/Glints2/dict_0007_0190.uasset" 3511
"../../../Engine/Content/EngineMaterials/Substrate/Glints2/dict_0007_0190.uexp" 3512
"../../../Engine/Content/EngineMaterials/Substrate/Glints2/dict_0003_0042.uasset" 3513
"../../../Engine/Content/EngineMaterials/Substrate/Glints2/dict_0003_0042.uexp" 3514
"../../../Engine/Content/EngineMaterials/Substrate/Glints2/dict_0007_0138.uasset" 3515
"../../../Engine/Content/EngineMaterials/Substrate/Glints2/dict_0007_0138.uexp" 3516
"../../../Engine/Content/EngineMaterials/Substrate/Glints2/dict_0002_0166.uasset" 3517
"../../../Engine/Content/EngineMaterials/Substrate/Glints2/dict_0002_0166.uexp" 3518
"../../../Engine/Content/EngineMaterials/Substrate/Glints2/dict_0001_0114.uasset" 3519
"../../../Engine/Content/EngineMaterials/Substrate/Glints2/dict_0001_0114.uexp" 3520
"../../../Engine/Content/EngineMaterials/Substrate/Glints2/dict_0006_0236.uasset" 3521
"../../../Engine/Content/EngineMaterials/Substrate/Glints2/dict_0006_0236.uexp" 3522
"../../../Engine/Content/EngineMaterials/Substrate/Glints2/dict_0005_0155.uasset" 3523
"../../../Engine/Content/EngineMaterials/Substrate/Glints2/dict_0005_0155.uexp" 3524
"../../../Engine/Content/EngineMaterials/Substrate/Glints2/dict_0005_0037.uasset" 3525
"../../../Engine/Content/EngineMaterials/Substrate/Glints2/dict_0005_0037.uexp" 3526
"../../../Engine/Content/EngineMaterials/Substrate/Glints2/dict_0005_0008.uasset" 3527
"../../../Engine/Content/EngineMaterials/Substrate/Glints2/dict_0005_0008.uexp" 3528
"../../../Engine/Content/EngineMaterials/Substrate/Glints2/dict_0003_0025.uasset" 3529
"../../../Engine/Content/EngineMaterials/Substrate/Glints2/dict_0003_0025.uexp" 3530
"../../../Engine/Content/EngineMaterials/Substrate/Glints2/dict_0002_0254.uasset" 3531
"../../../Engine/Content/EngineMaterials/Substrate/Glints2/dict_0002_0254.uexp" 3532
"../../../Engine/Content/EngineMaterials/Substrate/Glints2/dict_0000_0236.uasset" 3533
"../../../Engine/Content/EngineMaterials/Substrate/Glints2/dict_0000_0236.uexp" 3534
"../../../Engine/Content/EngineMaterials/Substrate/Glints2/dict_0003_0068.uasset" 3535
"../../../Engine/Content/EngineMaterials/Substrate/Glints2/dict_0003_0068.uexp" 3536
"../../../Engine/Content/EngineMaterials/Substrate/Glints2/dict_0006_0030.uasset" 3537
"../../../Engine/Content/EngineMaterials/Substrate/Glints2/dict_0006_0030.uexp" 3538
"../../../Engine/Content/EngineMaterials/Substrate/Glints2/dict_0004_0254.uasset" 3539
"../../../Engine/Content/EngineMaterials/Substrate/Glints2/dict_0004_0254.uexp" 3540
"../../../Engine/Content/EngineMaterials/Substrate/Glints2/dict_0002_0230.uasset" 3541
"../../../Engine/Content/EngineMaterials/Substrate/Glints2/dict_0002_0230.uexp" 3542
"../../../Engine/Content/EngineMaterials/Substrate/Glints2/dict_0000_0087.uasset" 3543
"../../../Engine/Content/EngineMaterials/Substrate/Glints2/dict_0000_0087.uexp" 3544
"../../../Engine/Content/EngineMaterials/Substrate/Glints2/dict_0002_0060.uasset" 3545
"../../../Engine/Content/EngineMaterials/Substrate/Glints2/dict_0002_0060.uexp" 3546
"../../../Engine/Content/EngineMaterials/Substrate/Glints2/dict_0007_0183.uasset" 3547
"../../../Engine/Content/EngineMaterials/Substrate/Glints2/dict_0007_0183.uexp" 3548
"../../../Engine/Content/EngineMaterials/Substrate/Glints2/dict_0006_0199.uasset" 3549
"../../../Engine/Content/EngineMaterials/Substrate/Glints2/dict_0006_0199.uexp" 3550
"../../../Engine/Content/EngineMaterials/Substrate/Glints2/dict_0003_0225.uasset" 3551
"../../../Engine/Content/EngineMaterials/Substrate/Glints2/dict_0003_0225.uexp" 3552
"../../../Engine/Content/EngineMaterials/Substrate/Glints2/dict_0006_0036.uasset" 3553
"../../../Engine/Content/EngineMaterials/Substrate/Glints2/dict_0006_0036.uexp" 3554
"../../../Engine/Content/EngineMaterials/Substrate/Glints2/dict_0007_0149.uasset" 3555
"../../../Engine/Content/EngineMaterials/Substrate/Glints2/dict_0007_0149.uexp" 3556
"../../../Engine/Content/EngineMaterials/Substrate/Glints2/dict_0007_0098.uasset" 3557
"../../../Engine/Content/EngineMaterials/Substrate/Glints2/dict_0007_0098.uexp" 3558
"../../../Engine/Content/EngineMaterials/Substrate/Glints2/dict_0005_0053.uasset" 3559
"../../../Engine/Content/EngineMaterials/Substrate/Glints2/dict_0005_0053.uexp" 3560
"../../../Engine/Content/EngineMaterials/Substrate/Glints2/dict_0004_0249.uasset" 3561
"../../../Engine/Content/EngineMaterials/Substrate/Glints2/dict_0004_0249.uexp" 3562
"../../../Engine/Content/EngineMaterials/Substrate/Glints2/dict_0004_0006.uasset" 3563
"../../../Engine/Content/EngineMaterials/Substrate/Glints2/dict_0004_0006.uexp" 3564
"../../../Engine/Content/EngineMaterials/Substrate/Glints2/dict_0002_0251.uasset" 3565
"../../../Engine/Content/EngineMaterials/Substrate/Glints2/dict_0002_0251.uexp" 3566
"../../../Engine/Content/EngineMaterials/Substrate/Glints2/dict_0000_0090.uasset" 3567
"../../../Engine/Content/EngineMaterials/Substrate/Glints2/dict_0000_0090.uexp" 3568
"../../../Engine/Content/EngineMaterials/Substrate/Glints2/dict_0005_0121.uasset" 3569
"../../../Engine/Content/EngineMaterials/Substrate/Glints2/dict_0005_0121.uexp" 3570
"../../../Engine/Content/EngineMaterials/Substrate/Glints2/dict_0005_0088.uasset" 3571
"../../../Engine/Content/EngineMaterials/Substrate/Glints2/dict_0005_0088.uexp" 3572
"../../../Engine/Content/EngineMaterials/Substrate/Glints2/dict_0004_0116.uasset" 3573
"../../../Engine/Content/EngineMaterials/Substrate/Glints2/dict_0004_0116.uexp" 3574
"../../../Engine/Content/EngineMaterials/Substrate/Glints2/dict_0004_0044.uasset" 3575
"../../../Engine/Content/EngineMaterials/Substrate/Glints2/dict_0004_0044.uexp" 3576
"../../../Engine/Content/EngineMaterials/Substrate/Glints2/dict_0002_0152.uasset" 3577
"../../../Engine/Content/EngineMaterials/Substrate/Glints2/dict_0002_0152.uexp" 3578
"../../../Engine/Content/EngineMaterials/Substrate/Glints2/dict_0004_0156.uasset" 3579
"../../../Engine/Content/EngineMaterials/Substrate/Glints2/dict_0004_0156.uexp" 3580
"../../../Engine/Content/EngineMaterials/Substrate/Glints2/dict_0004_0152.uasset" 3581
"../../../Engine/Content/EngineMaterials/Substrate/Glints2/dict_0004_0152.uexp" 3582
"../../../Engine/Content/EngineMaterials/Substrate/Glints2/dict_0002_0153.uasset" 3583
"../../../Engine/Content/EngineMaterials/Substrate/Glints2/dict_0002_0153.uexp" 3584
"../../../Engine/Content/EngineMaterials/Substrate/Glints2/dict_0002_0003.uasset" 3585
"../../../Engine/Content/EngineMaterials/Substrate/Glints2/dict_0002_0003.uexp" 3586
"../../../Engine/Content/EngineMaterials/Substrate/Glints2/dict_0004_0130.uasset" 3587
"../../../Engine/Content/EngineMaterials/Substrate/Glints2/dict_0004_0130.uexp" 3588
"../../../Engine/Content/EngineMaterials/Substrate/Glints2/dict_0003_0027.uasset" 3589
"../../../Engine/Content/EngineMaterials/Substrate/Glints2/dict_0003_0027.uexp" 3590
"../../../Engine/Content/EngineMaterials/Substrate/Glints2/dict_0002_0025.uasset" 3591
"../../../Engine/Content/EngineMaterials/Substrate/Glints2/dict_0002_0025.uexp" 3592
"../../../Engine/Content/EngineMaterials/Substrate/Glints2/dict_0006_0218.uasset" 3593
"../../../Engine/Content/EngineMaterials/Substrate/Glints2/dict_0006_0218.uexp" 3594
"../../../Engine/Content/EngineMaterials/Substrate/Glints2/dict_0005_0163.uasset" 3595
"../../../Engine/Content/EngineMaterials/Substrate/Glints2/dict_0005_0163.uexp" 3596
"../../../Engine/Content/EngineMaterials/Substrate/Glints2/dict_0003_0251.uasset" 3597
"../../../Engine/Content/EngineMaterials/Substrate/Glints2/dict_0003_0251.uexp" 3598
"../../../Engine/Content/EngineMaterials/Substrate/Glints2/dict_0001_0064.uasset" 3599
"../../../Engine/Content/EngineMaterials/Substrate/Glints2/dict_0001_0064.uexp" 3600
"../../../Engine/Content/EngineMaterials/Substrate/Glints2/dict_0005_0136.uasset" 3601
"../../../Engine/Content/EngineMaterials/Substrate/Glints2/dict_0005_0136.uexp" 3602
"../../../Engine/Content/EngineMaterials/Substrate/Glints2/dict_0000_0102.uasset" 3603
"../../../Engine/Content/EngineMaterials/Substrate/Glints2/dict_0000_0102.uexp" 3604
"../../../Engine/Content/EngineMaterials/Substrate/Glints2/dict_0007_0141.uasset" 3605
"../../../Engine/Content/EngineMaterials/Substrate/Glints2/dict_0007_0141.uexp" 3606
"../../../Engine/Content/EngineMaterials/Substrate/Glints2/dict_0005_0217.uasset" 3607
"../../../Engine/Content/EngineMaterials/Substrate/Glints2/dict_0005_0217.uexp" 3608
"../../../Engine/Content/EngineMaterials/Substrate/Glints2/dict_0005_0071.uasset" 3609
"../../../Engine/Content/EngineMaterials/Substrate/Glints2/dict_0005_0071.uexp" 3610
"../../../Engine/Content/EngineMaterials/Substrate/Glints2/dict_0003_0043.uasset" 3611
"../../../Engine/Content/EngineMaterials/Substrate/Glints2/dict_0003_0043.uexp" 3612
"../../../Engine/Content/EngineMaterials/Substrate/Glints2/dict_0007_0025.uasset" 3613
"../../../Engine/Content/EngineMaterials/Substrate/Glints2/dict_0007_0025.uexp" 3614
"../../../Engine/Content/EngineMaterials/Substrate/Glints2/dict_0000_0212.uasset" 3615
"../../../Engine/Content/EngineMaterials/Substrate/Glints2/dict_0000_0212.uexp" 3616
"../../../Engine/Content/EngineMaterials/Substrate/Glints2/dict_0004_0140.uasset" 3617
"../../../Engine/Content/EngineMaterials/Substrate/Glints2/dict_0004_0140.uexp" 3618
"../../../Engine/Content/EngineMaterials/Substrate/Glints2/dict_0002_0168.uasset" 3619
"../../../Engine/Content/EngineMaterials/Substrate/Glints2/dict_0002_0168.uexp" 3620
"../../../Engine/Content/EngineMaterials/Substrate/Glints2/dict_0001_0084.uasset" 3621
"../../../Engine/Content/EngineMaterials/Substrate/Glints2/dict_0001_0084.uexp" 3622
"../../../Engine/Content/EngineMaterials/Substrate/Glints2/dict_0001_0031.uasset" 3623
"../../../Engine/Content/EngineMaterials/Substrate/Glints2/dict_0001_0031.uexp" 3624
"../../../Engine/Content/EngineMaterials/Substrate/Glints2/dict_0000_0122.uasset" 3625
"../../../Engine/Content/EngineMaterials/Substrate/Glints2/dict_0000_0122.uexp" 3626
"../../../Engine/Content/EngineMaterials/Substrate/Glints2/dict_0007_0152.uasset" 3627
"../../../Engine/Content/EngineMaterials/Substrate/Glints2/dict_0007_0152.uexp" 3628
"../../../Engine/Content/EngineMaterials/Substrate/Glints2/dict_0006_0191.uasset" 3629
"../../../Engine/Content/EngineMaterials/Substrate/Glints2/dict_0006_0191.uexp" 3630
"../../../Engine/Content/EngineMaterials/Substrate/Glints2/dict_0007_0072.uasset" 3631
"../../../Engine/Content/EngineMaterials/Substrate/Glints2/dict_0007_0072.uexp" 3632
"../../../Engine/Content/EngineMaterials/Substrate/Glints2/dict_0003_0036.uasset" 3633
"../../../Engine/Content/EngineMaterials/Substrate/Glints2/dict_0003_0036.uexp" 3634
"../../../Engine/Content/EngineMaterials/Substrate/Glints2/dict_0002_0246.uasset" 3635
"../../../Engine/Content/EngineMaterials/Substrate/Glints2/dict_0002_0246.uexp" 3636
"../../../Engine/Content/EngineMaterials/Substrate/Glints2/dict_0003_0130.uasset" 3637
"../../../Engine/Content/EngineMaterials/Substrate/Glints2/dict_0003_0130.uexp" 3638
"../../../Engine/Content/EngineMaterials/Substrate/Glints2/dict_0001_0030.uasset" 3639
"../../../Engine/Content/EngineMaterials/Substrate/Glints2/dict_0001_0030.uexp" 3640
"../../../Engine/Content/EngineMaterials/Substrate/Glints2/dict_0005_0240.uasset" 3641
"../../../Engine/Content/EngineMaterials/Substrate/Glints2/dict_0005_0240.uexp" 3642
"../../../Engine/Content/EngineMaterials/Substrate/Glints2/dict_0005_0223.uasset" 3643
"../../../Engine/Content/EngineMaterials/Substrate/Glints2/dict_0005_0223.uexp" 3644
"../../../Engine/Content/EngineMaterials/Substrate/Glints2/dict_0007_0114.uasset" 3645
"../../../Engine/Content/EngineMaterials/Substrate/Glints2/dict_0007_0114.uexp" 3646
"../../../Engine/Content/EngineMaterials/Substrate/Glints2/dict_0007_0105.uasset" 3647
"../../../Engine/Content/EngineMaterials/Substrate/Glints2/dict_0007_0105.uexp" 3648
"../../../Engine/Content/EngineMaterials/Substrate/Glints2/dict_0007_0104.uasset" 3649
"../../../Engine/Content/EngineMaterials/Substrate/Glints2/dict_0007_0104.uexp" 3650
"../../../Engine/Content/EngineMaterials/Substrate/Glints2/dict_0002_0242.uasset" 3651
"../../../Engine/Content/EngineMaterials/Substrate/Glints2/dict_0002_0242.uexp" 3652
"../../../Engine/Content/EngineMaterials/Substrate/Glints2/dict_0007_0205.uasset" 3653
"../../../Engine/Content/EngineMaterials/Substrate/Glints2/dict_0007_0205.uexp" 3654
"../../../Engine/Content/EngineMaterials/Substrate/Glints2/dict_0006_0239.uasset" 3655
"../../../Engine/Content/EngineMaterials/Substrate/Glints2/dict_0006_0239.uexp" 3656
"../../../Engine/Content/EngineMaterials/Substrate/Glints2/dict_0002_0223.uasset" 3657
"../../../Engine/Content/EngineMaterials/Substrate/Glints2/dict_0002_0223.uexp" 3658
"../../../Engine/Content/EngineMaterials/Substrate/Glints2/dict_0004_0078.uasset" 3659
"../../../Engine/Content/EngineMaterials/Substrate/Glints2/dict_0004_0078.uexp" 3660
"../../../Engine/Content/EngineMaterials/Substrate/Glints2/dict_0000_0253.uasset" 3661
"../../../Engine/Content/EngineMaterials/Substrate/Glints2/dict_0000_0253.uexp" 3662
"../../../Engine/Content/EngineMaterials/Substrate/Glints2/dict_0003_0046.uasset" 3663
"../../../Engine/Content/EngineMaterials/Substrate/Glints2/dict_0003_0046.uexp" 3664
"../../../Engine/Content/EngineMaterials/Substrate/Glints2/dict_0002_0123.uasset" 3665
"../../../Engine/Content/EngineMaterials/Substrate/Glints2/dict_0002_0123.uexp" 3666
"../../../Engine/Content/EngineMaterials/Substrate/Glints2/dict_0006_0029.uasset" 3667
"../../../Engine/Content/EngineMaterials/Substrate/Glints2/dict_0006_0029.uexp" 3668
"../../../Engine/Content/EngineMaterials/Substrate/Glints2/dict_0005_0049.uasset" 3669
"../../../Engine/Content/EngineMaterials/Substrate/Glints2/dict_0005_0049.uexp" 3670
"../../../Engine/Content/EngineMaterials/Substrate/Glints2/dict_0002_0189.uasset" 3671
"../../../Engine/Content/EngineMaterials/Substrate/Glints2/dict_0002_0189.uexp" 3672
"../../../Engine/Content/EngineMaterials/Substrate/Glints2/dict_0007_0042.uasset" 3673
"../../../Engine/Content/EngineMaterials/Substrate/Glints2/dict_0007_0042.uexp" 3674
"../../../Engine/Content/EngineMaterials/Substrate/Glints2/dict_0005_0244.uasset" 3675
"../../../Engine/Content/EngineMaterials/Substrate/Glints2/dict_0005_0244.uexp" 3676
"../../../Engine/Content/EngineMaterials/Substrate/Glints2/dict_0005_0189.uasset" 3677
"../../../Engine/Content/EngineMaterials/Substrate/Glints2/dict_0005_0189.uexp" 3678
"../../../Engine/Content/EngineMaterials/Substrate/Glints2/dict_0006_0112.uasset" 3679
"../../../Engine/Content/EngineMaterials/Substrate/Glints2/dict_0006_0112.uexp" 3680
"../../../Engine/Content/EngineMaterials/Substrate/Glints2/dict_0000_0100.uasset" 3681
"../../../Engine/Content/EngineMaterials/Substrate/Glints2/dict_0000_0100.uexp" 3682
"../../../Engine/Content/EngineMaterials/Substrate/Glints2/dict_0007_0076.uasset" 3683
"../../../Engine/Content/EngineMaterials/Substrate/Glints2/dict_0007_0076.uexp" 3684
"../../../Engine/Content/EngineMaterials/Substrate/Glints2/dict_0005_0170.uasset" 3685
"../../../Engine/Content/EngineMaterials/Substrate/Glints2/dict_0005_0170.uexp" 3686
"../../../Engine/Content/EngineMaterials/Substrate/Glints2/dict_0005_0042.uasset" 3687
"../../../Engine/Content/EngineMaterials/Substrate/Glints2/dict_0005_0042.uexp" 3688
"../../../Engine/Content/EngineMaterials/Substrate/Glints2/dict_0002_0036.uasset" 3689
"../../../Engine/Content/EngineMaterials/Substrate/Glints2/dict_0002_0036.uexp" 3690
"../../../Engine/Content/EngineMaterials/Substrate/Glints2/dict_0000_0062.uasset" 3691
"../../../Engine/Content/EngineMaterials/Substrate/Glints2/dict_0000_0062.uexp" 3692
"../../../Engine/Content/EngineMaterials/Substrate/Glints2/dict_0002_0020.uasset" 3693
"../../../Engine/Content/EngineMaterials/Substrate/Glints2/dict_0002_0020.uexp" 3694
"../../../Engine/Content/EngineMaterials/Substrate/Glints2/dict_0006_0163.uasset" 3695
"../../../Engine/Content/EngineMaterials/Substrate/Glints2/dict_0006_0163.uexp" 3696
"../../../Engine/Content/EngineMaterials/Substrate/Glints2/dict_0005_0195.uasset" 3697
"../../../Engine/Content/EngineMaterials/Substrate/Glints2/dict_0005_0195.uexp" 3698
"../../../Engine/Content/EngineMaterials/Substrate/Glints2/dict_0005_0068.uasset" 3699
"../../../Engine/Content/EngineMaterials/Substrate/Glints2/dict_0005_0068.uexp" 3700
"../../../Engine/Content/EngineMaterials/Substrate/Glints2/dict_0007_0246.uasset" 3701
"../../../Engine/Content/EngineMaterials/Substrate/Glints2/dict_0007_0246.uexp" 3702
"../../../Engine/Content/EngineMaterials/Substrate/Glints2/dict_0004_0191.uasset" 3703
"../../../Engine/Content/EngineMaterials/Substrate/Glints2/dict_0004_0191.uexp" 3704
"../../../Engine/Content/EngineMaterials/Substrate/Glints2/dict_0004_0034.uasset" 3705
"../../../Engine/Content/EngineMaterials/Substrate/Glints2/dict_0004_0034.uexp" 3706
"../../../Engine/Content/EngineMaterials/Substrate/Glints2/dict_0003_0158.uasset" 3707
"../../../Engine/Content/EngineMaterials/Substrate/Glints2/dict_0003_0158.uexp" 3708
"../../../Engine/Content/EngineMaterials/Substrate/Glints2/dict_0001_0159.uasset" 3709
"../../../Engine/Content/EngineMaterials/Substrate/Glints2/dict_0001_0159.uexp" 3710
"../../../Engine/Content/EngineMaterials/Substrate/Glints2/dict_0004_0046.uasset" 3711
"../../../Engine/Content/EngineMaterials/Substrate/Glints2/dict_0004_0046.uexp" 3712
"../../../Engine/Content/EngineMaterials/Substrate/Glints2/dict_0003_0136.uasset" 3713
"../../../Engine/Content/EngineMaterials/Substrate/Glints2/dict_0003_0136.uexp" 3714
"../../../Engine/Content/EngineMaterials/Substrate/Glints2/dict_0003_0044.uasset" 3715
"../../../Engine/Content/EngineMaterials/Substrate/Glints2/dict_0003_0044.uexp" 3716
"../../../Engine/Content/EngineMaterials/Substrate/Glints2/dict_0000_0228.uasset" 3717
"../../../Engine/Content/EngineMaterials/Substrate/Glints2/dict_0000_0228.uexp" 3718
"../../../Engine/Content/EngineMaterials/Substrate/Glints2/dict_0007_0245.uasset" 3719
"../../../Engine/Content/EngineMaterials/Substrate/Glints2/dict_0007_0245.uexp" 3720
"../../../Engine/Content/EngineMaterials/Substrate/Glints2/dict_0005_0177.uasset" 3721
"../../../Engine/Content/EngineMaterials/Substrate/Glints2/dict_0005_0177.uexp" 3722
"../../../Engine/Content/EngineMaterials/Substrate/Glints2/dict_0004_0213.uasset" 3723
"../../../Engine/Content/EngineMaterials/Substrate/Glints2/dict_0004_0213.uexp" 3724
"../../../Engine/Content/EngineMaterials/Substrate/Glints2/dict_0004_0057.uasset" 3725
"../../../Engine/Content/EngineMaterials/Substrate/Glints2/dict_0004_0057.uexp" 3726
"../../../Engine/Content/EngineMaterials/Substrate/Glints2/dict_0002_0087.uasset" 3727
"../../../Engine/Content/EngineMaterials/Substrate/Glints2/dict_0002_0087.uexp" 3728
"../../../Engine/Content/EngineMaterials/Substrate/Glints2/dict_0006_0240.uasset" 3729
"../../../Engine/Content/EngineMaterials/Substrate/Glints2/dict_0006_0240.uexp" 3730
"../../../Engine/Content/EngineMaterials/Substrate/Glints2/dict_0002_0054.uasset" 3731
"../../../Engine/Content/EngineMaterials/Substrate/Glints2/dict_0002_0054.uexp" 3732
"../../../Engine/Content/EngineMaterials/Substrate/Glints2/dict_0000_0034.uasset" 3733
"../../../Engine/Content/EngineMaterials/Substrate/Glints2/dict_0000_0034.uexp" 3734
"../../../Engine/Content/EngineMaterials/Substrate/Glints2/dict_0007_0182.uasset" 3735
"../../../Engine/Content/EngineMaterials/Substrate/Glints2/dict_0007_0182.uexp" 3736
"../../../Engine/Content/EngineMaterials/Substrate/Glints2/dict_0003_0117.uasset" 3737
"../../../Engine/Content/EngineMaterials/Substrate/Glints2/dict_0003_0117.uexp" 3738
"../../../Engine/Content/EngineMaterials/Substrate/Glints2/dict_0006_0245.uasset" 3739
"../../../Engine/Content/EngineMaterials/Substrate/Glints2/dict_0006_0245.uexp" 3740
"../../../Engine/Content/EngineMaterials/Substrate/Glints2/dict_0003_0253.uasset" 3741
"../../../Engine/Content/EngineMaterials/Substrate/Glints2/dict_0003_0253.uexp" 3742
"../../../Engine/Content/EngineMaterials/Substrate/Glints2/dict_0002_0247.uasset" 3743
"../../../Engine/Content/EngineMaterials/Substrate/Glints2/dict_0002_0247.uexp" 3744
"../../../Engine/Content/EngineMaterials/Substrate/Glints2/dict_0001_0040.uasset" 3745
"../../../Engine/Content/EngineMaterials/Substrate/Glints2/dict_0001_0040.uexp" 3746
"../../../Engine/Content/EngineMaterials/Substrate/Glints2/dict_0005_0018.uasset" 3747
"../../../Engine/Content/EngineMaterials/Substrate/Glints2/dict_0005_0018.uexp" 3748
"../../../Engine/Content/EngineMaterials/Substrate/Glints2/dict_0001_0018.uasset" 3749
"../../../Engine/Content/EngineMaterials/Substrate/Glints2/dict_0001_0018.uexp" 3750
"../../../Engine/Content/EngineMaterials/Substrate/Glints2/dict_0005_0152.uasset" 3751
"../../../Engine/Content/EngineMaterials/Substrate/Glints2/dict_0005_0152.uexp" 3752
"../../../Engine/Content/EngineMaterials/Substrate/Glints2/dict_0004_0073.uasset" 3753
"../../../Engine/Content/EngineMaterials/Substrate/Glints2/dict_0004_0073.uexp" 3754
"../../../Engine/Content/EngineMaterials/Substrate/Glints2/dict_0004_0043.uasset" 3755
"../../../Engine/Content/EngineMaterials/Substrate/Glints2/dict_0004_0043.uexp" 3756
"../../../Engine/Content/EngineMaterials/Substrate/Glints2/dict_0000_0217.uasset" 3757
"../../../Engine/Content/EngineMaterials/Substrate/Glints2/dict_0000_0217.uexp" 3758
"../../../Engine/Content/EngineMaterials/Substrate/Glints2/dict_0006_0155.uasset" 3759
"../../../Engine/Content/EngineMaterials/Substrate/Glints2/dict_0006_0155.uexp" 3760
"../../../Engine/Content/EngineMaterials/Substrate/Glints2/dict_0002_0047.uasset" 3761
"../../../Engine/Content/EngineMaterials/Substrate/Glints2/dict_0002_0047.uexp" 3762
"../../../Engine/Content/EngineMaterials/Substrate/Glints2/dict_0005_0146.uasset" 3763
"../../../Engine/Content/EngineMaterials/Substrate/Glints2/dict_0005_0146.uexp" 3764
"../../../Engine/Content/EngineMaterials/Substrate/Glints2/dict_0007_0181.uasset" 3765
"../../../Engine/Content/EngineMaterials/Substrate/Glints2/dict_0007_0181.uexp" 3766
"../../../Engine/Content/EngineMaterials/Substrate/Glints2/dict_0005_0239.uasset" 3767
"../../../Engine/Content/EngineMaterials/Substrate/Glints2/dict_0005_0239.uexp" 3768
"../../../Engine/Content/EngineMaterials/Substrate/Glints2/dict_0002_0229.uasset" 3769
"../../../Engine/Content/EngineMaterials/Substrate/Glints2/dict_0002_0229.uexp" 3770
"../../../Engine/Content/EngineMaterials/Substrate/Glints2/dict_0001_0021.uasset" 3771
"../../../Engine/Content/EngineMaterials/Substrate/Glints2/dict_0001_0021.uexp" 3772
"../../../Engine/Content/EngineMaterials/Substrate/Glints2/dict_0000_0190.uasset" 3773
"../../../Engine/Content/EngineMaterials/Substrate/Glints2/dict_0000_0190.uexp" 3774
"../../../Engine/Content/EngineMaterials/Substrate/Glints2/dict_0006_0065.uasset" 3775
"../../../Engine/Content/EngineMaterials/Substrate/Glints2/dict_0006_0065.uexp" 3776
"../../../Engine/Content/EngineMaterials/Substrate/Glints2/dict_0004_0145.uasset" 3777
"../../../Engine/Content/EngineMaterials/Substrate/Glints2/dict_0004_0145.uexp" 3778
"../../../Engine/Content/EngineMaterials/Substrate/Glints2/dict_0002_0215.uasset" 3779
"../../../Engine/Content/EngineMaterials/Substrate/Glints2/dict_0002_0215.uexp" 3780
"../../../Engine/Content/EngineMaterials/Substrate/Glints2/dict_0001_0116.uasset" 3781
"../../../Engine/Content/EngineMaterials/Substrate/Glints2/dict_0001_0116.uexp" 3782
"../../../Engine/Content/EngineMaterials/Substrate/Glints2/dict_0005_0065.uasset" 3783
"../../../Engine/Content/EngineMaterials/Substrate/Glints2/dict_0005_0065.uexp" 3784
"../../../Engine/Content/EngineMaterials/Substrate/Glints2/dict_0001_0082.uasset" 3785
"../../../Engine/Content/EngineMaterials/Substrate/Glints2/dict_0001_0082.uexp" 3786
"../../../Engine/Content/EngineMaterials/Substrate/Glints2/dict_0000_0133.uasset" 3787
"../../../Engine/Content/EngineMaterials/Substrate/Glints2/dict_0000_0133.uexp" 3788
"../../../Engine/Content/EngineMaterials/Substrate/Glints2/dict_0003_0134.uasset" 3789
"../../../Engine/Content/EngineMaterials/Substrate/Glints2/dict_0003_0134.uexp" 3790
"../../../Engine/Content/EngineMaterials/Substrate/Glints2/dict_0007_0220.uasset" 3791
"../../../Engine/Content/EngineMaterials/Substrate/Glints2/dict_0007_0220.uexp" 3792
"../../../Engine/Content/EngineMaterials/Substrate/Glints2/dict_0007_0084.uasset" 3793
"../../../Engine/Content/EngineMaterials/Substrate/Glints2/dict_0007_0084.uexp" 3794
"../../../Engine/Content/EngineMaterials/Substrate/Glints2/dict_0004_0212.uasset" 3795
"../../../Engine/Content/EngineMaterials/Substrate/Glints2/dict_0004_0212.uexp" 3796
"../../../Engine/Content/EngineMaterials/Substrate/Glints2/dict_0003_0071.uasset" 3797
"../../../Engine/Content/EngineMaterials/Substrate/Glints2/dict_0003_0071.uexp" 3798
"../../../Engine/Content/EngineMaterials/Substrate/Glints2/dict_0003_0215.uasset" 3799
"../../../Engine/Content/EngineMaterials/Substrate/Glints2/dict_0003_0215.uexp" 3800
"../../../Engine/Content/EngineMaterials/Substrate/Glints2/dict_0005_0206.uasset" 3801
"../../../Engine/Content/EngineMaterials/Substrate/Glints2/dict_0005_0206.uexp" 3802
"../../../Engine/Content/EngineMaterials/Substrate/Glints2/dict_0005_0128.uasset" 3803
"../../../Engine/Content/EngineMaterials/Substrate/Glints2/dict_0005_0128.uexp" 3804
"../../../Engine/Content/EngineMaterials/Substrate/Glints2/dict_0002_0127.uasset" 3805
"../../../Engine/Content/EngineMaterials/Substrate/Glints2/dict_0002_0127.uexp" 3806
"../../../Engine/Content/EngineMaterials/Substrate/Glints2/dict_0004_0117.uasset" 3807
"../../../Engine/Content/EngineMaterials/Substrate/Glints2/dict_0004_0117.uexp" 3808
"../../../Engine/Content/EngineMaterials/Substrate/Glints2/dict_0002_0073.uasset" 3809
"../../../Engine/Content/EngineMaterials/Substrate/Glints2/dict_0002_0073.uexp" 3810
"../../../Engine/Content/EngineMaterials/Substrate/Glints2/dict_0007_0021.uasset" 3811
"../../../Engine/Content/EngineMaterials/Substrate/Glints2/dict_0007_0021.uexp" 3812
"../../../Engine/Content/EngineMaterials/Substrate/Glints2/dict_0003_0102.uasset" 3813
"../../../Engine/Content/EngineMaterials/Substrate/Glints2/dict_0003_0102.uexp" 3814
"../../../Engine/Content/EngineMaterials/Substrate/Glints2/dict_0001_0058.uasset" 3815
"../../../Engine/Content/EngineMaterials/Substrate/Glints2/dict_0001_0058.uexp" 3816
"../../../Engine/Content/EngineMaterials/Substrate/Glints2/dict_0006_0241.uasset" 3817
"../../../Engine/Content/EngineMaterials/Substrate/Glints2/dict_0006_0241.uexp" 3818
"../../../Engine/Content/EngineMaterials/Substrate/Glints2/dict_0006_0106.uasset" 3819
"../../../Engine/Content/EngineMaterials/Substrate/Glints2/dict_0006_0106.uexp" 3820
"../../../Engine/Content/EngineMaterials/Substrate/Glints2/dict_0004_0063.uasset" 3821
"../../../Engine/Content/EngineMaterials/Substrate/Glints2/dict_0004_0063.uexp" 3822
"../../../Engine/Content/EngineMaterials/Substrate/Glints2/dict_0004_0105.uasset" 3823
"../../../Engine/Content/EngineMaterials/Substrate/Glints2/dict_0004_0105.uexp" 3824
"../../../Engine/Content/EngineMaterials/Substrate/Glints2/dict_0006_0248.uasset" 3825
"../../../Engine/Content/EngineMaterials/Substrate/Glints2/dict_0006_0248.uexp" 3826
"../../../Engine/Content/EngineMaterials/Substrate/Glints2/dict_0007_0003.uasset" 3827
"../../../Engine/Content/EngineMaterials/Substrate/Glints2/dict_0007_0003.uexp" 3828
"../../../Engine/Content/EngineMaterials/Substrate/Glints2/dict_0005_0009.uasset" 3829
"../../../Engine/Content/EngineMaterials/Substrate/Glints2/dict_0005_0009.uexp" 3830
"../../../Engine/Content/EngineMaterials/Substrate/Glints2/dict_0001_0025.uasset" 3831
"../../../Engine/Content/EngineMaterials/Substrate/Glints2/dict_0001_0025.uexp" 3832
"../../../Engine/Content/EngineMaterials/Substrate/Glints2/dict_0005_0198.uasset" 3833
"../../../Engine/Content/EngineMaterials/Substrate/Glints2/dict_0005_0198.uexp" 3834
"../../../Engine/Content/EngineMaterials/Substrate/Glints2/dict_0001_0237.uasset" 3835
"../../../Engine/Content/EngineMaterials/Substrate/Glints2/dict_0001_0237.uexp" 3836
"../../../Engine/Content/EngineMaterials/Substrate/Glints2/dict_0007_0241.uasset" 3837
"../../../Engine/Content/EngineMaterials/Substrate/Glints2/dict_0007_0241.uexp" 3838
"../../../Engine/Content/EngineMaterials/Substrate/Glints2/dict_0007_0047.uasset" 3839
"../../../Engine/Content/EngineMaterials/Substrate/Glints2/dict_0007_0047.uexp" 3840
"../../../Engine/Content/EngineMaterials/Substrate/Glints2/dict_0002_0034.uasset" 3841
"../../../Engine/Content/EngineMaterials/Substrate/Glints2/dict_0002_0034.uexp" 3842
"../../../Engine/Content/EngineMaterials/Substrate/Glints2/dict_0001_0245.uasset" 3843
"../../../Engine/Content/EngineMaterials/Substrate/Glints2/dict_0001_0245.uexp" 3844
"../../../Engine/Content/EngineMaterials/Substrate/Glints2/dict_0007_0196.uasset" 3845
"../../../Engine/Content/EngineMaterials/Substrate/Glints2/dict_0007_0196.uexp" 3846
"../../../Engine/Content/EngineMaterials/Substrate/Glints2/dict_0007_0229.uasset" 3847
"../../../Engine/Content/EngineMaterials/Substrate/Glints2/dict_0007_0229.uexp" 3848
"../../../Engine/Content/EngineMaterials/Substrate/Glints2/dict_0007_0071.uasset" 3849
"../../../Engine/Content/EngineMaterials/Substrate/Glints2/dict_0007_0071.uexp" 3850
"../../../Engine/Content/EngineMaterials/Substrate/Glints2/dict_0006_0149.uasset" 3851
"../../../Engine/Content/EngineMaterials/Substrate/Glints2/dict_0006_0149.uexp" 3852
"../../../Engine/Content/EngineMaterials/Substrate/Glints2/dict_0006_0207.uasset" 3853
"../../../Engine/Content/EngineMaterials/Substrate/Glints2/dict_0006_0207.uexp" 3854
"../../../Engine/Content/EngineMaterials/Substrate/Glints2/dict_0002_0095.uasset" 3855
"../../../Engine/Content/EngineMaterials/Substrate/Glints2/dict_0002_0095.uexp" 3856
"../../../Engine/Content/EngineMaterials/Substrate/Glints2/dict_0000_0036.uasset" 3857
"../../../Engine/Content/EngineMaterials/Substrate/Glints2/dict_0000_0036.uexp" 3858
"../../../Engine/Content/EngineMaterials/Substrate/Glints2/dict_0000_0020.uasset" 3859
"../../../Engine/Content/EngineMaterials/Substrate/Glints2/dict_0000_0020.uexp" 3860
"../../../Engine/Content/EngineMaterials/Substrate/Glints2/dict_0003_0178.uasset" 3861
"../../../Engine/Content/EngineMaterials/Substrate/Glints2/dict_0003_0178.uexp" 3862
"../../../Engine/Content/EngineMaterials/Substrate/Glints2/dict_0003_0077.uasset" 3863
"../../../Engine/Content/EngineMaterials/Substrate/Glints2/dict_0003_0077.uexp" 3864
"../../../Engine/Content/EngineMaterials/Substrate/Glints2/dict_0002_0232.uasset" 3865
"../../../Engine/Content/EngineMaterials/Substrate/Glints2/dict_0002_0232.uexp" 3866
"../../../Engine/Content/EngineMaterials/Substrate/Glints2/dict_0002_0183.uasset" 3867
"../../../Engine/Content/EngineMaterials/Substrate/Glints2/dict_0002_0183.uexp" 3868
"../../../Engine/Content/EngineMaterials/Substrate/Glints2/dict_0000_0082.uasset" 3869
"../../../Engine/Content/EngineMaterials/Substrate/Glints2/dict_0000_0082.uexp" 3870
"../../../Engine/Content/EngineMaterials/Substrate/Glints2/dict_0007_0001.uasset" 3871
"../../../Engine/Content/EngineMaterials/Substrate/Glints2/dict_0007_0001.uexp" 3872
"../../../Engine/Content/EngineMaterials/Substrate/Glints2/dict_0006_0095.uasset" 3873
"../../../Engine/Content/EngineMaterials/Substrate/Glints2/dict_0006_0095.uexp" 3874
"../../../Engine/Content/EngineMaterials/Substrate/Glints2/dict_0003_0137.uasset" 3875
"../../../Engine/Content/EngineMaterials/Substrate/Glints2/dict_0003_0137.uexp" 3876
"../../../Engine/Content/EngineMaterials/Substrate/Glints2/dict_0000_0129.uasset" 3877
"../../../Engine/Content/EngineMaterials/Substrate/Glints2/dict_0000_0129.uexp" 3878
"../../../Engine/Content/EngineMaterials/Substrate/Glints2/dict_0007_0215.uasset" 3879
"../../../Engine/Content/EngineMaterials/Substrate/Glints2/dict_0007_0215.uexp" 3880
"../../../Engine/Content/EngineMaterials/Substrate/Glints2/dict_0002_0137.uasset" 3881
"../../../Engine/Content/EngineMaterials/Substrate/Glints2/dict_0002_0137.uexp" 3882
"../../../Engine/Content/EngineMaterials/Substrate/Glints2/dict_0007_0094.uasset" 3883
"../../../Engine/Content/EngineMaterials/Substrate/Glints2/dict_0007_0094.uexp" 3884
"../../../Engine/Content/EngineMaterials/Substrate/Glints2/dict_0005_0123.uasset" 3885
"../../../Engine/Content/EngineMaterials/Substrate/Glints2/dict_0005_0123.uexp" 3886
"../../../Engine/Content/EngineMaterials/Substrate/Glints2/dict_0004_0040.uasset" 3887
"../../../Engine/Content/EngineMaterials/Substrate/Glints2/dict_0004_0040.uexp" 3888
"../../../Engine/Content/EngineMaterials/Substrate/Glints2/dict_0003_0073.uasset" 3889
"../../../Engine/Content/EngineMaterials/Substrate/Glints2/dict_0003_0073.uexp" 3890
"../../../Engine/Content/EngineMaterials/Substrate/Glints2/dict_0002_0236.uasset" 3891
"../../../Engine/Content/EngineMaterials/Substrate/Glints2/dict_0002_0236.uexp" 3892
"../../../Engine/Content/EngineMaterials/Substrate/Glints2/dict_0006_0173.uasset" 3893
"../../../Engine/Content/EngineMaterials/Substrate/Glints2/dict_0006_0173.uexp" 3894
"../../../Engine/Content/EngineMaterials/Substrate/Glints2/dict_0002_0096.uasset" 3895
"../../../Engine/Content/EngineMaterials/Substrate/Glints2/dict_0002_0096.uexp" 3896
"../../../Engine/Content/EngineMaterials/Substrate/Glints2/dict_0003_0210.uasset" 3897
"../../../Engine/Content/EngineMaterials/Substrate/Glints2/dict_0003_0210.uexp" 3898
"../../../Engine/Content/EngineMaterials/Substrate/Glints2/dict_0007_0048.uasset" 3899
"../../../Engine/Content/EngineMaterials/Substrate/Glints2/dict_0007_0048.uexp" 3900
"../../../Engine/Content/EngineMaterials/Substrate/Glints2/dict_0006_0057.uasset" 3901
"../../../Engine/Content/EngineMaterials/Substrate/Glints2/dict_0006_0057.uexp" 3902
"../../../Engine/Content/EngineMaterials/Substrate/Glints2/dict_0001_0173.uasset" 3903
"../../../Engine/Content/EngineMaterials/Substrate/Glints2/dict_0001_0173.uexp" 3904
"../../../Engine/Content/EngineMaterials/Substrate/Glints2/dict_0001_0165.uasset" 3905
"../../../Engine/Content/EngineMaterials/Substrate/Glints2/dict_0001_0165.uexp" 3906
"../../../Engine/Content/EngineMaterials/Substrate/Glints2/dict_0000_0080.uasset" 3907
"../../../Engine/Content/EngineMaterials/Substrate/Glints2/dict_0000_0080.uexp" 3908
"../../../Engine/Content/EngineMaterials/Substrate/Glints2/dict_0007_0153.uasset" 3909
"../../../Engine/Content/EngineMaterials/Substrate/Glints2/dict_0007_0153.uexp" 3910
"../../../Engine/Content/EngineMaterials/Substrate/Glints2/dict_0001_0248.uasset" 3911
"../../../Engine/Content/EngineMaterials/Substrate/Glints2/dict_0001_0248.uexp" 3912
"../../../Engine/Content/EngineMaterials/Substrate/Glints2/dict_0007_0130.uasset" 3913
"../../../Engine/Content/EngineMaterials/Substrate/Glints2/dict_0007_0130.uexp" 3914
"../../../Engine/Content/EngineMaterials/Substrate/Glints2/dict_0006_0014.uasset" 3915
"../../../Engine/Content/EngineMaterials/Substrate/Glints2/dict_0006_0014.uexp" 3916
"../../../Engine/Content/EngineMaterials/Substrate/Glints2/dict_0001_0062.uasset" 3917
"../../../Engine/Content/EngineMaterials/Substrate/Glints2/dict_0001_0062.uexp" 3918
"../../../Engine/Content/EngineMaterials/Substrate/Glints2/dict_0002_0097.uasset" 3919
"../../../Engine/Content/EngineMaterials/Substrate/Glints2/dict_0002_0097.uexp" 3920
"../../../Engine/Content/EngineMaterials/Substrate/Glints2/dict_0006_0216.uasset" 3921
"../../../Engine/Content/EngineMaterials/Substrate/Glints2/dict_0006_0216.uexp" 3922
"../../../Engine/Content/EngineMaterials/Substrate/Glints2/dict_0007_0063.uasset" 3923
"../../../Engine/Content/EngineMaterials/Substrate/Glints2/dict_0007_0063.uexp" 3924
"../../../Engine/Content/EngineMaterials/Substrate/Glints2/dict_0005_0148.uasset" 3925
"../../../Engine/Content/EngineMaterials/Substrate/Glints2/dict_0005_0148.uexp" 3926
"../../../Engine/Content/EngineMaterials/Substrate/Glints2/dict_0001_0038.uasset" 3927
"../../../Engine/Content/EngineMaterials/Substrate/Glints2/dict_0001_0038.uexp" 3928
"../../../Engine/Content/EngineMaterials/Substrate/Glints2/dict_0003_0247.uasset" 3929
"../../../Engine/Content/EngineMaterials/Substrate/Glints2/dict_0003_0247.uexp" 3930
"../../../Engine/Content/EngineMaterials/Substrate/Glints2/dict_0002_0237.uasset" 3931
"../../../Engine/Content/EngineMaterials/Substrate/Glints2/dict_0002_0237.uexp" 3932
"../../../Engine/Content/EngineMaterials/Substrate/Glints2/dict_0007_0151.uasset" 3933
"../../../Engine/Content/EngineMaterials/Substrate/Glints2/dict_0007_0151.uexp" 3934
"../../../Engine/Content/EngineMaterials/Substrate/Glints2/dict_0005_0125.uasset" 3935
"../../../Engine/Content/EngineMaterials/Substrate/Glints2/dict_0005_0125.uexp" 3936
"../../../Engine/Content/EngineMaterials/Substrate/Glints2/dict_0004_0150.uasset" 3937
"../../../Engine/Content/EngineMaterials/Substrate/Glints2/dict_0004_0150.uexp" 3938
"../../../Engine/Content/EngineMaterials/Substrate/Glints2/dict_0000_0077.uasset" 3939
"../../../Engine/Content/EngineMaterials/Substrate/Glints2/dict_0000_0077.uexp" 3940
"../../../Engine/Content/EngineMaterials/Substrate/Glints2/dict_0007_0157.uasset" 3941
"../../../Engine/Content/EngineMaterials/Substrate/Glints2/dict_0007_0157.uexp" 3942
"../../../Engine/Content/EngineMaterials/Substrate/Glints2/dict_0007_0137.uasset" 3943
"../../../Engine/Content/EngineMaterials/Substrate/Glints2/dict_0007_0137.uexp" 3944
"../../../Engine/Content/EngineMaterials/Substrate/Glints2/dict_0005_0200.uasset" 3945
"../../../Engine/Content/EngineMaterials/Substrate/Glints2/dict_0005_0200.uexp" 3946
"../../../Engine/Content/EngineMaterials/Substrate/Glints2/dict_0003_0151.uasset" 3947
"../../../Engine/Content/EngineMaterials/Substrate/Glints2/dict_0003_0151.uexp" 3948
"../../../Engine/Content/EngineMaterials/Substrate/Glints2/dict_0003_0059.uasset" 3949
"../../../Engine/Content/EngineMaterials/Substrate/Glints2/dict_0003_0059.uexp" 3950
"../../../Engine/Content/EngineMaterials/Substrate/Glints2/dict_0002_0144.uasset" 3951
"../../../Engine/Content/EngineMaterials/Substrate/Glints2/dict_0002_0144.uexp" 3952
"../../../Engine/Content/EngineMaterials/Substrate/Glints2/dict_0000_0093.uasset" 3953
"../../../Engine/Content/EngineMaterials/Substrate/Glints2/dict_0000_0093.uexp" 3954
"../../../Engine/Content/EngineMaterials/Substrate/Glints2/dict_0001_0044.uasset" 3955
"../../../Engine/Content/EngineMaterials/Substrate/Glints2/dict_0001_0044.uexp" 3956
"../../../Engine/Content/EngineMaterials/Substrate/Glints2/dict_0005_0173.uasset" 3957
"../../../Engine/Content/EngineMaterials/Substrate/Glints2/dict_0005_0173.uexp" 3958
"../../../Engine/Content/EngineMaterials/Substrate/Glints2/dict_0007_0240.uasset" 3959
"../../../Engine/Content/EngineMaterials/Substrate/Glints2/dict_0007_0240.uexp" 3960
"../../../Engine/Content/EngineMaterials/Substrate/Glints2/dict_0006_0210.uasset" 3961
"../../../Engine/Content/EngineMaterials/Substrate/Glints2/dict_0006_0210.uexp" 3962
"../../../Engine/Content/EngineMaterials/Substrate/Glints2/dict_0005_0052.uasset" 3963
"../../../Engine/Content/EngineMaterials/Substrate/Glints2/dict_0005_0052.uexp" 3964
"../../../Engine/Content/EngineMaterials/Substrate/Glints2/dict_0004_0176.uasset" 3965
"../../../Engine/Content/EngineMaterials/Substrate/Glints2/dict_0004_0176.uexp" 3966
"../../../Engine/Content/EngineMaterials/Substrate/Glints2/dict_0000_0162.uasset" 3967
"../../../Engine/Content/EngineMaterials/Substrate/Glints2/dict_0000_0162.uexp" 3968
"../../../Engine/Content/EngineMaterials/Substrate/Glints2/dict_0002_0015.uasset" 3969
"../../../Engine/Content/EngineMaterials/Substrate/Glints2/dict_0002_0015.uexp" 3970
"../../../Engine/Content/EngineMaterials/Substrate/Glints2/dict_0000_0208.uasset" 3971
"../../../Engine/Content/EngineMaterials/Substrate/Glints2/dict_0000_0208.uexp" 3972
"../../../Engine/Content/EngineMaterials/Substrate/Glints2/dict_0006_0080.uasset" 3973
"../../../Engine/Content/EngineMaterials/Substrate/Glints2/dict_0006_0080.uexp" 3974
"../../../Engine/Content/EngineMaterials/Substrate/Glints2/dict_0005_0021.uasset" 3975
"../../../Engine/Content/EngineMaterials/Substrate/Glints2/dict_0005_0021.uexp" 3976
"../../../Engine/Content/EngineMaterials/Substrate/Glints2/dict_0004_0248.uasset" 3977
"../../../Engine/Content/EngineMaterials/Substrate/Glints2/dict_0004_0248.uexp" 3978
"../../../Engine/Content/EngineMaterials/Substrate/Glints2/dict_0004_0188.uasset" 3979
"../../../Engine/Content/EngineMaterials/Substrate/Glints2/dict_0004_0188.uexp" 3980
"../../../Engine/Content/EngineMaterials/Substrate/Glints2/dict_0000_0118.uasset" 3981
"../../../Engine/Content/EngineMaterials/Substrate/Glints2/dict_0000_0118.uexp" 3982
"../../../Engine/Content/EngineMaterials/Substrate/Glints2/dict_0002_0032.uasset" 3983
"../../../Engine/Content/EngineMaterials/Substrate/Glints2/dict_0002_0032.uexp" 3984
"../../../Engine/Content/EngineMaterials/Substrate/Glints2/dict_0007_0136.uasset" 3985
"../../../Engine/Content/EngineMaterials/Substrate/Glints2/dict_0007_0136.uexp" 3986
"../../../Engine/Content/EngineMaterials/Substrate/Glints2/dict_0007_0012.uasset" 3987
"../../../Engine/Content/EngineMaterials/Substrate/Glints2/dict_0007_0012.uexp" 3988
"../../../Engine/Content/EngineMaterials/Substrate/Glints2/dict_0006_0082.uasset" 3989
"../../../Engine/Content/EngineMaterials/Substrate/Glints2/dict_0006_0082.uexp" 3990
"../../../Engine/Content/EngineMaterials/Substrate/Glints2/dict_0004_0054.uasset" 3991
"../../../Engine/Content/EngineMaterials/Substrate/Glints2/dict_0004_0054.uexp" 3992
"../../../Engine/Content/EngineMaterials/Substrate/Glints2/dict_0000_0057.uasset" 3993
"../../../Engine/Content/EngineMaterials/Substrate/Glints2/dict_0000_0057.uexp" 3994
"../../../Engine/Content/EngineMaterials/Substrate/Glints2/dict_0003_0093.uasset" 3995
"../../../Engine/Content/EngineMaterials/Substrate/Glints2/dict_0003_0093.uexp" 3996
"../../../Engine/Content/EngineMaterials/Substrate/Glints2/dict_0001_0162.uasset" 3997
"../../../Engine/Content/EngineMaterials/Substrate/Glints2/dict_0001_0162.uexp" 3998
"../../../Engine/Content/EngineMaterials/Substrate/Glints2/dict_0000_0066.uasset" 3999
"../../../Engine/Content/EngineMaterials/Substrate/Glints2/dict_0000_0066.uexp" 4000
"../../../Engine/Content/EngineMaterials/Substrate/Glints2/dict_0007_0144.uasset" 4001
"../../../Engine/Content/EngineMaterials/Substrate/Glints2/dict_0007_0144.uexp" 4002
"../../../Engine/Content/EngineMaterials/Substrate/Glints2/dict_0005_0252.uasset" 4003
"../../../Engine/Content/EngineMaterials/Substrate/Glints2/dict_0005_0252.uexp" 4004
"../../../Engine/Content/EngineMaterials/Substrate/Glints2/dict_0002_0059.uasset" 4005
"../../../Engine/Content/EngineMaterials/Substrate/Glints2/dict_0002_0059.uexp" 4006
"../../../Engine/Content/EngineMaterials/Substrate/Glints2/dict_0000_0168.uasset" 4007
"../../../Engine/Content/EngineMaterials/Substrate/Glints2/dict_0000_0168.uexp" 4008
"../../../Engine/Content/EngineMaterials/Substrate/Glints2/dict_0003_0245.uasset" 4009
"../../../Engine/Content/EngineMaterials/Substrate/Glints2/dict_0003_0245.uexp" 4010
"../../../Engine/Content/EngineMaterials/Substrate/Glints2/dict_0001_0034.uasset" 4011
"../../../Engine/Content/EngineMaterials/Substrate/Glints2/dict_0001_0034.uexp" 4012
"../../../Engine/Content/EngineMaterials/Substrate/Glints2/dict_0006_0028.uasset" 4013
"../../../Engine/Content/EngineMaterials/Substrate/Glints2/dict_0006_0028.uexp" 4014
"../../../Engine/Content/EngineMaterials/Substrate/Glints2/dict_0005_0108.uasset" 4015
"../../../Engine/Content/EngineMaterials/Substrate/Glints2/dict_0005_0108.uexp" 4016
"../../../Engine/Content/EngineMaterials/Substrate/Glints2/dict_0005_0017.uasset" 4017
"../../../Engine/Content/EngineMaterials/Substrate/Glints2/dict_0005_0017.uexp" 4018
"../../../Engine/Content/EngineMaterials/Substrate/Glints2/dict_0005_0093.uasset" 4019
"../../../Engine/Content/EngineMaterials/Substrate/Glints2/dict_0005_0093.uexp" 4020
"../../../Engine/Content/EngineMaterials/Substrate/Glints2/dict_0004_0007.uasset" 4021
"../../../Engine/Content/EngineMaterials/Substrate/Glints2/dict_0004_0007.uexp" 4022
"../../../Engine/Content/EngineMaterials/Substrate/Glints2/dict_0000_0227.uasset" 4023
"../../../Engine/Content/EngineMaterials/Substrate/Glints2/dict_0000_0227.uexp" 4024
"../../../Engine/Content/EngineMaterials/Substrate/Glints2/dict_0000_0018.uasset" 4025
"../../../Engine/Content/EngineMaterials/Substrate/Glints2/dict_0000_0018.uexp" 4026
"../../../Engine/Content/EngineMaterials/Substrate/Glints2/dict_0007_0128.uasset" 4027
"../../../Engine/Content/EngineMaterials/Substrate/Glints2/dict_0007_0128.uexp" 4028
"../../../Engine/Content/EngineMaterials/Substrate/Glints2/dict_0006_0193.uasset" 4029
"../../../Engine/Content/EngineMaterials/Substrate/Glints2/dict_0006_0193.uexp" 4030
"../../../Engine/Content/EngineMaterials/Substrate/Glints2/dict_0002_0049.uasset" 4031
"../../../Engine/Content/EngineMaterials/Substrate/Glints2/dict_0002_0049.uexp" 4032
"../../../Engine/Content/EngineMaterials/Substrate/Glints2/dict_0006_0062.uasset" 4033
"../../../Engine/Content/EngineMaterials/Substrate/Glints2/dict_0006_0062.uexp" 4034
"../../../Engine/Content/EngineMaterials/Substrate/Glints2/dict_0000_0110.uasset" 4035
"../../../Engine/Content/EngineMaterials/Substrate/Glints2/dict_0000_0110.uexp" 4036
"../../../Engine/Content/EngineMaterials/Substrate/Glints2/dict_0001_0239.uasset" 4037
"../../../Engine/Content/EngineMaterials/Substrate/Glints2/dict_0001_0239.uexp" 4038
"../../../Engine/Content/EngineMaterials/Substrate/Glints2/dict_0007_0171.uasset" 4039
"../../../Engine/Content/EngineMaterials/Substrate/Glints2/dict_0007_0171.uexp" 4040
"../../../Engine/Content/EngineMaterials/Substrate/Glints2/dict_0003_0083.uasset" 4041
"../../../Engine/Content/EngineMaterials/Substrate/Glints2/dict_0003_0083.uexp" 4042
"../../../Engine/Content/EngineMaterials/Substrate/Glints2/dict_0006_0025.uasset" 4043
"../../../Engine/Content/EngineMaterials/Substrate/Glints2/dict_0006_0025.uexp" 4044
"../../../Engine/Content/EngineMaterials/Substrate/Glints2/dict_0003_0065.uasset" 4045
"../../../Engine/Content/EngineMaterials/Substrate/Glints2/dict_0003_0065.uexp" 4046
"../../../Engine/Content/EngineMaterials/Substrate/Glints2/dict_0002_0018.uasset" 4047
"../../../Engine/Content/EngineMaterials/Substrate/Glints2/dict_0002_0018.uexp" 4048
"../../../Engine/Content/EngineMaterials/Substrate/Glints2/dict_0001_0177.uasset" 4049
"../../../Engine/Content/EngineMaterials/Substrate/Glints2/dict_0001_0177.uexp" 4050
"../../../Engine/Content/EngineMaterials/Substrate/Glints2/dict_0007_0163.uasset" 4051
"../../../Engine/Content/EngineMaterials/Substrate/Glints2/dict_0007_0163.uexp" 4052
"../../../Engine/Content/EngineMaterials/Substrate/Glints2/dict_0007_0058.uasset" 4053
"../../../Engine/Content/EngineMaterials/Substrate/Glints2/dict_0007_0058.uexp" 4054
"../../../Engine/Content/EngineMaterials/Substrate/Glints2/dict_0000_0105.uasset" 4055
"../../../Engine/Content/EngineMaterials/Substrate/Glints2/dict_0000_0105.uexp" 4056
"../../../Engine/Content/EngineMaterials/Substrate/Glints2/dict_0003_0235.uasset" 4057
"../../../Engine/Content/EngineMaterials/Substrate/Glints2/dict_0003_0235.uexp" 4058
"../../../Engine/Content/EngineMaterials/Substrate/Glints2/dict_0000_0016.uasset" 4059
"../../../Engine/Content/EngineMaterials/Substrate/Glints2/dict_0000_0016.uexp" 4060
"../../../Engine/Content/EngineMaterials/Substrate/Glints2/dict_0006_0202.uasset" 4061
"../../../Engine/Content/EngineMaterials/Substrate/Glints2/dict_0006_0202.uexp" 4062
"../../../Engine/Content/EngineMaterials/Substrate/Glints2/dict_0005_0133.uasset" 4063
"../../../Engine/Content/EngineMaterials/Substrate/Glints2/dict_0005_0133.uexp" 4064
"../../../Engine/Content/EngineMaterials/Substrate/Glints2/dict_0004_0119.uasset" 4065
"../../../Engine/Content/EngineMaterials/Substrate/Glints2/dict_0004_0119.uexp" 4066
"../../../Engine/Content/EngineMaterials/Substrate/Glints2/dict_0007_0222.uasset" 4067
"../../../Engine/Content/EngineMaterials/Substrate/Glints2/dict_0007_0222.uexp" 4068
"../../../Engine/Content/EngineMaterials/Substrate/Glints2/dict_0007_0211.uasset" 4069
"../../../Engine/Content/EngineMaterials/Substrate/Glints2/dict_0007_0211.uexp" 4070
"../../../Engine/Content/EngineMaterials/Substrate/Glints2/dict_0007_0119.uasset" 4071
"../../../Engine/Content/EngineMaterials/Substrate/Glints2/dict_0007_0119.uexp" 4072
"../../../Engine/Content/EngineMaterials/Substrate/Glints2/dict_0006_0055.uasset" 4073
"../../../Engine/Content/EngineMaterials/Substrate/Glints2/dict_0006_0055.uexp" 4074
"../../../Engine/Content/EngineMaterials/Substrate/Glints2/dict_0001_0010.uasset" 4075
"../../../Engine/Content/EngineMaterials/Substrate/Glints2/dict_0001_0010.uexp" 4076
"../../../Engine/Content/EngineMaterials/Substrate/Glints2/dict_0000_0142.uasset" 4077
"../../../Engine/Content/EngineMaterials/Substrate/Glints2/dict_0000_0142.uexp" 4078
"../../../Engine/Content/EngineMaterials/Substrate/Glints2/dict_0004_0158.uasset" 4079
"../../../Engine/Content/EngineMaterials/Substrate/Glints2/dict_0004_0158.uexp" 4080
"../../../Engine/Content/EngineMaterials/Substrate/Glints2/dict_0001_0145.uasset" 4081
"../../../Engine/Content/EngineMaterials/Substrate/Glints2/dict_0001_0145.uexp" 4082
"../../../Engine/Content/EngineMaterials/Substrate/Glints2/dict_0001_0056.uasset" 4083
"../../../Engine/Content/EngineMaterials/Substrate/Glints2/dict_0001_0056.uexp" 4084
"../../../Engine/Content/EngineMaterials/Substrate/Glints2/dict_0007_0095.uasset" 4085
"../../../Engine/Content/EngineMaterials/Substrate/Glints2/dict_0007_0095.uexp" 4086
"../../../Engine/Content/EngineMaterials/Substrate/Glints2/dict_0007_0087.uasset" 4087
"../../../Engine/Content/EngineMaterials/Substrate/Glints2/dict_0007_0087.uexp" 4088
"../../../Engine/Content/EngineMaterials/Substrate/Glints2/dict_0001_0231.uasset" 4089
"../../../Engine/Content/EngineMaterials/Substrate/Glints2/dict_0001_0231.uexp" 4090
"../../../Engine/Content/EngineMaterials/Substrate/Glints2/dict_0001_0221.uasset" 4091
"../../../Engine/Content/EngineMaterials/Substrate/Glints2/dict_0001_0221.uexp" 4092
"../../../Engine/Content/EngineMaterials/Substrate/Glints2/dict_0001_0123.uasset" 4093
"../../../Engine/Content/EngineMaterials/Substrate/Glints2/dict_0001_0123.uexp" 4094
"../../../Engine/Content/EngineMaterials/Substrate/Glints2/dict_0000_0134.uasset" 4095
"../../../Engine/Content/EngineMaterials/Substrate/Glints2/dict_0000_0134.uexp" 4096
"../../../Engine/Content/EngineMaterials/Substrate/Glints2/dict_0001_0110.uasset" 4097
"../../../Engine/Content/EngineMaterials/Substrate/Glints2/dict_0001_0110.uexp" 4098
"../../../Engine/Content/EngineMaterials/Substrate/Glints2/dict_0000_0145.uasset" 4099
"../../../Engine/Content/EngineMaterials/Substrate/Glints2/dict_0000_0145.uexp" 4100
"../../../Engine/Content/EngineMaterials/Substrate/Glints2/dict_0007_0064.uasset" 4101
"../../../Engine/Content/EngineMaterials/Substrate/Glints2/dict_0007_0064.uexp" 4102
"../../../Engine/Content/EngineMaterials/Substrate/Glints2/dict_0005_0112.uasset" 4103
"../../../Engine/Content/EngineMaterials/Substrate/Glints2/dict_0005_0112.uexp" 4104
"../../../Engine/Content/EngineMaterials/Substrate/Glints2/dict_0004_0035.uasset" 4105
"../../../Engine/Content/EngineMaterials/Substrate/Glints2/dict_0004_0035.uexp" 4106
"../../../Engine/Content/EngineMaterials/Substrate/Glints2/dict_0003_0037.uasset" 4107
"../../../Engine/Content/EngineMaterials/Substrate/Glints2/dict_0003_0037.uexp" 4108
"../../../Engine/Content/EngineMaterials/Substrate/Glints2/dict_0001_0250.uasset" 4109
"../../../Engine/Content/EngineMaterials/Substrate/Glints2/dict_0001_0250.uexp" 4110
"../../../Engine/Content/EngineMaterials/Substrate/Glints2/dict_0000_0229.uasset" 4111
"../../../Engine/Content/EngineMaterials/Substrate/Glints2/dict_0000_0229.uexp" 4112
"../../../Engine/Content/EngineMaterials/Substrate/Glints2/dict_0003_0219.uasset" 4113
"../../../Engine/Content/EngineMaterials/Substrate/Glints2/dict_0003_0219.uexp" 4114
"../../../Engine/Content/EngineMaterials/Substrate/Glints2/dict_0000_0188.uasset" 4115
"../../../Engine/Content/EngineMaterials/Substrate/Glints2/dict_0000_0188.uexp" 4116
"../../../Engine/Content/EngineMaterials/Substrate/Glints2/dict_0005_0142.uasset" 4117
"../../../Engine/Content/EngineMaterials/Substrate/Glints2/dict_0005_0142.uexp" 4118
"../../../Engine/Content/EngineMaterials/Substrate/Glints2/dict_0006_0174.uasset" 4119
"../../../Engine/Content/EngineMaterials/Substrate/Glints2/dict_0006_0174.uexp" 4120
"../../../Engine/Content/EngineMaterials/Substrate/Glints2/dict_0005_0236.uasset" 4121
"../../../Engine/Content/EngineMaterials/Substrate/Glints2/dict_0005_0236.uexp" 4122
"../../../Engine/Content/EngineMaterials/Substrate/Glints2/dict_0002_0241.uasset" 4123
"../../../Engine/Content/EngineMaterials/Substrate/Glints2/dict_0002_0241.uexp" 4124
"../../../Engine/Content/EngineMaterials/Substrate/Glints2/dict_0007_0004.uasset" 4125
"../../../Engine/Content/EngineMaterials/Substrate/Glints2/dict_0007_0004.uexp" 4126
"../../../Engine/Content/EngineMaterials/Substrate/Glints2/dict_0001_0118.uasset" 4127
"../../../Engine/Content/EngineMaterials/Substrate/Glints2/dict_0001_0118.uexp" 4128
"../../../Engine/Content/EngineMaterials/Substrate/Glints2/dict_0004_0230.uasset" 4129
"../../../Engine/Content/EngineMaterials/Substrate/Glints2/dict_0004_0230.uexp" 4130
"../../../Engine/Content/EngineMaterials/Substrate/Glints2/dict_0003_0218.uasset" 4131
"../../../Engine/Content/EngineMaterials/Substrate/Glints2/dict_0003_0218.uexp" 4132
"../../../Engine/Content/EngineMaterials/Substrate/Glints2/dict_0002_0124.uasset" 4133
"../../../Engine/Content/EngineMaterials/Substrate/Glints2/dict_0002_0124.uexp" 4134
"../../../Engine/Content/EngineMaterials/Substrate/Glints2/dict_0001_0101.uasset" 4135
"../../../Engine/Content/EngineMaterials/Substrate/Glints2/dict_0001_0101.uexp" 4136
"../../../Engine/Content/EngineMaterials/Substrate/Glints2/dict_0007_0088.uasset" 4137
"../../../Engine/Content/EngineMaterials/Substrate/Glints2/dict_0007_0088.uexp" 4138
"../../../Engine/Content/EngineMaterials/Substrate/Glints2/dict_0002_0065.uasset" 4139
"../../../Engine/Content/EngineMaterials/Substrate/Glints2/dict_0002_0065.uexp" 4140
"../../../Engine/Content/EngineMaterials/Substrate/Glints2/dict_0006_0194.uasset" 4141
"../../../Engine/Content/EngineMaterials/Substrate/Glints2/dict_0006_0194.uexp" 4142
"../../../Engine/Content/EngineMaterials/Substrate/Glints2/dict_0003_0020.uasset" 4143
"../../../Engine/Content/EngineMaterials/Substrate/Glints2/dict_0003_0020.uexp" 4144
"../../../Engine/Content/EngineMaterials/Substrate/Glints2/dict_0002_0122.uasset" 4145
"../../../Engine/Content/EngineMaterials/Substrate/Glints2/dict_0002_0122.uexp" 4146
"../../../Engine/Content/EngineMaterials/Substrate/Glints2/dict_0001_0129.uasset" 4147
"../../../Engine/Content/EngineMaterials/Substrate/Glints2/dict_0001_0129.uexp" 4148
"../../../Engine/Content/EngineMaterials/Substrate/Glints2/dict_0005_0234.uasset" 4149
"../../../Engine/Content/EngineMaterials/Substrate/Glints2/dict_0005_0234.uexp" 4150
"../../../Engine/Content/EngineMaterials/Substrate/Glints2/dict_0003_0250.uasset" 4151
"../../../Engine/Content/EngineMaterials/Substrate/Glints2/dict_0003_0250.uexp" 4152
"../../../Engine/Content/EngineMaterials/Substrate/Glints2/dict_0005_0110.uasset" 4153
"../../../Engine/Content/EngineMaterials/Substrate/Glints2/dict_0005_0110.uexp" 4154
"../../../Engine/Content/EngineMaterials/Substrate/Glints2/dict_0002_0184.uasset" 4155
"../../../Engine/Content/EngineMaterials/Substrate/Glints2/dict_0002_0184.uexp" 4156
"../../../Engine/Content/EngineMaterials/Substrate/Glints2/dict_0006_0108.uasset" 4157
"../../../Engine/Content/EngineMaterials/Substrate/Glints2/dict_0006_0108.uexp" 4158
"../../../Engine/Content/EngineMaterials/Substrate/Glints2/dict_0006_0100.uasset" 4159
"../../../Engine/Content/EngineMaterials/Substrate/Glints2/dict_0006_0100.uexp" 4160
"../../../Engine/Content/EngineMaterials/Substrate/Glints2/dict_0005_0213.uasset" 4161
"../../../Engine/Content/EngineMaterials/Substrate/Glints2/dict_0005_0213.uexp" 4162
"../../../Engine/Content/EngineMaterials/Substrate/Glints2/dict_0004_0103.uasset" 4163
"../../../Engine/Content/EngineMaterials/Substrate/Glints2/dict_0004_0103.uexp" 4164
"../../../Engine/Content/EngineMaterials/Substrate/Glints2/dict_0004_0030.uasset" 4165
"../../../Engine/Content/EngineMaterials/Substrate/Glints2/dict_0004_0030.uexp" 4166
"../../../Engine/Content/EngineMaterials/Substrate/Glints2/dict_0007_0013.uasset" 4167
"../../../Engine/Content/EngineMaterials/Substrate/Glints2/dict_0007_0013.uexp" 4168
"../../../Engine/Content/EngineMaterials/Substrate/Glints2/dict_0005_0107.uasset" 4169
"../../../Engine/Content/EngineMaterials/Substrate/Glints2/dict_0005_0107.uexp" 4170
"../../../Engine/Content/EngineMaterials/Substrate/Glints2/dict_0007_0121.uasset" 4171
"../../../Engine/Content/EngineMaterials/Substrate/Glints2/dict_0007_0121.uexp" 4172
"../../../Engine/Content/EngineMaterials/Substrate/Glints2/dict_0006_0165.uasset" 4173
"../../../Engine/Content/EngineMaterials/Substrate/Glints2/dict_0006_0165.uexp" 4174
"../../../Engine/Content/EngineMaterials/Substrate/Glints2/dict_0007_0044.uasset" 4175
"../../../Engine/Content/EngineMaterials/Substrate/Glints2/dict_0007_0044.uexp" 4176
"../../../Engine/Content/EngineMaterials/Substrate/Glints2/dict_0004_0113.uasset" 4177
"../../../Engine/Content/EngineMaterials/Substrate/Glints2/dict_0004_0113.uexp" 4178
"../../../Engine/Content/EngineMaterials/Substrate/Glints2/dict_0001_0092.uasset" 4179
"../../../Engine/Content/EngineMaterials/Substrate/Glints2/dict_0001_0092.uexp" 4180
"../../../Engine/Content/EngineMaterials/Substrate/Glints2/dict_0003_0060.uasset" 4181
"../../../Engine/Content/EngineMaterials/Substrate/Glints2/dict_0003_0060.uexp" 4182
"../../../Engine/Content/EngineMaterials/Substrate/Glints2/dict_0005_0160.uasset" 4183
"../../../Engine/Content/EngineMaterials/Substrate/Glints2/dict_0005_0160.uexp" 4184
"../../../Engine/Content/EngineMaterials/Substrate/Glints2/dict_0002_0125.uasset" 4185
"../../../Engine/Content/EngineMaterials/Substrate/Glints2/dict_0002_0125.uexp" 4186
"../../../Engine/Content/EngineMaterials/Substrate/Glints2/dict_0000_0244.uasset" 4187
"../../../Engine/Content/EngineMaterials/Substrate/Glints2/dict_0000_0244.uexp" 4188
"../../../Engine/Content/EngineMaterials/Substrate/Glints2/dict_0007_0000.uasset" 4189
"../../../Engine/Content/EngineMaterials/Substrate/Glints2/dict_0007_0000.uexp" 4190
"../../../Engine/Content/EngineMaterials/Substrate/Glints2/dict_0004_0236.uasset" 4191
"../../../Engine/Content/EngineMaterials/Substrate/Glints2/dict_0004_0236.uexp" 4192
"../../../Engine/Content/EngineMaterials/Substrate/Glints2/dict_0002_0198.uasset" 4193
"../../../Engine/Content/EngineMaterials/Substrate/Glints2/dict_0002_0198.uexp" 4194
"../../../Engine/Content/EngineMaterials/Substrate/Glints2/dict_0006_0071.uasset" 4195
"../../../Engine/Content/EngineMaterials/Substrate/Glints2/dict_0006_0071.uexp" 4196
"../../../Engine/Content/EngineMaterials/Substrate/Glints2/dict_0004_0147.uasset" 4197
"../../../Engine/Content/EngineMaterials/Substrate/Glints2/dict_0004_0147.uexp" 4198
"../../../Engine/Content/EngineMaterials/Substrate/Glints2/dict_0000_0099.uasset" 4199
"../../../Engine/Content/EngineMaterials/Substrate/Glints2/dict_0000_0099.uexp" 4200
"../../../Engine/Content/EngineMaterials/Substrate/Glints2/dict_0000_0025.uasset" 4201
"../../../Engine/Content/EngineMaterials/Substrate/Glints2/dict_0000_0025.uexp" 4202
"../../../Engine/Content/EngineMaterials/Substrate/Glints2/dict_0003_0167.uasset" 4203
"../../../Engine/Content/EngineMaterials/Substrate/Glints2/dict_0003_0167.uexp" 4204
"../../../Engine/Content/EngineMaterials/Substrate/Glints2/dict_0004_0227.uasset" 4205
"../../../Engine/Content/EngineMaterials/Substrate/Glints2/dict_0004_0227.uexp" 4206
"../../../Engine/Content/EngineMaterials/Substrate/Glints2/dict_0001_0180.uasset" 4207
"../../../Engine/Content/EngineMaterials/Substrate/Glints2/dict_0001_0180.uexp" 4208
"../../../Engine/Content/EngineMaterials/Substrate/Glints2/dict_0000_0108.uasset" 4209
"../../../Engine/Content/EngineMaterials/Substrate/Glints2/dict_0000_0108.uexp" 4210
"../../../Engine/Content/EngineMaterials/Substrate/Glints2/dict_0002_0182.uasset" 4211
"../../../Engine/Content/EngineMaterials/Substrate/Glints2/dict_0002_0182.uexp" 4212
"../../../Engine/Content/EngineMaterials/Substrate/Glints2/dict_0002_0167.uasset" 4213
"../../../Engine/Content/EngineMaterials/Substrate/Glints2/dict_0002_0167.uexp" 4214
"../../../Engine/Content/EngineMaterials/Substrate/Glints2/dict_0006_0002.uasset" 4215
"../../../Engine/Content/EngineMaterials/Substrate/Glints2/dict_0006_0002.uexp" 4216
"../../../Engine/Content/EngineMaterials/Substrate/Glints2/dict_0005_0070.uasset" 4217
"../../../Engine/Content/EngineMaterials/Substrate/Glints2/dict_0005_0070.uexp" 4218
"../../../Engine/Content/EngineMaterials/Substrate/Glints2/dict_0005_0040.uasset" 4219
"../../../Engine/Content/EngineMaterials/Substrate/Glints2/dict_0005_0040.uexp" 4220
"../../../Engine/Content/EngineMaterials/Substrate/Glints2/dict_0001_0028.uasset" 4221
"../../../Engine/Content/EngineMaterials/Substrate/Glints2/dict_0001_0028.uexp" 4222
"../../../Engine/Content/EngineMaterials/Substrate/Glints2/dict_0004_0016.uasset" 4223
"../../../Engine/Content/EngineMaterials/Substrate/Glints2/dict_0004_0016.uexp" 4224
"../../../Engine/Content/EngineMaterials/Substrate/Glints2/dict_0003_0162.uasset" 4225
"../../../Engine/Content/EngineMaterials/Substrate/Glints2/dict_0003_0162.uexp" 4226
"../../../Engine/Content/EngineMaterials/Substrate/Glints2/dict_0003_0160.uasset" 4227
"../../../Engine/Content/EngineMaterials/Substrate/Glints2/dict_0003_0160.uexp" 4228
"../../../Engine/Content/EngineMaterials/Substrate/Glints2/dict_0004_0210.uasset" 4229
"../../../Engine/Content/EngineMaterials/Substrate/Glints2/dict_0004_0210.uexp" 4230
"../../../Engine/Content/EngineMaterials/Substrate/Glints2/dict_0003_0174.uasset" 4231
"../../../Engine/Content/EngineMaterials/Substrate/Glints2/dict_0003_0174.uexp" 4232
"../../../Engine/Content/EngineMaterials/Substrate/Glints2/dict_0003_0041.uasset" 4233
"../../../Engine/Content/EngineMaterials/Substrate/Glints2/dict_0003_0041.uexp" 4234
"../../../Engine/Content/EngineMaterials/Substrate/Glints2/dict_0001_0046.uasset" 4235
"../../../Engine/Content/EngineMaterials/Substrate/Glints2/dict_0001_0046.uexp" 4236
"../../../Engine/Content/EngineMaterials/Substrate/Glints2/dict_0005_0048.uasset" 4237
"../../../Engine/Content/EngineMaterials/Substrate/Glints2/dict_0005_0048.uexp" 4238
"../../../Engine/Content/EngineMaterials/Substrate/Glints2/dict_0001_0085.uasset" 4239
"../../../Engine/Content/EngineMaterials/Substrate/Glints2/dict_0001_0085.uexp" 4240
"../../../Engine/Content/EngineMaterials/Substrate/Glints2/dict_0004_0228.uasset" 4241
"../../../Engine/Content/EngineMaterials/Substrate/Glints2/dict_0004_0228.uexp" 4242
"../../../Engine/Content/EngineMaterials/Substrate/Glints2/dict_0002_0064.uasset" 4243
"../../../Engine/Content/EngineMaterials/Substrate/Glints2/dict_0002_0064.uexp" 4244
"../../../Engine/Content/EngineMaterials/Substrate/Glints2/dict_0000_0092.uasset" 4245
"../../../Engine/Content/EngineMaterials/Substrate/Glints2/dict_0000_0092.uexp" 4246
"../../../Engine/Content/EngineMaterials/Substrate/Glints2/dict_0005_0073.uasset" 4247
"../../../Engine/Content/EngineMaterials/Substrate/Glints2/dict_0005_0073.uexp" 4248
"../../../Engine/Content/EngineMaterials/Substrate/Glints2/dict_0003_0190.uasset" 4249
"../../../Engine/Content/EngineMaterials/Substrate/Glints2/dict_0003_0190.uexp" 4250
"../../../Engine/Content/EngineMaterials/Substrate/Glints2/dict_0007_0212.uasset" 4251
"../../../Engine/Content/EngineMaterials/Substrate/Glints2/dict_0007_0212.uexp" 4252
"../../../Engine/Content/EngineMaterials/Substrate/Glints2/dict_0006_0109.uasset" 4253
"../../../Engine/Content/EngineMaterials/Substrate/Glints2/dict_0006_0109.uexp" 4254
"../../../Engine/Content/EngineMaterials/Substrate/Glints2/dict_0005_0060.uasset" 4255
"../../../Engine/Content/EngineMaterials/Substrate/Glints2/dict_0005_0060.uexp" 4256
"../../../Engine/Content/EngineMaterials/Substrate/Glints2/dict_0004_0192.uasset" 4257
"../../../Engine/Content/EngineMaterials/Substrate/Glints2/dict_0004_0192.uexp" 4258
"../../../Engine/Content/EngineMaterials/Substrate/Glints2/dict_0000_0251.uasset" 4259
"../../../Engine/Content/EngineMaterials/Substrate/Glints2/dict_0000_0251.uexp" 4260
"../../../Engine/Content/EngineMaterials/Substrate/Glints2/dict_0003_0049.uasset" 4261
"../../../Engine/Content/EngineMaterials/Substrate/Glints2/dict_0003_0049.uexp" 4262
"../../../Engine/Content/EngineMaterials/Substrate/Glints2/dict_0003_0034.uasset" 4263
"../../../Engine/Content/EngineMaterials/Substrate/Glints2/dict_0003_0034.uexp" 4264
"../../../Engine/Content/EngineMaterials/Substrate/Glints2/dict_0001_0073.uasset" 4265
"../../../Engine/Content/EngineMaterials/Substrate/Glints2/dict_0001_0073.uexp" 4266
"../../../Engine/Content/EngineMaterials/Substrate/Glints2/dict_0001_0047.uasset" 4267
"../../../Engine/Content/EngineMaterials/Substrate/Glints2/dict_0001_0047.uexp" 4268
"../../../Engine/Content/EngineMaterials/Substrate/Glints2/dict_0002_0045.uasset" 4269
"../../../Engine/Content/EngineMaterials/Substrate/Glints2/dict_0002_0045.uexp" 4270
"../../../Engine/Content/EngineMaterials/Substrate/Glints2/dict_0001_0054.uasset" 4271
"../../../Engine/Content/EngineMaterials/Substrate/Glints2/dict_0001_0054.uexp" 4272
"../../../Engine/Content/EngineMaterials/Substrate/Glints2/dict_0006_0156.uasset" 4273
"../../../Engine/Content/EngineMaterials/Substrate/Glints2/dict_0006_0156.uexp" 4274
"../../../Engine/Content/EngineMaterials/Substrate/Glints2/dict_0006_0228.uasset" 4275
"../../../Engine/Content/EngineMaterials/Substrate/Glints2/dict_0006_0228.uexp" 4276
"../../../Engine/Content/EngineMaterials/Substrate/Glints2/dict_0000_0051.uasset" 4277
"../../../Engine/Content/EngineMaterials/Substrate/Glints2/dict_0000_0051.uexp" 4278
"../../../Engine/Content/EngineMaterials/Substrate/Glints2/dict_0006_0220.uasset" 4279
"../../../Engine/Content/EngineMaterials/Substrate/Glints2/dict_0006_0220.uexp" 4280
"../../../Engine/Content/EngineMaterials/Substrate/Glints2/dict_0002_0255.uasset" 4281
"../../../Engine/Content/EngineMaterials/Substrate/Glints2/dict_0002_0255.uexp" 4282
"../../../Engine/Content/EngineMaterials/Substrate/Glints2/dict_0007_0224.uasset" 4283
"../../../Engine/Content/EngineMaterials/Substrate/Glints2/dict_0007_0224.uexp" 4284
"../../../Engine/Content/EngineMaterials/Substrate/Glints2/dict_0003_0074.uasset" 4285
"../../../Engine/Content/EngineMaterials/Substrate/Glints2/dict_0003_0074.uexp" 4286
"../../../Engine/Content/EngineMaterials/Substrate/Glints2/dict_0005_0024.uasset" 4287
"../../../Engine/Content/EngineMaterials/Substrate/Glints2/dict_0005_0024.uexp" 4288
"../../../Engine/Content/EngineMaterials/Substrate/Glints2/dict_0004_0109.uasset" 4289
"../../../Engine/Content/EngineMaterials/Substrate/Glints2/dict_0004_0109.uexp" 4290
"../../../Engine/Content/EngineMaterials/Substrate/Glints2/dict_0000_0021.uasset" 4291
"../../../Engine/Content/EngineMaterials/Substrate/Glints2/dict_0000_0021.uexp" 4292
"../../../Engine/Content/EngineMaterials/Substrate/Glints2/dict_0002_0027.uasset" 4293
"../../../Engine/Content/EngineMaterials/Substrate/Glints2/dict_0002_0027.uexp" 4294
"../../../Engine/Content/EngineMaterials/Substrate/Glints2/dict_0005_0166.uasset" 4295
"../../../Engine/Content/EngineMaterials/Substrate/Glints2/dict_0005_0166.uexp" 4296
"../../../Engine/Content/EngineMaterials/Substrate/Glints2/dict_0002_0075.uasset" 4297
"../../../Engine/Content/EngineMaterials/Substrate/Glints2/dict_0002_0075.uexp" 4298
"../../../Engine/Content/EngineMaterials/Substrate/Glints2/dict_0000_0254.uasset" 4299
"../../../Engine/Content/EngineMaterials/Substrate/Glints2/dict_0000_0254.uexp" 4300
"../../../Engine/Content/EngineMaterials/Substrate/Glints2/dict_0006_0059.uasset" 4301
"../../../Engine/Content/EngineMaterials/Substrate/Glints2/dict_0006_0059.uexp" 4302
"../../../Engine/Content/EngineMaterials/Substrate/Glints2/dict_0004_0004.uasset" 4303
"../../../Engine/Content/EngineMaterials/Substrate/Glints2/dict_0004_0004.uexp" 4304
"../../../Engine/Content/EngineMaterials/Substrate/Glints2/dict_0003_0145.uasset" 4305
"../../../Engine/Content/EngineMaterials/Substrate/Glints2/dict_0003_0145.uexp" 4306
"../../../Engine/Content/EngineMaterials/Substrate/Glints2/dict_0004_0208.uasset" 4307
"../../../Engine/Content/EngineMaterials/Substrate/Glints2/dict_0004_0208.uexp" 4308
"../../../Engine/Content/EngineMaterials/Substrate/Glints2/dict_0002_0000.uasset" 4309
"../../../Engine/Content/EngineMaterials/Substrate/Glints2/dict_0002_0000.uexp" 4310
"../../../Engine/Content/EngineMaterials/Substrate/Glints2/dict_0001_0097.uasset" 4311
"../../../Engine/Content/EngineMaterials/Substrate/Glints2/dict_0001_0097.uexp" 4312
"../../../Engine/Content/EngineMaterials/Substrate/Glints2/dict_0000_0215.uasset" 4313
"../../../Engine/Content/EngineMaterials/Substrate/Glints2/dict_0000_0215.uexp" 4314
"../../../Engine/Content/EngineMaterials/Substrate/Glints2/dict_0001_0012.uasset" 4315
"../../../Engine/Content/EngineMaterials/Substrate/Glints2/dict_0001_0012.uexp" 4316
"../../../Engine/Content/EngineMaterials/Substrate/Glints2/dict_0001_0139.uasset" 4317
"../../../Engine/Content/EngineMaterials/Substrate/Glints2/dict_0001_0139.uexp" 4318
"../../../Engine/Content/EngineMaterials/Substrate/Glints2/dict_0004_0120.uasset" 4319
"../../../Engine/Content/EngineMaterials/Substrate/Glints2/dict_0004_0120.uexp" 4320
"../../../Engine/Content/EngineMaterials/Substrate/Glints2/dict_0004_0201.uasset" 4321
"../../../Engine/Content/EngineMaterials/Substrate/Glints2/dict_0004_0201.uexp" 4322
"../../../Engine/Content/EngineMaterials/Substrate/Glints2/dict_0002_0089.uasset" 4323
"../../../Engine/Content/EngineMaterials/Substrate/Glints2/dict_0002_0089.uexp" 4324
"../../../Engine/Content/EngineMaterials/Substrate/Glints2/dict_0001_0178.uasset" 4325
"../../../Engine/Content/EngineMaterials/Substrate/Glints2/dict_0001_0178.uexp" 4326
"../../../Engine/Content/EngineMaterials/Substrate/Glints2/dict_0001_0102.uasset" 4327
"../../../Engine/Content/EngineMaterials/Substrate/Glints2/dict_0001_0102.uexp" 4328
"../../../Engine/Content/EngineMaterials/Substrate/Glints2/dict_0000_0002.uasset" 4329
"../../../Engine/Content/EngineMaterials/Substrate/Glints2/dict_0000_0002.uexp" 4330
"../../../Engine/Content/EngineMaterials/Substrate/Glints2/dict_0003_0198.uasset" 4331
"../../../Engine/Content/EngineMaterials/Substrate/Glints2/dict_0003_0198.uexp" 4332
"../../../Engine/Content/EngineMaterials/Substrate/Glints2/dict_0003_0195.uasset" 4333
"../../../Engine/Content/EngineMaterials/Substrate/Glints2/dict_0003_0195.uexp" 4334
"../../../Engine/Content/EngineMaterials/Substrate/Glints2/dict_0007_0206.uasset" 4335
"../../../Engine/Content/EngineMaterials/Substrate/Glints2/dict_0007_0206.uexp" 4336
"../../../Engine/Content/EngineMaterials/Substrate/Glints2/dict_0006_0101.uasset" 4337
"../../../Engine/Content/EngineMaterials/Substrate/Glints2/dict_0006_0101.uexp" 4338
"../../../Engine/Content/EngineMaterials/Substrate/Glints2/dict_0005_0117.uasset" 4339
"../../../Engine/Content/EngineMaterials/Substrate/Glints2/dict_0005_0117.uexp" 4340
"../../../Engine/Content/EngineMaterials/Substrate/Glints2/dict_0001_0112.uasset" 4341
"../../../Engine/Content/EngineMaterials/Substrate/Glints2/dict_0001_0112.uexp" 4342
"../../../Engine/Content/EngineMaterials/Substrate/Glints2/dict_0006_0227.uasset" 4343
"../../../Engine/Content/EngineMaterials/Substrate/Glints2/dict_0006_0227.uexp" 4344
"../../../Engine/Content/EngineMaterials/Substrate/Glints2/dict_0000_0203.uasset" 4345
"../../../Engine/Content/EngineMaterials/Substrate/Glints2/dict_0000_0203.uexp" 4346
"../../../Engine/Content/EngineMaterials/Substrate/Glints2/dict_0007_0225.uasset" 4347
"../../../Engine/Content/EngineMaterials/Substrate/Glints2/dict_0007_0225.uexp" 4348
"../../../Engine/Content/EngineMaterials/Substrate/Glints2/dict_0006_0087.uasset" 4349
"../../../Engine/Content/EngineMaterials/Substrate/Glints2/dict_0006_0087.uexp" 4350
"../../../Engine/Content/EngineMaterials/Substrate/Glints2/dict_0004_0153.uasset" 4351
"../../../Engine/Content/EngineMaterials/Substrate/Glints2/dict_0004_0153.uexp" 4352
"../../../Engine/Content/EngineMaterials/Substrate/Glints2/dict_0000_0143.uasset" 4353
"../../../Engine/Content/EngineMaterials/Substrate/Glints2/dict_0000_0143.uexp" 4354
"../../../Engine/Content/EngineMaterials/Substrate/Glints2/dict_0001_0081.uasset" 4355
"../../../Engine/Content/EngineMaterials/Substrate/Glints2/dict_0001_0081.uexp" 4356
"../../../Engine/Content/EngineMaterials/Substrate/Glints2/dict_0007_0173.uasset" 4357
"../../../Engine/Content/EngineMaterials/Substrate/Glints2/dict_0007_0173.uexp" 4358
"../../../Engine/Content/EngineMaterials/Substrate/Glints2/dict_0003_0081.uasset" 4359
"../../../Engine/Content/EngineMaterials/Substrate/Glints2/dict_0003_0081.uexp" 4360
"../../../Engine/Content/EngineMaterials/Substrate/Glints2/dict_0002_0217.uasset" 4361
"../../../Engine/Content/EngineMaterials/Substrate/Glints2/dict_0002_0217.uexp" 4362
"../../../Engine/Content/EngineMaterials/Substrate/Glints2/dict_0003_0204.uasset" 4363
"../../../Engine/Content/EngineMaterials/Substrate/Glints2/dict_0003_0204.uexp" 4364
"../../../Engine/Content/EngineMaterials/Substrate/Glints2/dict_0002_0180.uasset" 4365
"../../../Engine/Content/EngineMaterials/Substrate/Glints2/dict_0002_0180.uexp" 4366
"../../../Engine/Content/EngineMaterials/Substrate/Glints2/dict_0002_0240.uasset" 4367
"../../../Engine/Content/EngineMaterials/Substrate/Glints2/dict_0002_0240.uexp" 4368
"../../../Engine/Content/EngineMaterials/Substrate/Glints2/dict_0007_0250.uasset" 4369
"../../../Engine/Content/EngineMaterials/Substrate/Glints2/dict_0007_0250.uexp" 4370
"../../../Engine/Content/EngineMaterials/Substrate/Glints2/dict_0003_0149.uasset" 4371
"../../../Engine/Content/EngineMaterials/Substrate/Glints2/dict_0003_0149.uexp" 4372
"../../../Engine/Content/EngineMaterials/Substrate/Glints2/dict_0007_0109.uasset" 4373
"../../../Engine/Content/EngineMaterials/Substrate/Glints2/dict_0007_0109.uexp" 4374
"../../../Engine/Content/EngineMaterials/Substrate/Glints2/dict_0003_0003.uasset" 4375
"../../../Engine/Content/EngineMaterials/Substrate/Glints2/dict_0003_0003.uexp" 4376
"../../../Engine/Content/EngineMaterials/Substrate/Glints2/dict_0002_0234.uasset" 4377
"../../../Engine/Content/EngineMaterials/Substrate/Glints2/dict_0002_0234.uexp" 4378
"../../../Engine/Content/EngineMaterials/Substrate/Glints2/dict_0000_0098.uasset" 4379
"../../../Engine/Content/EngineMaterials/Substrate/Glints2/dict_0000_0098.uexp" 4380
"../../../Engine/Content/EngineMaterials/Substrate/Glints2/dict_0006_0198.uasset" 4381
"../../../Engine/Content/EngineMaterials/Substrate/Glints2/dict_0006_0198.uexp" 4382
"../../../Engine/Content/EngineMaterials/Substrate/Glints2/dict_0005_0035.uasset" 4383
"../../../Engine/Content/EngineMaterials/Substrate/Glints2/dict_0005_0035.uexp" 4384
"../../../Engine/Content/EngineMaterials/Substrate/Glints2/dict_0003_0234.uasset" 4385
"../../../Engine/Content/EngineMaterials/Substrate/Glints2/dict_0003_0234.uexp" 4386
"../../../Engine/Content/EngineMaterials/Substrate/Glints2/dict_0001_0243.uasset" 4387
"../../../Engine/Content/EngineMaterials/Substrate/Glints2/dict_0001_0243.uexp" 4388
"../../../Engine/Content/EngineMaterials/Substrate/Glints2/dict_0003_0248.uasset" 4389
"../../../Engine/Content/EngineMaterials/Substrate/Glints2/dict_0003_0248.uexp" 4390
"../../../Engine/Content/EngineMaterials/Substrate/Glints2/dict_0000_0231.uasset" 4391
"../../../Engine/Content/EngineMaterials/Substrate/Glints2/dict_0000_0231.uexp" 4392
"../../../Engine/Content/EngineMaterials/Substrate/Glints2/dict_0007_0191.uasset" 4393
"../../../Engine/Content/EngineMaterials/Substrate/Glints2/dict_0007_0191.uexp" 4394
"../../../Engine/Content/EngineMaterials/Substrate/Glints2/dict_0003_0139.uasset" 4395
"../../../Engine/Content/EngineMaterials/Substrate/Glints2/dict_0003_0139.uexp" 4396
"../../../Engine/Content/EngineMaterials/Substrate/Glints2/dict_0004_0107.uasset" 4397
"../../../Engine/Content/EngineMaterials/Substrate/Glints2/dict_0004_0107.uexp" 4398
"../../../Engine/Content/EngineMaterials/Substrate/Glints2/dict_0002_0192.uasset" 4399
"../../../Engine/Content/EngineMaterials/Substrate/Glints2/dict_0002_0192.uexp" 4400
"../../../Engine/Content/EngineMaterials/Substrate/Glints2/dict_0002_0159.uasset" 4401
"../../../Engine/Content/EngineMaterials/Substrate/Glints2/dict_0002_0159.uexp" 4402
"../../../Engine/Content/EngineMaterials/Substrate/Glints2/dict_0002_0093.uasset" 4403
"../../../Engine/Content/EngineMaterials/Substrate/Glints2/dict_0002_0093.uexp" 4404
"../../../Engine/Content/EngineMaterials/Substrate/Glints2/dict_0007_0043.uasset" 4405
"../../../Engine/Content/EngineMaterials/Substrate/Glints2/dict_0007_0043.uexp" 4406
"../../../Engine/Content/EngineMaterials/Substrate/Glints2/dict_0003_0202.uasset" 4407
"../../../Engine/Content/EngineMaterials/Substrate/Glints2/dict_0003_0202.uexp" 4408
"../../../Engine/Content/EngineMaterials/Substrate/Glints2/dict_0007_0208.uasset" 4409
"../../../Engine/Content/EngineMaterials/Substrate/Glints2/dict_0007_0208.uexp" 4410
"../../../Engine/Content/EngineMaterials/Substrate/Glints2/dict_0007_0112.uasset" 4411
"../../../Engine/Content/EngineMaterials/Substrate/Glints2/dict_0007_0112.uexp" 4412
"../../../Engine/Content/EngineMaterials/Substrate/Glints2/dict_0003_0173.uasset" 4413
"../../../Engine/Content/EngineMaterials/Substrate/Glints2/dict_0003_0173.uexp" 4414
"../../../Engine/Content/EngineMaterials/Substrate/Glints2/dict_0003_0097.uasset" 4415
"../../../Engine/Content/EngineMaterials/Substrate/Glints2/dict_0003_0097.uexp" 4416
"../../../Engine/Content/EngineMaterials/Substrate/Glints2/dict_0000_0159.uasset" 4417
"../../../Engine/Content/EngineMaterials/Substrate/Glints2/dict_0000_0159.uexp" 4418
"../../../Engine/Content/EngineMaterials/Substrate/Glints2/dict_0001_0095.uasset" 4419
"../../../Engine/Content/EngineMaterials/Substrate/Glints2/dict_0001_0095.uexp" 4420
"../../../Engine/Content/EngineMaterials/Substrate/Glints2/dict_0007_0146.uasset" 4421
"../../../Engine/Content/EngineMaterials/Substrate/Glints2/dict_0007_0146.uexp" 4422
"../../../Engine/Content/EngineMaterials/Substrate/Glints2/dict_0007_0046.uasset" 4423
"../../../Engine/Content/EngineMaterials/Substrate/Glints2/dict_0007_0046.uexp" 4424
"../../../Engine/Content/EngineMaterials/Substrate/Glints2/dict_0002_0239.uasset" 4425
"../../../Engine/Content/EngineMaterials/Substrate/Glints2/dict_0002_0239.uexp" 4426
"../../../Engine/Content/EngineMaterials/Substrate/Glints2/dict_0001_0078.uasset" 4427
"../../../Engine/Content/EngineMaterials/Substrate/Glints2/dict_0001_0078.uexp" 4428
"../../../Engine/Content/EngineMaterials/Substrate/Glints2/dict_0001_0042.uasset" 4429
"../../../Engine/Content/EngineMaterials/Substrate/Glints2/dict_0001_0042.uexp" 4430
"../../../Engine/Content/EngineMaterials/Substrate/Glints2/dict_0003_0243.uasset" 4431
"../../../Engine/Content/EngineMaterials/Substrate/Glints2/dict_0003_0243.uexp" 4432
"../../../Engine/Content/EngineMaterials/Substrate/Glints2/dict_0001_0109.uasset" 4433
"../../../Engine/Content/EngineMaterials/Substrate/Glints2/dict_0001_0109.uexp" 4434
"../../../Engine/Content/EngineMaterials/Substrate/Glints2/dict_0005_0061.uasset" 4435
"../../../Engine/Content/EngineMaterials/Substrate/Glints2/dict_0005_0061.uexp" 4436
"../../../Engine/Content/EngineMaterials/Substrate/Glints2/dict_0003_0104.uasset" 4437
"../../../Engine/Content/EngineMaterials/Substrate/Glints2/dict_0003_0104.uexp" 4438
"../../../Engine/Content/EngineMaterials/Substrate/Glints2/dict_0002_0181.uasset" 4439
"../../../Engine/Content/EngineMaterials/Substrate/Glints2/dict_0002_0181.uexp" 4440
"../../../Engine/Content/EngineMaterials/Substrate/Glints2/dict_0006_0097.uasset" 4441
"../../../Engine/Content/EngineMaterials/Substrate/Glints2/dict_0006_0097.uexp" 4442
"../../../Engine/Content/EngineMaterials/Substrate/Glints2/dict_0007_0255.uasset" 4443
"../../../Engine/Content/EngineMaterials/Substrate/Glints2/dict_0007_0255.uexp" 4444
"../../../Engine/Content/EngineMaterials/Substrate/Glints2/dict_0007_0014.uasset" 4445
"../../../Engine/Content/EngineMaterials/Substrate/Glints2/dict_0007_0014.uexp" 4446
"../../../Engine/Content/EngineMaterials/Substrate/Glints2/dict_0002_0080.uasset" 4447
"../../../Engine/Content/EngineMaterials/Substrate/Glints2/dict_0002_0080.uexp" 4448
"../../../Engine/Content/EngineMaterials/Substrate/Glints2/dict_0005_0075.uasset" 4449
"../../../Engine/Content/EngineMaterials/Substrate/Glints2/dict_0005_0075.uexp" 4450
"../../../Engine/Content/EngineMaterials/Substrate/Glints2/dict_0000_0073.uasset" 4451
"../../../Engine/Content/EngineMaterials/Substrate/Glints2/dict_0000_0073.uexp" 4452
"../../../Engine/Content/EngineMaterials/Substrate/Glints2/dict_0002_0231.uasset" 4453
"../../../Engine/Content/EngineMaterials/Substrate/Glints2/dict_0002_0231.uexp" 4454
"../../../Engine/Content/EngineMaterials/Substrate/Glints2/dict_0002_0052.uasset" 4455
"../../../Engine/Content/EngineMaterials/Substrate/Glints2/dict_0002_0052.uexp" 4456
"../../../Engine/Content/EngineMaterials/Substrate/Glints2/dict_0002_0037.uasset" 4457
"../../../Engine/Content/EngineMaterials/Substrate/Glints2/dict_0002_0037.uexp" 4458
"../../../Engine/Content/EngineMaterials/Substrate/Glints2/dict_0006_0056.uasset" 4459
"../../../Engine/Content/EngineMaterials/Substrate/Glints2/dict_0006_0056.uexp" 4460
"../../../Engine/Content/EngineMaterials/Substrate/Glints2/dict_0001_0104.uasset" 4461
"../../../Engine/Content/EngineMaterials/Substrate/Glints2/dict_0001_0104.uexp" 4462
"../../../Engine/Content/EngineMaterials/Substrate/Glints2/dict_0001_0033.uasset" 4463
"../../../Engine/Content/EngineMaterials/Substrate/Glints2/dict_0001_0033.uexp" 4464
"../../../Engine/Content/EngineMaterials/Substrate/Glints2/dict_0007_0227.uasset" 4465
"../../../Engine/Content/EngineMaterials/Substrate/Glints2/dict_0007_0227.uexp" 4466
"../../../Engine/Content/EngineMaterials/Substrate/Glints2/dict_0006_0195.uasset" 4467
"../../../Engine/Content/EngineMaterials/Substrate/Glints2/dict_0006_0195.uexp" 4468
"../../../Engine/Content/EngineMaterials/Substrate/Glints2/dict_0005_0129.uasset" 4469
"../../../Engine/Content/EngineMaterials/Substrate/Glints2/dict_0005_0129.uexp" 4470
"../../../Engine/Content/EngineMaterials/Substrate/Glints2/dict_0006_0231.uasset" 4471
"../../../Engine/Content/EngineMaterials/Substrate/Glints2/dict_0006_0231.uexp" 4472
"../../../Engine/Content/EngineMaterials/Substrate/Glints2/dict_0006_0118.uasset" 4473
"../../../Engine/Content/EngineMaterials/Substrate/Glints2/dict_0006_0118.uexp" 4474
"../../../Engine/Content/EngineMaterials/Substrate/Glints2/dict_0003_0018.uasset" 4475
"../../../Engine/Content/EngineMaterials/Substrate/Glints2/dict_0003_0018.uexp" 4476
"../../../Engine/Content/EngineMaterials/Substrate/Glints2/dict_0000_0141.uasset" 4477
"../../../Engine/Content/EngineMaterials/Substrate/Glints2/dict_0000_0141.uexp" 4478
"../../../Engine/Content/EngineMaterials/Substrate/Glints2/dict_0000_0064.uasset" 4479
"../../../Engine/Content/EngineMaterials/Substrate/Glints2/dict_0000_0064.uexp" 4480
"../../../Engine/Content/EngineMaterials/Substrate/Glints2/dict_0001_0143.uasset" 4481
"../../../Engine/Content/EngineMaterials/Substrate/Glints2/dict_0001_0143.uexp" 4482
"../../../Engine/Content/EngineMaterials/Substrate/Glints2/dict_0007_0139.uasset" 4483
"../../../Engine/Content/EngineMaterials/Substrate/Glints2/dict_0007_0139.uexp" 4484
"../../../Engine/Content/EngineMaterials/Substrate/Glints2/dict_0004_0050.uasset" 4485
"../../../Engine/Content/EngineMaterials/Substrate/Glints2/dict_0004_0050.uexp" 4486
"../../../Engine/Content/EngineMaterials/Substrate/Glints2/dict_0001_0147.uasset" 4487
"../../../Engine/Content/EngineMaterials/Substrate/Glints2/dict_0001_0147.uexp" 4488
"../../../Engine/Content/EngineMaterials/Substrate/Glints2/dict_0000_0128.uasset" 4489
"../../../Engine/Content/EngineMaterials/Substrate/Glints2/dict_0000_0128.uexp" 4490
"../../../Engine/Content/EngineMaterials/Substrate/Glints2/dict_0006_0015.uasset" 4491
"../../../Engine/Content/EngineMaterials/Substrate/Glints2/dict_0006_0015.uexp" 4492
"../../../Engine/Content/EngineMaterials/Substrate/Glints2/dict_0004_0207.uasset" 4493
"../../../Engine/Content/EngineMaterials/Substrate/Glints2/dict_0004_0207.uexp" 4494
"../../../Engine/Content/EngineMaterials/Substrate/Glints2/dict_0004_0089.uasset" 4495
"../../../Engine/Content/EngineMaterials/Substrate/Glints2/dict_0004_0089.uexp" 4496
"../../../Engine/Content/EngineMaterials/Substrate/Glints2/dict_0003_0050.uasset" 4497
"../../../Engine/Content/EngineMaterials/Substrate/Glints2/dict_0003_0050.uexp" 4498
"../../../Engine/Content/EngineMaterials/Substrate/Glints2/dict_0002_0201.uasset" 4499
"../../../Engine/Content/EngineMaterials/Substrate/Glints2/dict_0002_0201.uexp" 4500
"../../../Engine/Content/EngineMaterials/Substrate/Glints2/dict_0002_0013.uasset" 4501
"../../../Engine/Content/EngineMaterials/Substrate/Glints2/dict_0002_0013.uexp" 4502
"../../../Engine/Content/EngineMaterials/Substrate/Glints2/dict_0007_0239.uasset" 4503
"../../../Engine/Content/EngineMaterials/Substrate/Glints2/dict_0007_0239.uexp" 4504
"../../../Engine/Content/EngineMaterials/Substrate/Glints2/dict_0001_0223.uasset" 4505
"../../../Engine/Content/EngineMaterials/Substrate/Glints2/dict_0001_0223.uexp" 4506
"../../../Engine/Content/EngineMaterials/Substrate/Glints2/dict_0002_0078.uasset" 4507
"../../../Engine/Content/EngineMaterials/Substrate/Glints2/dict_0002_0078.uexp" 4508
"../../../Engine/Content/EngineMaterials/Substrate/Glints2/dict_0002_0129.uasset" 4509
"../../../Engine/Content/EngineMaterials/Substrate/Glints2/dict_0002_0129.uexp" 4510
"../../../Engine/Content/EngineMaterials/Substrate/Glints2/dict_0005_0249.uasset" 4511
"../../../Engine/Content/EngineMaterials/Substrate/Glints2/dict_0005_0249.uexp" 4512
"../../../Engine/Content/EngineMaterials/Substrate/Glints2/dict_0003_0143.uasset" 4513
"../../../Engine/Content/EngineMaterials/Substrate/Glints2/dict_0003_0143.uexp" 4514
"../../../Engine/Content/EngineMaterials/Substrate/Glints2/dict_0003_0033.uasset" 4515
"../../../Engine/Content/EngineMaterials/Substrate/Glints2/dict_0003_0033.uexp" 4516
"../../../Engine/Content/EngineMaterials/Substrate/Glints2/dict_0004_0185.uasset" 4517
"../../../Engine/Content/EngineMaterials/Substrate/Glints2/dict_0004_0185.uexp" 4518
"../../../Engine/Content/EngineMaterials/Substrate/Glints2/dict_0001_0043.uasset" 4519
"../../../Engine/Content/EngineMaterials/Substrate/Glints2/dict_0001_0043.uexp" 4520
"../../../Engine/Content/EngineMaterials/Substrate/Glints2/dict_0004_0255.uasset" 4521
"../../../Engine/Content/EngineMaterials/Substrate/Glints2/dict_0004_0255.uexp" 4522
"../../../Engine/Content/EngineMaterials/Substrate/Glints2/dict_0005_0137.uasset" 4523
"../../../Engine/Content/EngineMaterials/Substrate/Glints2/dict_0005_0137.uexp" 4524
"../../../Engine/Content/EngineMaterials/Substrate/Glints2/dict_0007_0219.uasset" 4525
"../../../Engine/Content/EngineMaterials/Substrate/Glints2/dict_0007_0219.uexp" 4526
"../../../Engine/Content/EngineMaterials/Substrate/Glints2/dict_0005_0154.uasset" 4527
"../../../Engine/Content/EngineMaterials/Substrate/Glints2/dict_0005_0154.uexp" 4528
"../../../Engine/Content/EngineMaterials/Substrate/Glints2/dict_0004_0173.uasset" 4529
"../../../Engine/Content/EngineMaterials/Substrate/Glints2/dict_0004_0173.uexp" 4530
"../../../Engine/Content/EngineMaterials/Substrate/Glints2/dict_0005_0190.uasset" 4531
"../../../Engine/Content/EngineMaterials/Substrate/Glints2/dict_0005_0190.uexp" 4532
"../../../Engine/Content/EngineMaterials/Substrate/Glints2/dict_0000_0070.uasset" 4533
"../../../Engine/Content/EngineMaterials/Substrate/Glints2/dict_0000_0070.uexp" 4534
"../../../Engine/Content/EngineMaterials/Substrate/Glints2/dict_0001_0144.uasset" 4535
"../../../Engine/Content/EngineMaterials/Substrate/Glints2/dict_0001_0144.uexp" 4536
"../../../Engine/Content/EngineMaterials/Substrate/Glints2/dict_0006_0146.uasset" 4537
"../../../Engine/Content/EngineMaterials/Substrate/Glints2/dict_0006_0146.uexp" 4538
"../../../Engine/Content/EngineMaterials/Substrate/Glints2/dict_0005_0247.uasset" 4539
"../../../Engine/Content/EngineMaterials/Substrate/Glints2/dict_0005_0247.uexp" 4540
"../../../Engine/Content/EngineMaterials/Substrate/Glints2/dict_0000_0176.uasset" 4541
"../../../Engine/Content/EngineMaterials/Substrate/Glints2/dict_0000_0176.uexp" 4542
"../../../Engine/Content/EngineMaterials/Substrate/Glints2/dict_0000_0163.uasset" 4543
"../../../Engine/Content/EngineMaterials/Substrate/Glints2/dict_0000_0163.uexp" 4544
"../../../Engine/Content/EngineMaterials/Substrate/Glints2/dict_0007_0242.uasset" 4545
"../../../Engine/Content/EngineMaterials/Substrate/Glints2/dict_0007_0242.uexp" 4546
"../../../Engine/Content/EngineMaterials/Substrate/Glints2/dict_0004_0149.uasset" 4547
"../../../Engine/Content/EngineMaterials/Substrate/Glints2/dict_0004_0149.uexp" 4548
"../../../Engine/Content/EngineMaterials/Substrate/Glints2/dict_0000_0094.uasset" 4549
"../../../Engine/Content/EngineMaterials/Substrate/Glints2/dict_0000_0094.uexp" 4550
"../../../Engine/Content/EngineMaterials/Substrate/Glints2/dict_0005_0162.uasset" 4551
"../../../Engine/Content/EngineMaterials/Substrate/Glints2/dict_0005_0162.uexp" 4552
"../../../Engine/Content/EngineMaterials/Substrate/Glints2/dict_0005_0000.uasset" 4553
"../../../Engine/Content/EngineMaterials/Substrate/Glints2/dict_0005_0000.uexp" 4554
"../../../Engine/Content/EngineMaterials/Substrate/Glints2/dict_0003_0187.uasset" 4555
"../../../Engine/Content/EngineMaterials/Substrate/Glints2/dict_0003_0187.uexp" 4556
"../../../Engine/Content/EngineMaterials/Substrate/Glints2/dict_0004_0194.uasset" 4557
"../../../Engine/Content/EngineMaterials/Substrate/Glints2/dict_0004_0194.uexp" 4558
"../../../Engine/Content/EngineMaterials/Substrate/Glints2/dict_0004_0112.uasset" 4559
"../../../Engine/Content/EngineMaterials/Substrate/Glints2/dict_0004_0112.uexp" 4560
"../../../Engine/Content/EngineMaterials/Substrate/Glints2/dict_0003_0010.uasset" 4561
"../../../Engine/Content/EngineMaterials/Substrate/Glints2/dict_0003_0010.uexp" 4562
"../../../Engine/Content/EngineMaterials/Substrate/Glints2/dict_0002_0176.uasset" 4563
"../../../Engine/Content/EngineMaterials/Substrate/Glints2/dict_0002_0176.uexp" 4564
"../../../Engine/Content/EngineMaterials/Substrate/Glints2/dict_0002_0112.uasset" 4565
"../../../Engine/Content/EngineMaterials/Substrate/Glints2/dict_0002_0112.uexp" 4566
"../../../Engine/Content/EngineMaterials/Substrate/Glints2/dict_0005_0187.uasset" 4567
"../../../Engine/Content/EngineMaterials/Substrate/Glints2/dict_0005_0187.uexp" 4568
"../../../Engine/Content/EngineMaterials/Substrate/Glints2/dict_0000_0078.uasset" 4569
"../../../Engine/Content/EngineMaterials/Substrate/Glints2/dict_0000_0078.uexp" 4570
"../../../Engine/Content/EngineMaterials/Substrate/Glints2/dict_0007_0170.uasset" 4571
"../../../Engine/Content/EngineMaterials/Substrate/Glints2/dict_0007_0170.uexp" 4572
"../../../Engine/Content/EngineMaterials/Substrate/Glints2/dict_0004_0072.uasset" 4573
"../../../Engine/Content/EngineMaterials/Substrate/Glints2/dict_0004_0072.uexp" 4574
"../../../Engine/Content/EngineMaterials/Substrate/Glints2/dict_0001_0229.uasset" 4575
"../../../Engine/Content/EngineMaterials/Substrate/Glints2/dict_0001_0229.uexp" 4576
"../../../Engine/Content/EngineMaterials/Substrate/Glints2/dict_0007_0039.uasset" 4577
"../../../Engine/Content/EngineMaterials/Substrate/Glints2/dict_0007_0039.uexp" 4578
"../../../Engine/Content/EngineMaterials/Substrate/Glints2/dict_0003_0000.uasset" 4579
"../../../Engine/Content/EngineMaterials/Substrate/Glints2/dict_0003_0000.uexp" 4580
"../../../Engine/Content/EngineMaterials/Substrate/Glints2/dict_0001_0026.uasset" 4581
"../../../Engine/Content/EngineMaterials/Substrate/Glints2/dict_0001_0026.uexp" 4582
"../../../Engine/Content/EngineMaterials/Substrate/Glints2/dict_0005_0218.uasset" 4583
"../../../Engine/Content/EngineMaterials/Substrate/Glints2/dict_0005_0218.uexp" 4584
"../../../Engine/Content/EngineMaterials/Substrate/Glints2/dict_0001_0008.uasset" 4585
"../../../Engine/Content/EngineMaterials/Substrate/Glints2/dict_0001_0008.uexp" 4586
"../../../Engine/Content/EngineMaterials/Substrate/Glints2/dict_0007_0189.uasset" 4587
"../../../Engine/Content/EngineMaterials/Substrate/Glints2/dict_0007_0189.uexp" 4588
"../../../Engine/Content/EngineMaterials/Substrate/Glints2/dict_0007_0214.uasset" 4589
"../../../Engine/Content/EngineMaterials/Substrate/Glints2/dict_0007_0214.uexp" 4590
"../../../Engine/Content/EngineMaterials/Substrate/Glints2/dict_0005_0119.uasset" 4591
"../../../Engine/Content/EngineMaterials/Substrate/Glints2/dict_0005_0119.uexp" 4592
"../../../Engine/Content/EngineMaterials/Substrate/Glints2/dict_0003_0008.uasset" 4593
"../../../Engine/Content/EngineMaterials/Substrate/Glints2/dict_0003_0008.uexp" 4594
"../../../Engine/Content/EngineMaterials/Substrate/Glints2/dict_0007_0180.uasset" 4595
"../../../Engine/Content/EngineMaterials/Substrate/Glints2/dict_0007_0180.uexp" 4596
"../../../Engine/Content/EngineMaterials/Substrate/Glints2/dict_0006_0000.uasset" 4597
"../../../Engine/Content/EngineMaterials/Substrate/Glints2/dict_0006_0000.uexp" 4598
"../../../Engine/Content/EngineMaterials/Substrate/Glints2/dict_0004_0148.uasset" 4599
"../../../Engine/Content/EngineMaterials/Substrate/Glints2/dict_0004_0148.uexp" 4600
"../../../Engine/Content/EngineMaterials/Substrate/Glints2/dict_0002_0163.uasset" 4601
"../../../Engine/Content/EngineMaterials/Substrate/Glints2/dict_0002_0163.uexp" 4602
"../../../Engine/Content/EngineMaterials/Substrate/Glints2/dict_0001_0134.uasset" 4603
"../../../Engine/Content/EngineMaterials/Substrate/Glints2/dict_0001_0134.uexp" 4604
"../../../Engine/Content/EngineMaterials/Substrate/Glints2/dict_0000_0224.uasset" 4605
"../../../Engine/Content/EngineMaterials/Substrate/Glints2/dict_0000_0224.uexp" 4606
"../../../Engine/Content/EngineMaterials/Substrate/Glints2/dict_0005_0194.uasset" 4607
"../../../Engine/Content/EngineMaterials/Substrate/Glints2/dict_0005_0194.uexp" 4608
"../../../Engine/Content/EngineMaterials/Substrate/Glints2/dict_0001_0215.uasset" 4609
"../../../Engine/Content/EngineMaterials/Substrate/Glints2/dict_0001_0215.uexp" 4610
"../../../Engine/Content/EngineMaterials/Substrate/Glints2/dict_0001_0067.uasset" 4611
"../../../Engine/Content/EngineMaterials/Substrate/Glints2/dict_0001_0067.uexp" 4612
"../../../Engine/Content/EngineMaterials/Substrate/Glints2/dict_0005_0141.uasset" 4613
"../../../Engine/Content/EngineMaterials/Substrate/Glints2/dict_0005_0141.uexp" 4614
"../../../Engine/Content/EngineMaterials/Substrate/Glints2/dict_0003_0029.uasset" 4615
"../../../Engine/Content/EngineMaterials/Substrate/Glints2/dict_0003_0029.uexp" 4616
"../../../Engine/Content/EngineMaterials/Substrate/Glints2/dict_0001_0238.uasset" 4617
"../../../Engine/Content/EngineMaterials/Substrate/Glints2/dict_0001_0238.uexp" 4618
"../../../Engine/Content/EngineMaterials/Substrate/Glints2/dict_0001_0094.uasset" 4619
"../../../Engine/Content/EngineMaterials/Substrate/Glints2/dict_0001_0094.uexp" 4620
"../../../Engine/Content/EngineMaterials/Substrate/Glints2/dict_0005_0091.uasset" 4621
"../../../Engine/Content/EngineMaterials/Substrate/Glints2/dict_0005_0091.uexp" 4622
"../../../Engine/Content/EngineMaterials/Substrate/Glints2/dict_0005_0006.uasset" 4623
"../../../Engine/Content/EngineMaterials/Substrate/Glints2/dict_0005_0006.uexp" 4624
"../../../Engine/Content/EngineMaterials/Substrate/Glints2/dict_0006_0016.uasset" 4625
"../../../Engine/Content/EngineMaterials/Substrate/Glints2/dict_0006_0016.uexp" 4626
"../../../Engine/Content/EngineMaterials/Substrate/Glints2/dict_0001_0196.uasset" 4627
"../../../Engine/Content/EngineMaterials/Substrate/Glints2/dict_0001_0196.uexp" 4628
"../../../Engine/Content/EngineMaterials/Substrate/Glints2/dict_0001_0193.uasset" 4629
"../../../Engine/Content/EngineMaterials/Substrate/Glints2/dict_0001_0193.uexp" 4630
"../../../Engine/Content/EngineMaterials/Substrate/Glints2/dict_0000_0248.uasset" 4631
"../../../Engine/Content/EngineMaterials/Substrate/Glints2/dict_0000_0248.uexp" 4632
"../../../Engine/Content/EngineMaterials/Substrate/Glints2/dict_0000_0068.uasset" 4633
"../../../Engine/Content/EngineMaterials/Substrate/Glints2/dict_0000_0068.uexp" 4634
"../../../Engine/Content/EngineMaterials/Substrate/Glints2/dict_0007_0193.uasset" 4635
"../../../Engine/Content/EngineMaterials/Substrate/Glints2/dict_0007_0193.uexp" 4636
"../../../Engine/Content/EngineMaterials/Substrate/Glints2/dict_0003_0170.uasset" 4637
"../../../Engine/Content/EngineMaterials/Substrate/Glints2/dict_0003_0170.uexp" 4638
"../../../Engine/Content/EngineMaterials/Substrate/Glints2/dict_0002_0053.uasset" 4639
"../../../Engine/Content/EngineMaterials/Substrate/Glints2/dict_0002_0053.uexp" 4640
"../../../Engine/Content/EngineMaterials/Substrate/Glints2/dict_0004_0123.uasset" 4641
"../../../Engine/Content/EngineMaterials/Substrate/Glints2/dict_0004_0123.uexp" 4642
"../../../Engine/Content/EngineMaterials/Substrate/Glints2/dict_0005_0242.uasset" 4643
"../../../Engine/Content/EngineMaterials/Substrate/Glints2/dict_0005_0242.uexp" 4644
"../../../Engine/Content/EngineMaterials/Substrate/Glints2/dict_0002_0228.uasset" 4645
"../../../Engine/Content/EngineMaterials/Substrate/Glints2/dict_0002_0228.uexp" 4646
"../../../Engine/Content/EngineMaterials/Substrate/Glints2/dict_0004_0252.uasset" 4647
"../../../Engine/Content/EngineMaterials/Substrate/Glints2/dict_0004_0252.uexp" 4648
"../../../Engine/Content/EngineMaterials/Substrate/Glints2/dict_0002_0023.uasset" 4649
"../../../Engine/Content/EngineMaterials/Substrate/Glints2/dict_0002_0023.uexp" 4650
"../../../Engine/Content/EngineMaterials/Substrate/Glints2/dict_0000_0006.uasset" 4651
"../../../Engine/Content/EngineMaterials/Substrate/Glints2/dict_0000_0006.uexp" 4652
"../../../Engine/Content/EngineMaterials/Substrate/Glints2/dict_0006_0092.uasset" 4653
"../../../Engine/Content/EngineMaterials/Substrate/Glints2/dict_0006_0092.uexp" 4654
"../../../Engine/Content/EngineMaterials/Substrate/Glints2/dict_0006_0024.uasset" 4655
"../../../Engine/Content/EngineMaterials/Substrate/Glints2/dict_0006_0024.uexp" 4656
"../../../Engine/Content/EngineMaterials/Substrate/Glints2/dict_0004_0225.uasset" 4657
"../../../Engine/Content/EngineMaterials/Substrate/Glints2/dict_0004_0225.uexp" 4658
"../../../Engine/Content/EngineMaterials/Substrate/Glints2/dict_0004_0021.uasset" 4659
"../../../Engine/Content/EngineMaterials/Substrate/Glints2/dict_0004_0021.uexp" 4660
"../../../Engine/Content/EngineMaterials/Substrate/Glints2/dict_0002_0216.uasset" 4661
"../../../Engine/Content/EngineMaterials/Substrate/Glints2/dict_0002_0216.uexp" 4662
"../../../Engine/Content/EngineMaterials/Substrate/Glints2/dict_0002_0016.uasset" 4663
"../../../Engine/Content/EngineMaterials/Substrate/Glints2/dict_0002_0016.uexp" 4664
"../../../Engine/Content/EngineMaterials/Substrate/Glints2/dict_0004_0097.uasset" 4665
"../../../Engine/Content/EngineMaterials/Substrate/Glints2/dict_0004_0097.uexp" 4666
"../../../Engine/Content/EngineMaterials/Substrate/Glints2/dict_0002_0028.uasset" 4667
"../../../Engine/Content/EngineMaterials/Substrate/Glints2/dict_0002_0028.uexp" 4668
"../../../Engine/Content/EngineMaterials/Substrate/Glints2/dict_0002_0010.uasset" 4669
"../../../Engine/Content/EngineMaterials/Substrate/Glints2/dict_0002_0010.uexp" 4670
"../../../Engine/Content/EngineMaterials/Substrate/Glints2/dict_0001_0049.uasset" 4671
"../../../Engine/Content/EngineMaterials/Substrate/Glints2/dict_0001_0049.uexp" 4672
"../../../Engine/Content/EngineMaterials/Substrate/Glints2/dict_0005_0041.uasset" 4673
"../../../Engine/Content/EngineMaterials/Substrate/Glints2/dict_0005_0041.uexp" 4674
"../../../Engine/Content/EngineMaterials/Substrate/Glints2/dict_0006_0034.uasset" 4675
"../../../Engine/Content/EngineMaterials/Substrate/Glints2/dict_0006_0034.uexp" 4676
"../../../Engine/Content/EngineMaterials/Substrate/Glints2/dict_0003_0112.uasset" 4677
"../../../Engine/Content/EngineMaterials/Substrate/Glints2/dict_0003_0112.uexp" 4678
"../../../Engine/Content/EngineMaterials/Substrate/Glints2/dict_0000_0012.uasset" 4679
"../../../Engine/Content/EngineMaterials/Substrate/Glints2/dict_0000_0012.uexp" 4680
"../../../Engine/Content/EngineMaterials/Substrate/Glints2/dict_0003_0209.uasset" 4681
"../../../Engine/Content/EngineMaterials/Substrate/Glints2/dict_0003_0209.uexp" 4682
"../../../Engine/Content/EngineMaterials/Substrate/Glints2/dict_0000_0131.uasset" 4683
"../../../Engine/Content/EngineMaterials/Substrate/Glints2/dict_0000_0131.uexp" 4684
"../../../Engine/Content/EngineMaterials/Substrate/Glints2/dict_0003_0194.uasset" 4685
"../../../Engine/Content/EngineMaterials/Substrate/Glints2/dict_0003_0194.uexp" 4686
"../../../Engine/Content/EngineMaterials/Substrate/Glints2/dict_0000_0206.uasset" 4687
"../../../Engine/Content/EngineMaterials/Substrate/Glints2/dict_0000_0206.uexp" 4688
"../../../Engine/Content/EngineMaterials/Substrate/Glints2/dict_0003_0236.uasset" 4689
"../../../Engine/Content/EngineMaterials/Substrate/Glints2/dict_0003_0236.uexp" 4690
"../../../Engine/Content/EngineMaterials/Substrate/Glints2/dict_0003_0228.uasset" 4691
"../../../Engine/Content/EngineMaterials/Substrate/Glints2/dict_0003_0228.uexp" 4692
"../../../Engine/Content/EngineMaterials/Substrate/Glints2/dict_0000_0250.uasset" 4693
"../../../Engine/Content/EngineMaterials/Substrate/Glints2/dict_0000_0250.uexp" 4694
"../../../Engine/Content/EngineMaterials/Substrate/Glints2/dict_0004_0033.uasset" 4695
"../../../Engine/Content/EngineMaterials/Substrate/Glints2/dict_0004_0033.uexp" 4696
"../../../Engine/Content/EngineMaterials/Substrate/Glints2/dict_0002_0056.uasset" 4697
"../../../Engine/Content/EngineMaterials/Substrate/Glints2/dict_0002_0056.uexp" 4698
"../../../Engine/Content/EngineMaterials/Substrate/Glints2/dict_0007_0051.uasset" 4699
"../../../Engine/Content/EngineMaterials/Substrate/Glints2/dict_0007_0051.uexp" 4700
"../../../Engine/Content/EngineMaterials/Substrate/Glints2/dict_0005_0081.uasset" 4701
"../../../Engine/Content/EngineMaterials/Substrate/Glints2/dict_0005_0081.uexp" 4702
"../../../Engine/Content/EngineMaterials/Substrate/Glints2/dict_0005_0032.uasset" 4703
"../../../Engine/Content/EngineMaterials/Substrate/Glints2/dict_0005_0032.uexp" 4704
"../../../Engine/Content/EngineMaterials/Substrate/Glints2/dict_0002_0227.uasset" 4705
"../../../Engine/Content/EngineMaterials/Substrate/Glints2/dict_0002_0227.uexp" 4706
"../../../Engine/Content/EngineMaterials/Substrate/Glints2/dict_0001_0236.uasset" 4707
"../../../Engine/Content/EngineMaterials/Substrate/Glints2/dict_0001_0236.uexp" 4708
"../../../Engine/Content/EngineMaterials/Substrate/Glints2/dict_0001_0205.uasset" 4709
"../../../Engine/Content/EngineMaterials/Substrate/Glints2/dict_0001_0205.uexp" 4710
"../../../Engine/Content/EngineMaterials/Substrate/Glints2/dict_0001_0061.uasset" 4711
"../../../Engine/Content/EngineMaterials/Substrate/Glints2/dict_0001_0061.uexp" 4712
"../../../Engine/Content/EngineMaterials/Substrate/Glints2/dict_0000_0245.uasset" 4713
"../../../Engine/Content/EngineMaterials/Substrate/Glints2/dict_0000_0245.uexp" 4714
"../../../Engine/Content/EngineMaterials/Substrate/Glints2/dict_0000_0071.uasset" 4715
"../../../Engine/Content/EngineMaterials/Substrate/Glints2/dict_0000_0071.uexp" 4716
"../../../Engine/Content/EngineMaterials/Substrate/Glints2/dict_0007_0188.uasset" 4717
"../../../Engine/Content/EngineMaterials/Substrate/Glints2/dict_0007_0188.uexp" 4718
"../../../Engine/Content/EngineMaterials/Substrate/Glints2/dict_0007_0167.uasset" 4719
"../../../Engine/Content/EngineMaterials/Substrate/Glints2/dict_0007_0167.uexp" 4720
"../../../Engine/Content/EngineMaterials/Substrate/Glints2/dict_0005_0098.uasset" 4721
"../../../Engine/Content/EngineMaterials/Substrate/Glints2/dict_0005_0098.uexp" 4722
"../../../Engine/Content/EngineMaterials/Substrate/Glints2/dict_0005_0233.uasset" 4723
"../../../Engine/Content/EngineMaterials/Substrate/Glints2/dict_0005_0233.uexp" 4724
"../../../Engine/Content/EngineMaterials/Substrate/Glints2/dict_0006_0255.uasset" 4725
"../../../Engine/Content/EngineMaterials/Substrate/Glints2/dict_0006_0255.uexp" 4726
"../../../Engine/Content/EngineMaterials/Substrate/Glints2/dict_0005_0181.uasset" 4727
"../../../Engine/Content/EngineMaterials/Substrate/Glints2/dict_0005_0181.uexp" 4728
"../../../Engine/Content/EngineMaterials/Substrate/Glints2/dict_0004_0066.uasset" 4729
"../../../Engine/Content/EngineMaterials/Substrate/Glints2/dict_0004_0066.uexp" 4730
"../../../Engine/Content/EngineMaterials/Substrate/Glints2/dict_0003_0240.uasset" 4731
"../../../Engine/Content/EngineMaterials/Substrate/Glints2/dict_0003_0240.uexp" 4732
"../../../Engine/Content/EngineMaterials/Substrate/Glints2/dict_0002_0085.uasset" 4733
"../../../Engine/Content/EngineMaterials/Substrate/Glints2/dict_0002_0085.uexp" 4734
"../../../Engine/Content/EngineMaterials/Substrate/Glints2/dict_0006_0217.uasset" 4735
"../../../Engine/Content/EngineMaterials/Substrate/Glints2/dict_0006_0217.uexp" 4736
"../../../Engine/Content/EngineMaterials/Substrate/Glints2/dict_0006_0090.uasset" 4737
"../../../Engine/Content/EngineMaterials/Substrate/Glints2/dict_0006_0090.uexp" 4738
"../../../Engine/Content/EngineMaterials/Substrate/Glints2/dict_0002_0224.uasset" 4739
"../../../Engine/Content/EngineMaterials/Substrate/Glints2/dict_0002_0224.uexp" 4740
"../../../Engine/Content/EngineMaterials/Substrate/Glints2/dict_0007_0148.uasset" 4741
"../../../Engine/Content/EngineMaterials/Substrate/Glints2/dict_0007_0148.uexp" 4742
"../../../Engine/Content/EngineMaterials/Substrate/Glints2/dict_0006_0188.uasset" 4743
"../../../Engine/Content/EngineMaterials/Substrate/Glints2/dict_0006_0188.uexp" 4744
"../../../Engine/Content/EngineMaterials/Substrate/Glints2/dict_0000_0249.uasset" 4745
"../../../Engine/Content/EngineMaterials/Substrate/Glints2/dict_0000_0249.uexp" 4746
"../../../Engine/Content/EngineMaterials/Substrate/Glints2/dict_0006_0250.uasset" 4747
"../../../Engine/Content/EngineMaterials/Substrate/Glints2/dict_0006_0250.uexp" 4748
"../../../Engine/Content/EngineMaterials/Substrate/Glints2/dict_0005_0014.uasset" 4749
"../../../Engine/Content/EngineMaterials/Substrate/Glints2/dict_0005_0014.uexp" 4750
"../../../Engine/Content/EngineMaterials/Substrate/Glints2/dict_0004_0186.uasset" 4751
"../../../Engine/Content/EngineMaterials/Substrate/Glints2/dict_0004_0186.uexp" 4752
"../../../Engine/Content/EngineMaterials/Substrate/Glints2/dict_0001_0103.uasset" 4753
"../../../Engine/Content/EngineMaterials/Substrate/Glints2/dict_0001_0103.uexp" 4754
"../../../Engine/Content/EngineMaterials/Substrate/Glints2/dict_0006_0233.uasset" 4755
"../../../Engine/Content/EngineMaterials/Substrate/Glints2/dict_0006_0233.uexp" 4756
"../../../Engine/Content/EngineMaterials/Substrate/Glints2/dict_0000_0195.uasset" 4757
"../../../Engine/Content/EngineMaterials/Substrate/Glints2/dict_0000_0195.uexp" 4758
"../../../Engine/Content/EngineMaterials/Substrate/Glints2/dict_0005_0013.uasset" 4759
"../../../Engine/Content/EngineMaterials/Substrate/Glints2/dict_0005_0013.uexp" 4760
"../../../Engine/Content/EngineMaterials/Substrate/Glints2/dict_0001_0202.uasset" 4761
"../../../Engine/Content/EngineMaterials/Substrate/Glints2/dict_0001_0202.uexp" 4762
"../../../Engine/Content/EngineMaterials/Substrate/Glints2/dict_0002_0132.uasset" 4763
"../../../Engine/Content/EngineMaterials/Substrate/Glints2/dict_0002_0132.uexp" 4764
"../../../Engine/Content/EngineMaterials/Substrate/Glints2/dict_0007_0055.uasset" 4765
"../../../Engine/Content/EngineMaterials/Substrate/Glints2/dict_0007_0055.uexp" 4766
"../../../Engine/Content/EngineMaterials/Substrate/Glints2/dict_0006_0153.uasset" 4767
"../../../Engine/Content/EngineMaterials/Substrate/Glints2/dict_0006_0153.uexp" 4768
"../../../Engine/Content/EngineMaterials/Substrate/Glints2/dict_0005_0251.uasset" 4769
"../../../Engine/Content/EngineMaterials/Substrate/Glints2/dict_0005_0251.uexp" 4770
"../../../Engine/Content/EngineMaterials/Substrate/Glints2/dict_0003_0079.uasset" 4771
"../../../Engine/Content/EngineMaterials/Substrate/Glints2/dict_0003_0079.uexp" 4772
"../../../Engine/Content/EngineMaterials/Substrate/Glints2/dict_0000_0111.uasset" 4773
"../../../Engine/Content/EngineMaterials/Substrate/Glints2/dict_0000_0111.uexp" 4774
"../../../Engine/Content/EngineMaterials/Substrate/Glints2/dict_0000_0104.uasset" 4775
"../../../Engine/Content/EngineMaterials/Substrate/Glints2/dict_0000_0104.uexp" 4776
"../../../Engine/Content/EngineMaterials/Substrate/Glints2/dict_0005_0175.uasset" 4777
"../../../Engine/Content/EngineMaterials/Substrate/Glints2/dict_0005_0175.uexp" 4778
"../../../Engine/Content/EngineMaterials/Substrate/Glints2/dict_0004_0136.uasset" 4779
"../../../Engine/Content/EngineMaterials/Substrate/Glints2/dict_0004_0136.uexp" 4780
"../../../Engine/Content/EngineMaterials/Substrate/Glints2/dict_0001_0075.uasset" 4781
"../../../Engine/Content/EngineMaterials/Substrate/Glints2/dict_0001_0075.uexp" 4782
"../../../Engine/Content/EngineMaterials/Substrate/Glints2/dict_0007_0201.uasset" 4783
"../../../Engine/Content/EngineMaterials/Substrate/Glints2/dict_0007_0201.uexp" 4784
"../../../Engine/Content/EngineMaterials/Substrate/Glints2/dict_0006_0221.uasset" 4785
"../../../Engine/Content/EngineMaterials/Substrate/Glints2/dict_0006_0221.uexp" 4786
"../../../Engine/Content/EngineMaterials/Substrate/Glints2/dict_0006_0131.uasset" 4787
"../../../Engine/Content/EngineMaterials/Substrate/Glints2/dict_0006_0131.uexp" 4788
"../../../Engine/Content/EngineMaterials/Substrate/Glints2/dict_0003_0051.uasset" 4789
"../../../Engine/Content/EngineMaterials/Substrate/Glints2/dict_0003_0051.uexp" 4790
"../../../Engine/Content/EngineMaterials/Substrate/Glints2/dict_0000_0058.uasset" 4791
"../../../Engine/Content/EngineMaterials/Substrate/Glints2/dict_0000_0058.uexp" 4792
"../../../Engine/Content/EngineMaterials/Substrate/Glints2/dict_0004_0223.uasset" 4793
"../../../Engine/Content/EngineMaterials/Substrate/Glints2/dict_0004_0223.uexp" 4794
"../../../Engine/Content/EngineMaterials/Substrate/Glints2/dict_0004_0032.uasset" 4795
"../../../Engine/Content/EngineMaterials/Substrate/Glints2/dict_0004_0032.uexp" 4796
"../../../Engine/Content/EngineMaterials/Substrate/Glints2/dict_0003_0155.uasset" 4797
"../../../Engine/Content/EngineMaterials/Substrate/Glints2/dict_0003_0155.uexp" 4798
"../../../Engine/Content/EngineMaterials/Substrate/Glints2/dict_0003_0206.uasset" 4799
"../../../Engine/Content/EngineMaterials/Substrate/Glints2/dict_0003_0206.uexp" 4800
"../../../Engine/Content/EngineMaterials/Substrate/Glints2/dict_0005_0090.uasset" 4801
"../../../Engine/Content/EngineMaterials/Substrate/Glints2/dict_0005_0090.uexp" 4802
"../../../Engine/Content/EngineMaterials/Substrate/Glints2/dict_0004_0085.uasset" 4803
"../../../Engine/Content/EngineMaterials/Substrate/Glints2/dict_0004_0085.uexp" 4804
"../../../Engine/Content/EngineMaterials/Substrate/Glints2/dict_0000_0116.uasset" 4805
"../../../Engine/Content/EngineMaterials/Substrate/Glints2/dict_0000_0116.uexp" 4806
"../../../Engine/Content/EngineMaterials/Substrate/Glints2/dict_0006_0010.uasset" 4807
"../../../Engine/Content/EngineMaterials/Substrate/Glints2/dict_0006_0010.uexp" 4808
"../../../Engine/Content/EngineMaterials/Substrate/Glints2/dict_0006_0169.uasset" 4809
"../../../Engine/Content/EngineMaterials/Substrate/Glints2/dict_0006_0169.uexp" 4810
"../../../Engine/Content/EngineMaterials/Substrate/Glints2/dict_0006_0154.uasset" 4811
"../../../Engine/Content/EngineMaterials/Substrate/Glints2/dict_0006_0154.uexp" 4812
"../../../Engine/Content/EngineMaterials/Substrate/Glints2/dict_0006_0060.uasset" 4813
"../../../Engine/Content/EngineMaterials/Substrate/Glints2/dict_0006_0060.uexp" 4814
"../../../Engine/Content/EngineMaterials/Substrate/Glints2/dict_0003_0147.uasset" 4815
"../../../Engine/Content/EngineMaterials/Substrate/Glints2/dict_0003_0147.uexp" 4816
"../../../Engine/Content/EngineMaterials/Substrate/Glints2/dict_0002_0082.uasset" 4817
"../../../Engine/Content/EngineMaterials/Substrate/Glints2/dict_0002_0082.uexp" 4818
"../../../Engine/Content/EngineMaterials/Substrate/Glints2/dict_0007_0156.uasset" 4819
"../../../Engine/Content/EngineMaterials/Substrate/Glints2/dict_0007_0156.uexp" 4820
"../../../Engine/Content/EngineMaterials/Substrate/Glints2/dict_0007_0145.uasset" 4821
"../../../Engine/Content/EngineMaterials/Substrate/Glints2/dict_0007_0145.uexp" 4822
"../../../Engine/Content/EngineMaterials/Substrate/Glints2/dict_0006_0197.uasset" 4823
"../../../Engine/Content/EngineMaterials/Substrate/Glints2/dict_0006_0197.uexp" 4824
"../../../Engine/Content/EngineMaterials/Substrate/Glints2/dict_0005_0157.uasset" 4825
"../../../Engine/Content/EngineMaterials/Substrate/Glints2/dict_0005_0157.uexp" 4826
"../../../Engine/Content/EngineMaterials/Substrate/Glints2/dict_0005_0178.uasset" 4827
"../../../Engine/Content/EngineMaterials/Substrate/Glints2/dict_0005_0178.uexp" 4828
"../../../Engine/Content/EngineMaterials/Substrate/Glints2/dict_0003_0150.uasset" 4829
"../../../Engine/Content/EngineMaterials/Substrate/Glints2/dict_0003_0150.uexp" 4830
"../../../Engine/Content/EngineMaterials/Substrate/Glints2/dict_0006_0048.uasset" 4831
"../../../Engine/Content/EngineMaterials/Substrate/Glints2/dict_0006_0048.uexp" 4832
"../../../Engine/Content/EngineMaterials/Substrate/Glints2/dict_0004_0101.uasset" 4833
"../../../Engine/Content/EngineMaterials/Substrate/Glints2/dict_0004_0101.uexp" 4834
"../../../Engine/Content/EngineMaterials/Substrate/Glints2/dict_0003_0211.uasset" 4835
"../../../Engine/Content/EngineMaterials/Substrate/Glints2/dict_0003_0211.uexp" 4836
"../../../Engine/Content/EngineMaterials/Substrate/Glints2/dict_0003_0031.uasset" 4837
"../../../Engine/Content/EngineMaterials/Substrate/Glints2/dict_0003_0031.uexp" 4838
"../../../Engine/Content/EngineMaterials/Substrate/Glints2/dict_0007_0160.uasset" 4839
"../../../Engine/Content/EngineMaterials/Substrate/Glints2/dict_0007_0160.uexp" 4840
"../../../Engine/Content/EngineMaterials/Substrate/Glints2/dict_0007_0120.uasset" 4841
"../../../Engine/Content/EngineMaterials/Substrate/Glints2/dict_0007_0120.uexp" 4842
"../../../Engine/Content/EngineMaterials/Substrate/Glints2/dict_0005_0235.uasset" 4843
"../../../Engine/Content/EngineMaterials/Substrate/Glints2/dict_0005_0235.uexp" 4844
"../../../Engine/Content/EngineMaterials/Substrate/Glints2/dict_0003_0141.uasset" 4845
"../../../Engine/Content/EngineMaterials/Substrate/Glints2/dict_0003_0141.uexp" 4846
"../../../Engine/Content/EngineMaterials/Substrate/Glints2/dict_0001_0069.uasset" 4847
"../../../Engine/Content/EngineMaterials/Substrate/Glints2/dict_0001_0069.uexp" 4848
"../../../Engine/Content/EngineMaterials/Substrate/Glints2/dict_0007_0231.uasset" 4849
"../../../Engine/Content/EngineMaterials/Substrate/Glints2/dict_0007_0231.uexp" 4850
"../../../Engine/Content/EngineMaterials/Substrate/Glints2/dict_0007_0075.uasset" 4851
"../../../Engine/Content/EngineMaterials/Substrate/Glints2/dict_0007_0075.uexp" 4852
"../../../Engine/Content/EngineMaterials/Substrate/Glints2/dict_0000_0050.uasset" 4853
"../../../Engine/Content/EngineMaterials/Substrate/Glints2/dict_0000_0050.uexp" 4854
"../../../Engine/Content/EngineMaterials/Substrate/Glints2/dict_0005_0215.uasset" 4855
"../../../Engine/Content/EngineMaterials/Substrate/Glints2/dict_0005_0215.uexp" 4856
"../../../Engine/Content/EngineMaterials/Substrate/Glints2/dict_0004_0065.uasset" 4857
"../../../Engine/Content/EngineMaterials/Substrate/Glints2/dict_0004_0065.uexp" 4858
"../../../Engine/Content/EngineMaterials/Substrate/Glints2/dict_0001_0251.uasset" 4859
"../../../Engine/Content/EngineMaterials/Substrate/Glints2/dict_0001_0251.uexp" 4860
"../../../Engine/Content/EngineMaterials/Substrate/Glints2/dict_0005_0145.uasset" 4861
"../../../Engine/Content/EngineMaterials/Substrate/Glints2/dict_0005_0145.uexp" 4862
"../../../Engine/Content/EngineMaterials/Substrate/Glints2/dict_0003_0106.uasset" 4863
"../../../Engine/Content/EngineMaterials/Substrate/Glints2/dict_0003_0106.uexp" 4864
"../../../Engine/Content/EngineMaterials/Substrate/Glints2/dict_0007_0092.uasset" 4865
"../../../Engine/Content/EngineMaterials/Substrate/Glints2/dict_0007_0092.uexp" 4866
"../../../Engine/Content/EngineMaterials/Substrate/Glints2/dict_0006_0067.uasset" 4867
"../../../Engine/Content/EngineMaterials/Substrate/Glints2/dict_0006_0067.uexp" 4868
"../../../Engine/Content/EngineMaterials/Substrate/Glints2/dict_0005_0140.uasset" 4869
"../../../Engine/Content/EngineMaterials/Substrate/Glints2/dict_0005_0140.uexp" 4870
"../../../Engine/Content/EngineMaterials/Substrate/Glints2/dict_0002_0055.uasset" 4871
"../../../Engine/Content/EngineMaterials/Substrate/Glints2/dict_0002_0055.uexp" 4872
"../../../Engine/Content/EngineMaterials/Substrate/Glints2/dict_0001_0130.uasset" 4873
"../../../Engine/Content/EngineMaterials/Substrate/Glints2/dict_0001_0130.uexp" 4874
"../../../Engine/Content/EngineMaterials/Substrate/Glints2/dict_0003_0254.uasset" 4875
"../../../Engine/Content/EngineMaterials/Substrate/Glints2/dict_0003_0254.uexp" 4876
"../../../Engine/Content/EngineMaterials/Substrate/Glints2/dict_0004_0200.uasset" 4877
"../../../Engine/Content/EngineMaterials/Substrate/Glints2/dict_0004_0200.uexp" 4878
"../../../Engine/Content/EngineMaterials/Substrate/Glints2/dict_0004_0187.uasset" 4879
"../../../Engine/Content/EngineMaterials/Substrate/Glints2/dict_0004_0187.uexp" 4880
"../../../Engine/Content/EngineMaterials/Substrate/Glints2/dict_0001_0014.uasset" 4881
"../../../Engine/Content/EngineMaterials/Substrate/Glints2/dict_0001_0014.uexp" 4882
"../../../Engine/Content/EngineMaterials/Substrate/Glints2/dict_0005_0248.uasset" 4883
"../../../Engine/Content/EngineMaterials/Substrate/Glints2/dict_0005_0248.uexp" 4884
"../../../Engine/Content/EngineMaterials/Substrate/Glints2/dict_0005_0124.uasset" 4885
"../../../Engine/Content/EngineMaterials/Substrate/Glints2/dict_0005_0124.uexp" 4886
"../../../Engine/Content/EngineMaterials/Substrate/Glints2/dict_0004_0221.uasset" 4887
"../../../Engine/Content/EngineMaterials/Substrate/Glints2/dict_0004_0221.uexp" 4888
"../../../Engine/Content/EngineMaterials/Substrate/Glints2/dict_0000_0130.uasset" 4889
"../../../Engine/Content/EngineMaterials/Substrate/Glints2/dict_0000_0130.uexp" 4890
"../../../Engine/Content/EngineMaterials/Substrate/Glints2/dict_0002_0111.uasset" 4891
"../../../Engine/Content/EngineMaterials/Substrate/Glints2/dict_0002_0111.uexp" 4892
"../../../Engine/Content/EngineMaterials/Substrate/Glints2/dict_0000_0127.uasset" 4893
"../../../Engine/Content/EngineMaterials/Substrate/Glints2/dict_0000_0127.uexp" 4894
"../../../Engine/Content/EngineMaterials/Substrate/Glints2/dict_0006_0214.uasset" 4895
"../../../Engine/Content/EngineMaterials/Substrate/Glints2/dict_0006_0214.uexp" 4896
"../../../Engine/Content/EngineMaterials/Substrate/Glints2/dict_0005_0208.uasset" 4897
"../../../Engine/Content/EngineMaterials/Substrate/Glints2/dict_0005_0208.uexp" 4898
"../../../Engine/Content/EngineMaterials/Substrate/Glints2/dict_0002_0222.uasset" 4899
"../../../Engine/Content/EngineMaterials/Substrate/Glints2/dict_0002_0222.uexp" 4900
"../../../Engine/Content/EngineMaterials/Substrate/Glints2/dict_0002_0046.uasset" 4901
"../../../Engine/Content/EngineMaterials/Substrate/Glints2/dict_0002_0046.uexp" 4902
"../../../Engine/Content/EngineMaterials/Substrate/Glints2/dict_0005_0229.uasset" 4903
"../../../Engine/Content/EngineMaterials/Substrate/Glints2/dict_0005_0229.uexp" 4904
"../../../Engine/Content/EngineMaterials/Substrate/Glints2/dict_0003_0146.uasset" 4905
"../../../Engine/Content/EngineMaterials/Substrate/Glints2/dict_0003_0146.uexp" 4906
"../../../Engine/Content/EngineMaterials/Substrate/Glints2/dict_0003_0113.uasset" 4907
"../../../Engine/Content/EngineMaterials/Substrate/Glints2/dict_0003_0113.uexp" 4908
"../../../Engine/Content/EngineMaterials/Substrate/Glints2/dict_0005_0089.uasset" 4909
"../../../Engine/Content/EngineMaterials/Substrate/Glints2/dict_0005_0089.uexp" 4910
"../../../Engine/Content/EngineMaterials/Substrate/Glints2/dict_0003_0089.uasset" 4911
"../../../Engine/Content/EngineMaterials/Substrate/Glints2/dict_0003_0089.uexp" 4912
"../../../Engine/Content/EngineMaterials/Substrate/Glints2/dict_0001_0120.uasset" 4913
"../../../Engine/Content/EngineMaterials/Substrate/Glints2/dict_0001_0120.uexp" 4914
"../../../Engine/Content/EngineMaterials/Substrate/Glints2/dict_0001_0174.uasset" 4915
"../../../Engine/Content/EngineMaterials/Substrate/Glints2/dict_0001_0174.uexp" 4916
"../../../Engine/Content/EngineMaterials/Substrate/Glints2/dict_0006_0196.uasset" 4917
"../../../Engine/Content/EngineMaterials/Substrate/Glints2/dict_0006_0196.uexp" 4918
"../../../Engine/Content/EngineMaterials/Substrate/Glints2/dict_0005_0139.uasset" 4919
"../../../Engine/Content/EngineMaterials/Substrate/Glints2/dict_0005_0139.uexp" 4920
"../../../Engine/Content/EngineMaterials/Substrate/Glints2/dict_0006_0242.uasset" 4921
"../../../Engine/Content/EngineMaterials/Substrate/Glints2/dict_0006_0242.uexp" 4922
"../../../Engine/Content/EngineMaterials/Substrate/Glints2/dict_0005_0114.uasset" 4923
"../../../Engine/Content/EngineMaterials/Substrate/Glints2/dict_0005_0114.uexp" 4924
"../../../Engine/Content/EngineMaterials/Substrate/Glints2/dict_0004_0013.uasset" 4925
"../../../Engine/Content/EngineMaterials/Substrate/Glints2/dict_0004_0013.uexp" 4926
"../../../Engine/Content/EngineMaterials/Substrate/Glints2/dict_0003_0213.uasset" 4927
"../../../Engine/Content/EngineMaterials/Substrate/Glints2/dict_0003_0213.uexp" 4928
"../../../Engine/Content/EngineMaterials/Substrate/Glints2/dict_0002_0143.uasset" 4929
"../../../Engine/Content/EngineMaterials/Substrate/Glints2/dict_0002_0143.uexp" 4930
"../../../Engine/Content/EngineMaterials/Substrate/Glints2/dict_0004_0216.uasset" 4931
"../../../Engine/Content/EngineMaterials/Substrate/Glints2/dict_0004_0216.uexp" 4932
"../../../Engine/Content/EngineMaterials/Substrate/Glints2/dict_0003_0086.uasset" 4933
"../../../Engine/Content/EngineMaterials/Substrate/Glints2/dict_0003_0086.uexp" 4934
"../../../Engine/Content/EngineMaterials/Substrate/Glints2/dict_0000_0170.uasset" 4935
"../../../Engine/Content/EngineMaterials/Substrate/Glints2/dict_0000_0170.uexp" 4936
"../../../Engine/Content/EngineMaterials/Substrate/Glints2/dict_0007_0127.uasset" 4937
"../../../Engine/Content/EngineMaterials/Substrate/Glints2/dict_0007_0127.uexp" 4938
"../../../Engine/Content/EngineMaterials/Substrate/Glints2/dict_0006_0135.uasset" 4939
"../../../Engine/Content/EngineMaterials/Substrate/Glints2/dict_0006_0135.uexp" 4940
"../../../Engine/Content/EngineMaterials/Substrate/Glints2/dict_0004_0193.uasset" 4941
"../../../Engine/Content/EngineMaterials/Substrate/Glints2/dict_0004_0193.uexp" 4942
"../../../Engine/Content/EngineMaterials/Substrate/Glints2/dict_0004_0111.uasset" 4943
"../../../Engine/Content/EngineMaterials/Substrate/Glints2/dict_0004_0111.uexp" 4944
"../../../Engine/Content/EngineMaterials/Substrate/Glints2/dict_0003_0159.uasset" 4945
"../../../Engine/Content/EngineMaterials/Substrate/Glints2/dict_0003_0159.uexp" 4946
"../../../Engine/Content/EngineMaterials/Substrate/Glints2/dict_0001_0128.uasset" 4947
"../../../Engine/Content/EngineMaterials/Substrate/Glints2/dict_0001_0128.uexp" 4948
"../../../Engine/Content/EngineMaterials/Substrate/Glints2/dict_0000_0022.uasset" 4949
"../../../Engine/Content/EngineMaterials/Substrate/Glints2/dict_0000_0022.uexp" 4950
"../../../Engine/Content/EngineMaterials/Substrate/Glints2/dict_0007_0069.uasset" 4951
"../../../Engine/Content/EngineMaterials/Substrate/Glints2/dict_0007_0069.uexp" 4952
"../../../Engine/Content/EngineMaterials/Substrate/Glints2/dict_0006_0041.uasset" 4953
"../../../Engine/Content/EngineMaterials/Substrate/Glints2/dict_0006_0041.uexp" 4954
"../../../Engine/Content/EngineMaterials/Substrate/Glints2/dict_0001_0161.uasset" 4955
"../../../Engine/Content/EngineMaterials/Substrate/Glints2/dict_0001_0161.uexp" 4956
"../../../Engine/Content/EngineMaterials/Substrate/Glints2/dict_0005_0132.uasset" 4957
"../../../Engine/Content/EngineMaterials/Substrate/Glints2/dict_0005_0132.uexp" 4958
"../../../Engine/Content/EngineMaterials/Substrate/Glints2/dict_0002_0174.uasset" 4959
"../../../Engine/Content/EngineMaterials/Substrate/Glints2/dict_0002_0174.uexp" 4960
"../../../Engine/Content/EngineMaterials/Substrate/Glints2/dict_0000_0221.uasset" 4961
"../../../Engine/Content/EngineMaterials/Substrate/Glints2/dict_0000_0221.uexp" 4962
"../../../Engine/Content/EngineMaterials/Substrate/Glints2/dict_0007_0090.uasset" 4963
"../../../Engine/Content/EngineMaterials/Substrate/Glints2/dict_0007_0090.uexp" 4964
"../../../Engine/Content/EngineMaterials/Substrate/Glints2/dict_0005_0066.uasset" 4965
"../../../Engine/Content/EngineMaterials/Substrate/Glints2/dict_0005_0066.uexp" 4966
"../../../Engine/Content/EngineMaterials/Substrate/Glints2/dict_0002_0202.uasset" 4967
"../../../Engine/Content/EngineMaterials/Substrate/Glints2/dict_0002_0202.uexp" 4968
"../../../Engine/Content/EngineMaterials/Substrate/Glints2/dict_0002_0245.uasset" 4969
"../../../Engine/Content/EngineMaterials/Substrate/Glints2/dict_0002_0245.uexp" 4970
"../../../Engine/Content/EngineMaterials/Substrate/Glints2/dict_0000_0150.uasset" 4971
"../../../Engine/Content/EngineMaterials/Substrate/Glints2/dict_0000_0150.uexp" 4972
"../../../Engine/Content/EngineMaterials/Substrate/Glints2/dict_0004_0142.uasset" 4973
"../../../Engine/Content/EngineMaterials/Substrate/Glints2/dict_0004_0142.uexp" 4974
"../../../Engine/Content/EngineMaterials/Substrate/Glints2/dict_0001_0065.uasset" 4975
"../../../Engine/Content/EngineMaterials/Substrate/Glints2/dict_0001_0065.uexp" 4976
"../../../Engine/Content/EngineMaterials/Substrate/Glints2/dict_0005_0069.uasset" 4977
"../../../Engine/Content/EngineMaterials/Substrate/Glints2/dict_0005_0069.uexp" 4978
"../../../Engine/Content/EngineMaterials/Substrate/Glints2/dict_0000_0067.uasset" 4979
"../../../Engine/Content/EngineMaterials/Substrate/Glints2/dict_0000_0067.uexp" 4980
"../../../Engine/Content/EngineMaterials/Substrate/Glints2/dict_0006_0074.uasset" 4981
"../../../Engine/Content/EngineMaterials/Substrate/Glints2/dict_0006_0074.uexp" 4982
"../../../Engine/Content/EngineMaterials/Substrate/Glints2/dict_0001_0016.uasset" 4983
"../../../Engine/Content/EngineMaterials/Substrate/Glints2/dict_0001_0016.uexp" 4984
"../../../Engine/Content/EngineMaterials/Substrate/Glints2/dict_0004_0175.uasset" 4985
"../../../Engine/Content/EngineMaterials/Substrate/Glints2/dict_0004_0175.uexp" 4986
"../../../Engine/Content/EngineMaterials/Substrate/Glints2/dict_0005_0212.uasset" 4987
"../../../Engine/Content/EngineMaterials/Substrate/Glints2/dict_0005_0212.uexp" 4988
"../../../Engine/Content/EngineMaterials/Substrate/Glints2/dict_0004_0239.uasset" 4989
"../../../Engine/Content/EngineMaterials/Substrate/Glints2/dict_0004_0239.uexp" 4990
"../../../Engine/Content/EngineMaterials/Substrate/Glints2/dict_0001_0126.uasset" 4991
"../../../Engine/Content/EngineMaterials/Substrate/Glints2/dict_0001_0126.uexp" 4992
"../../../Engine/Content/EngineMaterials/Substrate/Glints2/dict_0000_0202.uasset" 4993
"../../../Engine/Content/EngineMaterials/Substrate/Glints2/dict_0000_0202.uexp" 4994
"../../../Engine/Content/EngineMaterials/Substrate/Glints2/dict_0007_0037.uasset" 4995
"../../../Engine/Content/EngineMaterials/Substrate/Glints2/dict_0007_0037.uexp" 4996
"../../../Engine/Content/EngineMaterials/Substrate/Glints2/dict_0007_0018.uasset" 4997
"../../../Engine/Content/EngineMaterials/Substrate/Glints2/dict_0007_0018.uexp" 4998
"../../../Engine/Content/EngineMaterials/Substrate/Glints2/dict_0001_0132.uasset" 4999
"../../../Engine/Content/EngineMaterials/Substrate/Glints2/dict_0001_0132.uexp" 5000
"../../../Engine/Content/EngineMaterials/Substrate/Glints2/dict_0001_0088.uasset" 5001
"../../../Engine/Content/EngineMaterials/Substrate/Glints2/dict_0001_0088.uexp" 5002
"../../../Engine/Content/EngineMaterials/Substrate/Glints2/dict_0003_0048.uasset" 5003
"../../../Engine/Content/EngineMaterials/Substrate/Glints2/dict_0003_0048.uexp" 5004
"../../../Engine/Content/EngineMaterials/Substrate/Glints2/dict_0005_0165.uasset" 5005
"../../../Engine/Content/EngineMaterials/Substrate/Glints2/dict_0005_0165.uexp" 5006
"../../../Engine/Content/EngineMaterials/Substrate/Glints2/dict_0005_0043.uasset" 5007
"../../../Engine/Content/EngineMaterials/Substrate/Glints2/dict_0005_0043.uexp" 5008
"../../../Engine/Content/EngineMaterials/Substrate/Glints2/dict_0001_0086.uasset" 5009
"../../../Engine/Content/EngineMaterials/Substrate/Glints2/dict_0001_0086.uexp" 5010
"../../../Engine/Content/EngineMaterials/Substrate/Glints2/dict_0006_0152.uasset" 5011
"../../../Engine/Content/EngineMaterials/Substrate/Glints2/dict_0006_0152.uexp" 5012
"../../../Engine/Content/EngineMaterials/Substrate/Glints2/dict_0004_0025.uasset" 5013
"../../../Engine/Content/EngineMaterials/Substrate/Glints2/dict_0004_0025.uexp" 5014
"../../../Engine/Content/EngineMaterials/Substrate/Glints2/dict_0006_0012.uasset" 5015
"../../../Engine/Content/EngineMaterials/Substrate/Glints2/dict_0006_0012.uexp" 5016
"../../../Engine/Content/EngineMaterials/Substrate/Glints2/dict_0005_0026.uasset" 5017
"../../../Engine/Content/EngineMaterials/Substrate/Glints2/dict_0005_0026.uexp" 5018
"../../../Engine/Content/EngineMaterials/Substrate/Glints2/dict_0000_0183.uasset" 5019
"../../../Engine/Content/EngineMaterials/Substrate/Glints2/dict_0000_0183.uexp" 5020
"../../../Engine/Content/EngineMaterials/Substrate/Glints2/dict_0002_0068.uasset" 5021
"../../../Engine/Content/EngineMaterials/Substrate/Glints2/dict_0002_0068.uexp" 5022
"../../../Engine/Content/EngineMaterials/Substrate/Glints2/dict_0005_0226.uasset" 5023
"../../../Engine/Content/EngineMaterials/Substrate/Glints2/dict_0005_0226.uexp" 5024
"../../../Engine/Content/EngineMaterials/Substrate/Glints2/dict_0005_0197.uasset" 5025
"../../../Engine/Content/EngineMaterials/Substrate/Glints2/dict_0005_0197.uexp" 5026
"../../../Engine/Content/EngineMaterials/Substrate/Glints2/dict_0003_0227.uasset" 5027
"../../../Engine/Content/EngineMaterials/Substrate/Glints2/dict_0003_0227.uexp" 5028
"../../../Engine/Content/EngineMaterials/Substrate/Glints2/dict_0003_0040.uasset" 5029
"../../../Engine/Content/EngineMaterials/Substrate/Glints2/dict_0003_0040.uexp" 5030
"../../../Engine/Content/EngineMaterials/Substrate/Glints2/dict_0006_0128.uasset" 5031
"../../../Engine/Content/EngineMaterials/Substrate/Glints2/dict_0006_0128.uexp" 5032
"../../../Engine/Content/EngineMaterials/Substrate/Glints2/dict_0001_0013.uasset" 5033
"../../../Engine/Content/EngineMaterials/Substrate/Glints2/dict_0001_0013.uexp" 5034
"../../../Engine/Content/EngineMaterials/Substrate/Glints2/dict_0004_0245.uasset" 5035
"../../../Engine/Content/EngineMaterials/Substrate/Glints2/dict_0004_0245.uexp" 5036
"../../../Engine/Content/EngineMaterials/Substrate/Glints2/dict_0002_0169.uasset" 5037
"../../../Engine/Content/EngineMaterials/Substrate/Glints2/dict_0002_0169.uexp" 5038
"../../../Engine/Content/EngineMaterials/Substrate/Glints2/dict_0005_0023.uasset" 5039
"../../../Engine/Content/EngineMaterials/Substrate/Glints2/dict_0005_0023.uexp" 5040
"../../../Engine/Content/EngineMaterials/Substrate/Glints2/dict_0007_0161.uasset" 5041
"../../../Engine/Content/EngineMaterials/Substrate/Glints2/dict_0007_0161.uexp" 5042
"../../../Engine/Content/EngineMaterials/Substrate/Glints2/dict_0006_0157.uasset" 5043
"../../../Engine/Content/EngineMaterials/Substrate/Glints2/dict_0006_0157.uexp" 5044
"../../../Engine/Content/EngineMaterials/Substrate/Glints2/dict_0002_0102.uasset" 5045
"../../../Engine/Content/EngineMaterials/Substrate/Glints2/dict_0002_0102.uexp" 5046
"../../../Engine/Content/EngineMaterials/Substrate/Glints2/dict_0004_0024.uasset" 5047
"../../../Engine/Content/EngineMaterials/Substrate/Glints2/dict_0004_0024.uexp" 5048
"../../../Engine/Content/EngineMaterials/Substrate/Glints2/dict_0006_0142.uasset" 5049
"../../../Engine/Content/EngineMaterials/Substrate/Glints2/dict_0006_0142.uexp" 5050
"../../../Engine/Content/EngineMaterials/Substrate/Glints2/dict_0006_0105.uasset" 5051
"../../../Engine/Content/EngineMaterials/Substrate/Glints2/dict_0006_0105.uexp" 5052
"../../../Engine/Content/EngineMaterials/Substrate/Glints2/dict_0005_0002.uasset" 5053
"../../../Engine/Content/EngineMaterials/Substrate/Glints2/dict_0005_0002.uexp" 5054
"../../../Engine/Content/EngineMaterials/Substrate/Glints2/dict_0002_0209.uasset" 5055
"../../../Engine/Content/EngineMaterials/Substrate/Glints2/dict_0002_0209.uexp" 5056
"../../../Engine/Content/EngineMaterials/Substrate/Glints2/dict_0002_0243.uasset" 5057
"../../../Engine/Content/EngineMaterials/Substrate/Glints2/dict_0002_0243.uexp" 5058
"../../../Engine/Content/EngineMaterials/Substrate/Glints2/dict_0000_0255.uasset" 5059
"../../../Engine/Content/EngineMaterials/Substrate/Glints2/dict_0000_0255.uexp" 5060
"../../../Engine/Content/EngineMaterials/Substrate/Glints2/dict_0000_0149.uasset" 5061
"../../../Engine/Content/EngineMaterials/Substrate/Glints2/dict_0000_0149.uexp" 5062
"../../../Engine/Content/EngineMaterials/Substrate/Glints2/dict_0004_0070.uasset" 5063
"../../../Engine/Content/EngineMaterials/Substrate/Glints2/dict_0004_0070.uexp" 5064
"../../../Engine/Content/EngineMaterials/Substrate/Glints2/dict_0003_0019.uasset" 5065
"../../../Engine/Content/EngineMaterials/Substrate/Glints2/dict_0003_0019.uexp" 5066
"../../../Engine/Content/EngineMaterials/Substrate/Glints2/dict_0002_0100.uasset" 5067
"../../../Engine/Content/EngineMaterials/Substrate/Glints2/dict_0002_0100.uexp" 5068
"../../../Engine/Content/EngineMaterials/Substrate/Glints2/dict_0002_0062.uasset" 5069
"../../../Engine/Content/EngineMaterials/Substrate/Glints2/dict_0002_0062.uexp" 5070
"../../../Engine/Content/EngineMaterials/Substrate/Glints2/dict_0004_0195.uasset" 5071
"../../../Engine/Content/EngineMaterials/Substrate/Glints2/dict_0004_0195.uexp" 5072
"../../../Engine/Content/EngineMaterials/Substrate/Glints2/dict_0004_0082.uasset" 5073
"../../../Engine/Content/EngineMaterials/Substrate/Glints2/dict_0004_0082.uexp" 5074
"../../../Engine/Content/EngineMaterials/Substrate/Glints2/dict_0003_0026.uasset" 5075
"../../../Engine/Content/EngineMaterials/Substrate/Glints2/dict_0003_0026.uexp" 5076
"../../../Engine/Content/EngineMaterials/Substrate/Glints2/dict_0002_0040.uasset" 5077
"../../../Engine/Content/EngineMaterials/Substrate/Glints2/dict_0002_0040.uexp" 5078
"../../../Engine/Content/EngineMaterials/Substrate/Glints2/dict_0004_0165.uasset" 5079
"../../../Engine/Content/EngineMaterials/Substrate/Glints2/dict_0004_0165.uexp" 5080
"../../../Engine/Content/EngineMaterials/Substrate/Glints2/dict_0002_0211.uasset" 5081
"../../../Engine/Content/EngineMaterials/Substrate/Glints2/dict_0002_0211.uexp" 5082
"../../../Engine/Content/EngineMaterials/Substrate/Glints2/dict_0001_0066.uasset" 5083
"../../../Engine/Content/EngineMaterials/Substrate/Glints2/dict_0001_0066.uexp" 5084
"../../../Engine/Content/EngineMaterials/Substrate/Glints2/dict_0005_0099.uasset" 5085
"../../../Engine/Content/EngineMaterials/Substrate/Glints2/dict_0005_0099.uexp" 5086
"../../../Engine/Content/EngineMaterials/Substrate/Glints2/dict_0004_0039.uasset" 5087
"../../../Engine/Content/EngineMaterials/Substrate/Glints2/dict_0004_0039.uexp" 5088
"../../../Engine/Content/EngineMaterials/Substrate/Glints2/dict_0002_0019.uasset" 5089
"../../../Engine/Content/EngineMaterials/Substrate/Glints2/dict_0002_0019.uexp" 5090
"../../../Engine/Content/EngineMaterials/Substrate/Glints2/dict_0004_0134.uasset" 5091
"../../../Engine/Content/EngineMaterials/Substrate/Glints2/dict_0004_0134.uexp" 5092
"../../../Engine/Content/EngineMaterials/Substrate/Glints2/dict_0003_0091.uasset" 5093
"../../../Engine/Content/EngineMaterials/Substrate/Glints2/dict_0003_0091.uexp" 5094
"../../../Engine/Content/EngineMaterials/Substrate/Glints2/dict_0001_0184.uasset" 5095
"../../../Engine/Content/EngineMaterials/Substrate/Glints2/dict_0001_0184.uexp" 5096
"../../../Engine/Content/EngineMaterials/Substrate/Glints2/dict_0001_0090.uasset" 5097
"../../../Engine/Content/EngineMaterials/Substrate/Glints2/dict_0001_0090.uexp" 5098
"../../../Engine/Content/EngineMaterials/Substrate/Glints2/dict_0006_0208.uasset" 5099
"../../../Engine/Content/EngineMaterials/Substrate/Glints2/dict_0006_0208.uexp" 5100
"../../../Engine/Content/EngineMaterials/Substrate/Glints2/dict_0003_0061.uasset" 5101
"../../../Engine/Content/EngineMaterials/Substrate/Glints2/dict_0003_0061.uexp" 5102
"../../../Engine/Content/EngineMaterials/Substrate/Glints2/dict_0002_0203.uasset" 5103
"../../../Engine/Content/EngineMaterials/Substrate/Glints2/dict_0002_0203.uexp" 5104
"../../../Engine/Content/EngineMaterials/Substrate/Glints2/dict_0006_0232.uasset" 5105
"../../../Engine/Content/EngineMaterials/Substrate/Glints2/dict_0006_0232.uexp" 5106
"../../../Engine/Content/EngineMaterials/Substrate/Glints2/dict_0004_0114.uasset" 5107
"../../../Engine/Content/EngineMaterials/Substrate/Glints2/dict_0004_0114.uexp" 5108
"../../../Engine/Content/EngineMaterials/Substrate/Glints2/dict_0003_0226.uasset" 5109
"../../../Engine/Content/EngineMaterials/Substrate/Glints2/dict_0003_0226.uexp" 5110
"../../../Engine/Content/EngineMaterials/Substrate/Glints2/dict_0002_0157.uasset" 5111
"../../../Engine/Content/EngineMaterials/Substrate/Glints2/dict_0002_0157.uexp" 5112
"../../../Engine/Content/EngineMaterials/Substrate/Glints2/dict_0006_0117.uasset" 5113
"../../../Engine/Content/EngineMaterials/Substrate/Glints2/dict_0006_0117.uexp" 5114
"../../../Engine/Content/EngineMaterials/Substrate/Glints2/dict_0004_0159.uasset" 5115
"../../../Engine/Content/EngineMaterials/Substrate/Glints2/dict_0004_0159.uexp" 5116
"../../../Engine/Content/EngineMaterials/Substrate/Glints2/dict_0007_0081.uasset" 5117
"../../../Engine/Content/EngineMaterials/Substrate/Glints2/dict_0007_0081.uexp" 5118
"../../../Engine/Content/EngineMaterials/Substrate/Glints2/dict_0007_0197.uasset" 5119
"../../../Engine/Content/EngineMaterials/Substrate/Glints2/dict_0007_0197.uexp" 5120
"../../../Engine/Content/EngineMaterials/Substrate/Glints2/dict_0007_0101.uasset" 5121
"../../../Engine/Content/EngineMaterials/Substrate/Glints2/dict_0007_0101.uexp" 5122
"../../../Engine/Content/EngineMaterials/Substrate/Glints2/dict_0000_0173.uasset" 5123
"../../../Engine/Content/EngineMaterials/Substrate/Glints2/dict_0000_0173.uexp" 5124
"../../../Engine/Content/EngineMaterials/Substrate/Glints2/dict_0004_0198.uasset" 5125
"../../../Engine/Content/EngineMaterials/Substrate/Glints2/dict_0004_0198.uexp" 5126
"../../../Engine/Content/EngineMaterials/Substrate/Glints2/dict_0005_0082.uasset" 5127
"../../../Engine/Content/EngineMaterials/Substrate/Glints2/dict_0005_0082.uexp" 5128
"../../../Engine/Content/EngineMaterials/Substrate/Glints2/dict_0007_0235.uasset" 5129
"../../../Engine/Content/EngineMaterials/Substrate/Glints2/dict_0007_0235.uexp" 5130
"../../../Engine/Content/EngineMaterials/Substrate/Glints2/dict_0000_0146.uasset" 5131
"../../../Engine/Content/EngineMaterials/Substrate/Glints2/dict_0000_0146.uexp" 5132
"../../../Engine/Content/EngineMaterials/Substrate/Glints2/dict_0001_0140.uasset" 5133
"../../../Engine/Content/EngineMaterials/Substrate/Glints2/dict_0001_0140.uexp" 5134
"../../../Engine/Content/EngineMaterials/Substrate/Glints2/dict_0000_0238.uasset" 5135
"../../../Engine/Content/EngineMaterials/Substrate/Glints2/dict_0000_0238.uexp" 5136
"../../../Engine/Content/EngineMaterials/Substrate/Glints2/dict_0002_0170.uasset" 5137
"../../../Engine/Content/EngineMaterials/Substrate/Glints2/dict_0002_0170.uexp" 5138
"../../../Engine/Content/EngineMaterials/Substrate/Glints2/dict_0002_0114.uasset" 5139
"../../../Engine/Content/EngineMaterials/Substrate/Glints2/dict_0002_0114.uexp" 5140
"../../../Engine/Content/EngineMaterials/Substrate/Glints2/dict_0007_0200.uasset" 5141
"../../../Engine/Content/EngineMaterials/Substrate/Glints2/dict_0007_0200.uexp" 5142
"../../../Engine/Content/EngineMaterials/Substrate/Glints2/dict_0005_0159.uasset" 5143
"../../../Engine/Content/EngineMaterials/Substrate/Glints2/dict_0005_0159.uexp" 5144
"../../../Engine/Content/EngineMaterials/Substrate/Glints2/dict_0005_0101.uasset" 5145
"../../../Engine/Content/EngineMaterials/Substrate/Glints2/dict_0005_0101.uexp" 5146
"../../../Engine/Content/EngineMaterials/Substrate/Glints2/dict_0005_0011.uasset" 5147
"../../../Engine/Content/EngineMaterials/Substrate/Glints2/dict_0005_0011.uexp" 5148
"../../../Engine/Content/EngineMaterials/Substrate/Glints2/dict_0004_0005.uasset" 5149
"../../../Engine/Content/EngineMaterials/Substrate/Glints2/dict_0004_0005.uexp" 5150
"../../../Engine/Content/EngineMaterials/Substrate/Glints2/dict_0003_0212.uasset" 5151
"../../../Engine/Content/EngineMaterials/Substrate/Glints2/dict_0003_0212.uexp" 5152
"../../../Engine/Content/EngineMaterials/Substrate/Glints2/dict_0001_0242.uasset" 5153
"../../../Engine/Content/EngineMaterials/Substrate/Glints2/dict_0001_0242.uexp" 5154
"../../../Engine/Content/EngineMaterials/Substrate/Glints2/dict_0001_0169.uasset" 5155
"../../../Engine/Content/EngineMaterials/Substrate/Glints2/dict_0001_0169.uexp" 5156
"../../../Engine/Content/EngineMaterials/Substrate/Glints2/dict_0000_0191.uasset" 5157
"../../../Engine/Content/EngineMaterials/Substrate/Glints2/dict_0000_0191.uexp" 5158
"../../../Engine/Content/EngineMaterials/Substrate/Glints2/dict_0000_0137.uasset" 5159
"../../../Engine/Content/EngineMaterials/Substrate/Glints2/dict_0000_0137.uexp" 5160
"../../../Engine/Content/EngineMaterials/Substrate/Glints2/dict_0006_0162.uasset" 5161
"../../../Engine/Content/EngineMaterials/Substrate/Glints2/dict_0006_0162.uexp" 5162
"../../../Engine/Content/EngineMaterials/Substrate/Glints2/dict_0003_0012.uasset" 5163
"../../../Engine/Content/EngineMaterials/Substrate/Glints2/dict_0003_0012.uexp" 5164
"../../../Engine/Content/EngineMaterials/Substrate/Glints2/dict_0001_0255.uasset" 5165
"../../../Engine/Content/EngineMaterials/Substrate/Glints2/dict_0001_0255.uexp" 5166
"../../../Engine/Content/EngineMaterials/Substrate/Glints2/dict_0006_0110.uasset" 5167
"../../../Engine/Content/EngineMaterials/Substrate/Glints2/dict_0006_0110.uexp" 5168
"../../../Engine/Content/EngineMaterials/Substrate/Glints2/dict_0005_0079.uasset" 5169
"../../../Engine/Content/EngineMaterials/Substrate/Glints2/dict_0005_0079.uexp" 5170
"../../../Engine/Content/EngineMaterials/Substrate/Glints2/dict_0003_0131.uasset" 5171
"../../../Engine/Content/EngineMaterials/Substrate/Glints2/dict_0003_0131.uexp" 5172
"../../../Engine/Content/EngineMaterials/Substrate/Glints2/dict_0002_0151.uasset" 5173
"../../../Engine/Content/EngineMaterials/Substrate/Glints2/dict_0002_0151.uexp" 5174
"../../../Engine/Content/EngineMaterials/Substrate/Glints2/dict_0005_0051.uasset" 5175
"../../../Engine/Content/EngineMaterials/Substrate/Glints2/dict_0005_0051.uexp" 5176
"../../../Engine/Content/EngineMaterials/Substrate/Glints2/dict_0005_0029.uasset" 5177
"../../../Engine/Content/EngineMaterials/Substrate/Glints2/dict_0005_0029.uexp" 5178
"../../../Engine/Content/EngineMaterials/Substrate/Glints2/dict_0001_0172.uasset" 5179
"../../../Engine/Content/EngineMaterials/Substrate/Glints2/dict_0001_0172.uexp" 5180
"../../../Engine/Content/EngineMaterials/Substrate/Glints2/dict_0000_0148.uasset" 5181
"../../../Engine/Content/EngineMaterials/Substrate/Glints2/dict_0000_0148.uexp" 5182
"../../../Engine/Content/EngineMaterials/Substrate/Glints2/dict_0006_0201.uasset" 5183
"../../../Engine/Content/EngineMaterials/Substrate/Glints2/dict_0006_0201.uexp" 5184
"../../../Engine/Content/EngineMaterials/Substrate/Glints2/dict_0004_0141.uasset" 5185
"../../../Engine/Content/EngineMaterials/Substrate/Glints2/dict_0004_0141.uexp" 5186
"../../../Engine/Content/EngineMaterials/Substrate/Glints2/dict_0001_0211.uasset" 5187
"../../../Engine/Content/EngineMaterials/Substrate/Glints2/dict_0001_0211.uexp" 5188
"../../../Engine/Content/EngineMaterials/Substrate/Glints2/dict_0007_0150.uasset" 5189
"../../../Engine/Content/EngineMaterials/Substrate/Glints2/dict_0007_0150.uexp" 5190
"../../../Engine/Content/EngineMaterials/Substrate/Glints2/dict_0001_0252.uasset" 5191
"../../../Engine/Content/EngineMaterials/Substrate/Glints2/dict_0001_0252.uexp" 5192
"../../../Engine/Content/EngineMaterials/Substrate/Glints2/dict_0001_0240.uasset" 5193
"../../../Engine/Content/EngineMaterials/Substrate/Glints2/dict_0001_0240.uexp" 5194
"../../../Engine/Content/EngineMaterials/Substrate/Glints2/dict_0001_0079.uasset" 5195
"../../../Engine/Content/EngineMaterials/Substrate/Glints2/dict_0001_0079.uexp" 5196
"../../../Engine/Content/EngineMaterials/Substrate/Glints2/dict_0004_0026.uasset" 5197
"../../../Engine/Content/EngineMaterials/Substrate/Glints2/dict_0004_0026.uexp" 5198
"../../../Engine/Content/EngineMaterials/Substrate/Glints2/dict_0000_0157.uasset" 5199
"../../../Engine/Content/EngineMaterials/Substrate/Glints2/dict_0000_0157.uexp" 5200
"../../../Engine/Content/EngineMaterials/Substrate/Glints2/dict_0003_0233.uasset" 5201
"../../../Engine/Content/EngineMaterials/Substrate/Glints2/dict_0003_0233.uexp" 5202
"../../../Engine/Content/EngineMaterials/Substrate/Glints2/dict_0005_0096.uasset" 5203
"../../../Engine/Content/EngineMaterials/Substrate/Glints2/dict_0005_0096.uexp" 5204
"../../../Engine/Content/EngineMaterials/Substrate/Glints2/dict_0005_0059.uasset" 5205
"../../../Engine/Content/EngineMaterials/Substrate/Glints2/dict_0005_0059.uexp" 5206
"../../../Engine/Content/EngineMaterials/Substrate/Glints2/dict_0001_0099.uasset" 5207
"../../../Engine/Content/EngineMaterials/Substrate/Glints2/dict_0001_0099.uexp" 5208
"../../../Engine/Content/EngineMaterials/Substrate/Glints2/dict_0005_0115.uasset" 5209
"../../../Engine/Content/EngineMaterials/Substrate/Glints2/dict_0005_0115.uexp" 5210
"../../../Engine/Content/EngineMaterials/Substrate/Glints2/dict_0002_0213.uasset" 5211
"../../../Engine/Content/EngineMaterials/Substrate/Glints2/dict_0002_0213.uexp" 5212
"../../../Engine/Content/EngineMaterials/Substrate/Glints2/dict_0006_0175.uasset" 5213
"../../../Engine/Content/EngineMaterials/Substrate/Glints2/dict_0006_0175.uexp" 5214
"../../../Engine/Content/EngineMaterials/Substrate/Glints2/dict_0005_0167.uasset" 5215
"../../../Engine/Content/EngineMaterials/Substrate/Glints2/dict_0005_0167.uexp" 5216
"../../../Engine/Content/EngineMaterials/Substrate/Glints2/dict_0003_0246.uasset" 5217
"../../../Engine/Content/EngineMaterials/Substrate/Glints2/dict_0003_0246.uexp" 5218
"../../../Engine/Content/EngineMaterials/Substrate/Glints2/dict_0007_0177.uasset" 5219
"../../../Engine/Content/EngineMaterials/Substrate/Glints2/dict_0007_0177.uexp" 5220
"../../../Engine/Content/EngineMaterials/Substrate/Glints2/dict_0006_0009.uasset" 5221
"../../../Engine/Content/EngineMaterials/Substrate/Glints2/dict_0006_0009.uexp" 5222
"../../../Engine/Content/EngineMaterials/Substrate/Glints2/dict_0000_0198.uasset" 5223
"../../../Engine/Content/EngineMaterials/Substrate/Glints2/dict_0000_0198.uexp" 5224
"../../../Engine/Content/EngineMaterials/Substrate/Glints2/dict_0004_0001.uasset" 5225
"../../../Engine/Content/EngineMaterials/Substrate/Glints2/dict_0004_0001.uexp" 5226
"../../../Engine/Content/EngineMaterials/Substrate/Glints2/dict_0003_0032.uasset" 5227
"../../../Engine/Content/EngineMaterials/Substrate/Glints2/dict_0003_0032.uexp" 5228
"../../../Engine/Content/EngineMaterials/Substrate/Glints2/dict_0002_0207.uasset" 5229
"../../../Engine/Content/EngineMaterials/Substrate/Glints2/dict_0002_0207.uexp" 5230
"../../../Engine/Content/EngineMaterials/Substrate/Glints2/dict_0005_0104.uasset" 5231
"../../../Engine/Content/EngineMaterials/Substrate/Glints2/dict_0005_0104.uexp" 5232
"../../../Engine/Content/EngineMaterials/Substrate/Glints2/dict_0003_0171.uasset" 5233
"../../../Engine/Content/EngineMaterials/Substrate/Glints2/dict_0003_0171.uexp" 5234
"../../../Engine/Content/EngineMaterials/Substrate/Glints2/dict_0003_0021.uasset" 5235
"../../../Engine/Content/EngineMaterials/Substrate/Glints2/dict_0003_0021.uexp" 5236
"../../../Engine/Content/EngineMaterials/Substrate/Glints2/dict_0002_0017.uasset" 5237
"../../../Engine/Content/EngineMaterials/Substrate/Glints2/dict_0002_0017.uexp" 5238
"../../../Engine/Content/EngineMaterials/Substrate/Glints2/dict_0007_0061.uasset" 5239
"../../../Engine/Content/EngineMaterials/Substrate/Glints2/dict_0007_0061.uexp" 5240
"../../../Engine/Content/EngineMaterials/Substrate/Glints2/dict_0006_0189.uasset" 5241
"../../../Engine/Content/EngineMaterials/Substrate/Glints2/dict_0006_0189.uexp" 5242
"../../../Engine/Content/EngineMaterials/Substrate/Glints2/dict_0003_0164.uasset" 5243
"../../../Engine/Content/EngineMaterials/Substrate/Glints2/dict_0003_0164.uexp" 5244
"../../../Engine/Content/EngineMaterials/Substrate/Glints2/dict_0004_0121.uasset" 5245
"../../../Engine/Content/EngineMaterials/Substrate/Glints2/dict_0004_0121.uexp" 5246
"../../../Engine/Content/EngineMaterials/Substrate/Glints2/dict_0007_0143.uasset" 5247
"../../../Engine/Content/EngineMaterials/Substrate/Glints2/dict_0007_0143.uexp" 5248
"../../../Engine/Content/EngineMaterials/Substrate/Glints2/dict_0000_0192.uasset" 5249
"../../../Engine/Content/EngineMaterials/Substrate/Glints2/dict_0000_0192.uexp" 5250
"../../../Engine/Content/EngineMaterials/Substrate/Glints2/dict_0003_0199.uasset" 5251
"../../../Engine/Content/EngineMaterials/Substrate/Glints2/dict_0003_0199.uexp" 5252
"../../../Engine/Content/EngineMaterials/Substrate/Glints2/dict_0003_0176.uasset" 5253
"../../../Engine/Content/EngineMaterials/Substrate/Glints2/dict_0003_0176.uexp" 5254
"../../../Engine/Content/EngineMaterials/Substrate/Glints2/dict_0002_0179.uasset" 5255
"../../../Engine/Content/EngineMaterials/Substrate/Glints2/dict_0002_0179.uexp" 5256
"../../../Engine/Content/EngineMaterials/Substrate/Glints2/dict_0005_0012.uasset" 5257
"../../../Engine/Content/EngineMaterials/Substrate/Glints2/dict_0005_0012.uexp" 5258
"../../../Engine/Content/EngineMaterials/Substrate/Glints2/dict_0002_0193.uasset" 5259
"../../../Engine/Content/EngineMaterials/Substrate/Glints2/dict_0002_0193.uexp" 5260
"../../../Engine/Content/EngineMaterials/Substrate/Glints2/dict_0002_0187.uasset" 5261
"../../../Engine/Content/EngineMaterials/Substrate/Glints2/dict_0002_0187.uexp" 5262
"../../../Engine/Content/EngineMaterials/Substrate/Glints2/dict_0001_0241.uasset" 5263
"../../../Engine/Content/EngineMaterials/Substrate/Glints2/dict_0001_0241.uexp" 5264
"../../../Engine/Content/EngineMaterials/Substrate/Glints2/dict_0001_0234.uasset" 5265
"../../../Engine/Content/EngineMaterials/Substrate/Glints2/dict_0001_0234.uexp" 5266
"../../../Engine/Content/EngineMaterials/Substrate/Glints2/dict_0006_0084.uasset" 5267
"../../../Engine/Content/EngineMaterials/Substrate/Glints2/dict_0006_0084.uexp" 5268
"../../../Engine/Content/EngineMaterials/Substrate/Glints2/dict_0005_0171.uasset" 5269
"../../../Engine/Content/EngineMaterials/Substrate/Glints2/dict_0005_0171.uexp" 5270
"../../../Engine/Content/EngineMaterials/Substrate/Glints2/dict_0001_0003.uasset" 5271
"../../../Engine/Content/EngineMaterials/Substrate/Glints2/dict_0001_0003.uexp" 5272
"../../../Engine/Content/EngineMaterials/Substrate/Glints2/dict_0005_0020.uasset" 5273
"../../../Engine/Content/EngineMaterials/Substrate/Glints2/dict_0005_0020.uexp" 5274
"../../../Engine/Content/EngineMaterials/Substrate/Glints2/dict_0007_0129.uasset" 5275
"../../../Engine/Content/EngineMaterials/Substrate/Glints2/dict_0007_0129.uexp" 5276
"../../../Engine/Content/EngineMaterials/Substrate/Glints2/dict_0003_0154.uasset" 5277
"../../../Engine/Content/EngineMaterials/Substrate/Glints2/dict_0003_0154.uexp" 5278
"../../../Engine/Content/EngineMaterials/Substrate/Glints2/dict_0001_0055.uasset" 5279
"../../../Engine/Content/EngineMaterials/Substrate/Glints2/dict_0001_0055.uexp" 5280
"../../../Engine/Content/EngineMaterials/Substrate/Glints2/dict_0006_0192.uasset" 5281
"../../../Engine/Content/EngineMaterials/Substrate/Glints2/dict_0006_0192.uexp" 5282
"../../../Engine/Content/EngineMaterials/Substrate/Glints2/dict_0003_0005.uasset" 5283
"../../../Engine/Content/EngineMaterials/Substrate/Glints2/dict_0003_0005.uexp" 5284
"../../../Engine/Content/EngineMaterials/Substrate/Glints2/dict_0001_0185.uasset" 5285
"../../../Engine/Content/EngineMaterials/Substrate/Glints2/dict_0001_0185.uexp" 5286
"../../../Engine/Content/EngineMaterials/Substrate/Glints2/dict_0001_0080.uasset" 5287
"../../../Engine/Content/EngineMaterials/Substrate/Glints2/dict_0001_0080.uexp" 5288
"../../../Engine/Content/EngineMaterials/Substrate/Glints2/dict_0003_0237.uasset" 5289
"../../../Engine/Content/EngineMaterials/Substrate/Glints2/dict_0003_0237.uexp" 5290
"../../../Engine/Content/EngineMaterials/Substrate/Glints2/dict_0003_0203.uasset" 5291
"../../../Engine/Content/EngineMaterials/Substrate/Glints2/dict_0003_0203.uexp" 5292
"../../../Engine/Content/EngineMaterials/Substrate/Glints2/dict_0003_0092.uasset" 5293
"../../../Engine/Content/EngineMaterials/Substrate/Glints2/dict_0003_0092.uexp" 5294
"../../../Engine/Content/EngineMaterials/Substrate/Glints2/dict_0002_0147.uasset" 5295
"../../../Engine/Content/EngineMaterials/Substrate/Glints2/dict_0002_0147.uexp" 5296
"../../../Engine/Content/EngineMaterials/Substrate/Glints2/dict_0002_0134.uasset" 5297
"../../../Engine/Content/EngineMaterials/Substrate/Glints2/dict_0002_0134.uexp" 5298
"../../../Engine/Content/EngineMaterials/Substrate/Glints2/dict_0006_0081.uasset" 5299
"../../../Engine/Content/EngineMaterials/Substrate/Glints2/dict_0006_0081.uexp" 5300
"../../../Engine/Content/EngineMaterials/Substrate/Glints2/dict_0003_0183.uasset" 5301
"../../../Engine/Content/EngineMaterials/Substrate/Glints2/dict_0003_0183.uexp" 5302
"../../../Engine/Content/EngineMaterials/Substrate/Glints2/dict_0005_0207.uasset" 5303
"../../../Engine/Content/EngineMaterials/Substrate/Glints2/dict_0005_0207.uexp" 5304
"../../../Engine/Content/EngineMaterials/Substrate/Glints2/dict_0005_0184.uasset" 5305
"../../../Engine/Content/EngineMaterials/Substrate/Glints2/dict_0005_0184.uexp" 5306
"../../../Engine/Content/EngineMaterials/Substrate/Glints2/dict_0007_0204.uasset" 5307
"../../../Engine/Content/EngineMaterials/Substrate/Glints2/dict_0007_0204.uexp" 5308
"../../../Engine/Content/EngineMaterials/Substrate/Glints2/dict_0007_0023.uasset" 5309
"../../../Engine/Content/EngineMaterials/Substrate/Glints2/dict_0007_0023.uexp" 5310
"../../../Engine/Content/EngineMaterials/Substrate/Glints2/dict_0004_0246.uasset" 5311
"../../../Engine/Content/EngineMaterials/Substrate/Glints2/dict_0004_0246.uexp" 5312
"../../../Engine/Content/EngineMaterials/Substrate/Glints2/dict_0003_0169.uasset" 5313
"../../../Engine/Content/EngineMaterials/Substrate/Glints2/dict_0003_0169.uexp" 5314
"../../../Engine/Content/EngineMaterials/Substrate/Glints2/dict_0002_0108.uasset" 5315
"../../../Engine/Content/EngineMaterials/Substrate/Glints2/dict_0002_0108.uexp" 5316
"../../../Engine/Content/EngineMaterials/Substrate/Glints2/dict_0007_0187.uasset" 5317
"../../../Engine/Content/EngineMaterials/Substrate/Glints2/dict_0007_0187.uexp" 5318
"../../../Engine/Content/EngineMaterials/Substrate/Glints2/dict_0007_0086.uasset" 5319
"../../../Engine/Content/EngineMaterials/Substrate/Glints2/dict_0007_0086.uexp" 5320
"../../../Engine/Content/EngineMaterials/Substrate/Glints2/dict_0000_0029.uasset" 5321
"../../../Engine/Content/EngineMaterials/Substrate/Glints2/dict_0000_0029.uexp" 5322
"../../../Engine/Content/EngineMaterials/Substrate/Glints2/dict_0002_0092.uasset" 5323
"../../../Engine/Content/EngineMaterials/Substrate/Glints2/dict_0002_0092.uexp" 5324
"../../../Engine/Content/EngineMaterials/Substrate/Glints2/dict_0004_0058.uasset" 5325
"../../../Engine/Content/EngineMaterials/Substrate/Glints2/dict_0004_0058.uexp" 5326
"../../../Engine/Content/EngineMaterials/Substrate/Glints2/dict_0004_0215.uasset" 5327
"../../../Engine/Content/EngineMaterials/Substrate/Glints2/dict_0004_0215.uexp" 5328
"../../../Engine/Content/EngineMaterials/Substrate/Glints2/dict_0007_0062.uasset" 5329
"../../../Engine/Content/EngineMaterials/Substrate/Glints2/dict_0007_0062.uexp" 5330
"../../../Engine/Content/EngineMaterials/Substrate/Glints2/dict_0005_0067.uasset" 5331
"../../../Engine/Content/EngineMaterials/Substrate/Glints2/dict_0005_0067.uexp" 5332
"../../../Engine/Content/EngineMaterials/Substrate/Glints2/dict_0006_0098.uasset" 5333
"../../../Engine/Content/EngineMaterials/Substrate/Glints2/dict_0006_0098.uexp" 5334
"../../../Engine/Content/EngineMaterials/Substrate/Glints2/dict_0004_0179.uasset" 5335
"../../../Engine/Content/EngineMaterials/Substrate/Glints2/dict_0004_0179.uexp" 5336
"../../../Engine/Content/EngineMaterials/Substrate/Glints2/dict_0003_0119.uasset" 5337
"../../../Engine/Content/EngineMaterials/Substrate/Glints2/dict_0003_0119.uexp" 5338
"../../../Engine/Content/EngineMaterials/Substrate/Glints2/dict_0000_0153.uasset" 5339
"../../../Engine/Content/EngineMaterials/Substrate/Glints2/dict_0000_0153.uexp" 5340
"../../../Engine/Content/EngineMaterials/Substrate/Glints2/dict_0007_0199.uasset" 5341
"../../../Engine/Content/EngineMaterials/Substrate/Glints2/dict_0007_0199.uexp" 5342
"../../../Engine/Content/EngineMaterials/Substrate/Glints2/dict_0007_0185.uasset" 5343
"../../../Engine/Content/EngineMaterials/Substrate/Glints2/dict_0007_0185.uexp" 5344
"../../../Engine/Content/EngineMaterials/Substrate/Glints2/dict_0004_0052.uasset" 5345
"../../../Engine/Content/EngineMaterials/Substrate/Glints2/dict_0004_0052.uexp" 5346
"../../../Engine/Content/EngineMaterials/Substrate/Glints2/dict_0004_0028.uasset" 5347
"../../../Engine/Content/EngineMaterials/Substrate/Glints2/dict_0004_0028.uexp" 5348
"../../../Engine/Content/EngineMaterials/Substrate/Glints2/dict_0003_0088.uasset" 5349
"../../../Engine/Content/EngineMaterials/Substrate/Glints2/dict_0003_0088.uexp" 5350
"../../../Engine/Content/EngineMaterials/Substrate/Glints2/dict_0000_0175.uasset" 5351
"../../../Engine/Content/EngineMaterials/Substrate/Glints2/dict_0000_0175.uexp" 5352
"../../../Engine/Content/EngineMaterials/Substrate/Glints2/dict_0004_0242.uasset" 5353
"../../../Engine/Content/EngineMaterials/Substrate/Glints2/dict_0004_0242.uexp" 5354
"../../../Engine/Content/EngineMaterials/Substrate/Glints2/dict_0006_0176.uasset" 5355
"../../../Engine/Content/EngineMaterials/Substrate/Glints2/dict_0006_0176.uexp" 5356
"../../../Engine/Content/EngineMaterials/Substrate/Glints2/dict_0006_0043.uasset" 5357
"../../../Engine/Content/EngineMaterials/Substrate/Glints2/dict_0006_0043.uexp" 5358
"../../../Engine/Content/EngineMaterials/Substrate/Glints2/dict_0001_0190.uasset" 5359
"../../../Engine/Content/EngineMaterials/Substrate/Glints2/dict_0001_0190.uexp" 5360
"../../../Engine/Content/EngineMaterials/Substrate/Glints2/dict_0005_0220.uasset" 5361
"../../../Engine/Content/EngineMaterials/Substrate/Glints2/dict_0005_0220.uexp" 5362
"../../../Engine/Content/EngineMaterials/Substrate/Glints2/dict_0002_0014.uasset" 5363
"../../../Engine/Content/EngineMaterials/Substrate/Glints2/dict_0002_0014.uexp" 5364
"../../../Engine/Content/EngineMaterials/Substrate/Glints2/dict_0004_0074.uasset" 5365
"../../../Engine/Content/EngineMaterials/Substrate/Glints2/dict_0004_0074.uexp" 5366
"../../../Engine/Content/EngineMaterials/Substrate/Glints2/dict_0006_0219.uasset" 5367
"../../../Engine/Content/EngineMaterials/Substrate/Glints2/dict_0006_0219.uexp" 5368
"../../../Engine/Content/EngineMaterials/Substrate/Glints2/dict_0001_0232.uasset" 5369
"../../../Engine/Content/EngineMaterials/Substrate/Glints2/dict_0001_0232.uexp" 5370
"../../../Engine/Content/EngineMaterials/Substrate/Glints2/dict_0001_0124.uasset" 5371
"../../../Engine/Content/EngineMaterials/Substrate/Glints2/dict_0001_0124.uexp" 5372
"../../../Engine/Content/EngineMaterials/Substrate/Glints2/dict_0000_0246.uasset" 5373
"../../../Engine/Content/EngineMaterials/Substrate/Glints2/dict_0000_0246.uexp" 5374
"../../../Engine/Content/EngineMaterials/Substrate/Glints2/dict_0000_0189.uasset" 5375
"../../../Engine/Content/EngineMaterials/Substrate/Glints2/dict_0000_0189.uexp" 5376
"../../../Engine/Content/EngineMaterials/Substrate/Glints2/dict_0004_0190.uasset" 5377
"../../../Engine/Content/EngineMaterials/Substrate/Glints2/dict_0004_0190.uexp" 5378
"../../../Engine/Content/EngineMaterials/Substrate/Glints2/dict_0004_0157.uasset" 5379
"../../../Engine/Content/EngineMaterials/Substrate/Glints2/dict_0004_0157.uexp" 5380
"../../../Engine/Content/EngineMaterials/Substrate/Glints2/dict_0002_0098.uasset" 5381
"../../../Engine/Content/EngineMaterials/Substrate/Glints2/dict_0002_0098.uexp" 5382
"../../../Engine/Content/EngineMaterials/Substrate/Glints2/dict_0002_0066.uasset" 5383
"../../../Engine/Content/EngineMaterials/Substrate/Glints2/dict_0002_0066.uexp" 5384
"../../../Engine/Content/EngineMaterials/Substrate/Glints2/dict_0003_0205.uasset" 5385
"../../../Engine/Content/EngineMaterials/Substrate/Glints2/dict_0003_0205.uexp" 5386
"../../../Engine/Content/EngineMaterials/Substrate/Glints2/dict_0002_0171.uasset" 5387
"../../../Engine/Content/EngineMaterials/Substrate/Glints2/dict_0002_0171.uexp" 5388
"../../../Engine/Content/EngineMaterials/Substrate/Glints2/dict_0001_0133.uasset" 5389
"../../../Engine/Content/EngineMaterials/Substrate/Glints2/dict_0001_0133.uexp" 5390
"../../../Engine/Content/EngineMaterials/Substrate/Glints2/dict_0004_0205.uasset" 5391
"../../../Engine/Content/EngineMaterials/Substrate/Glints2/dict_0004_0205.uexp" 5392
"../../../Engine/Content/EngineMaterials/Substrate/Glints2/dict_0007_0168.uasset" 5393
"../../../Engine/Content/EngineMaterials/Substrate/Glints2/dict_0007_0168.uexp" 5394
"../../../Engine/Content/EngineMaterials/Substrate/Glints2/dict_0007_0117.uasset" 5395
"../../../Engine/Content/EngineMaterials/Substrate/Glints2/dict_0007_0117.uexp" 5396
"../../../Engine/Content/EngineMaterials/Substrate/Glints2/dict_0006_0089.uasset" 5397
"../../../Engine/Content/EngineMaterials/Substrate/Glints2/dict_0006_0089.uexp" 5398
"../../../Engine/Content/EngineMaterials/Substrate/Glints2/dict_0005_0211.uasset" 5399
"../../../Engine/Content/EngineMaterials/Substrate/Glints2/dict_0005_0211.uexp" 5400
"../../../Engine/Content/EngineMaterials/Substrate/Glints2/dict_0004_0174.uasset" 5401
"../../../Engine/Content/EngineMaterials/Substrate/Glints2/dict_0004_0174.uexp" 5402
"../../../Engine/Content/EngineMaterials/Substrate/Glints2/dict_0006_0204.uasset" 5403
"../../../Engine/Content/EngineMaterials/Substrate/Glints2/dict_0006_0204.uexp" 5404
"../../../Engine/Content/EngineMaterials/Substrate/Glints2/dict_0000_0107.uasset" 5405
"../../../Engine/Content/EngineMaterials/Substrate/Glints2/dict_0000_0107.uexp" 5406
"../../../Engine/Content/EngineMaterials/Substrate/Glints2/dict_0002_0039.uasset" 5407
"../../../Engine/Content/EngineMaterials/Substrate/Glints2/dict_0002_0039.uexp" 5408
"../../../Engine/Content/EngineMaterials/Substrate/Glints2/dict_0001_0122.uasset" 5409
"../../../Engine/Content/EngineMaterials/Substrate/Glints2/dict_0001_0122.uexp" 5410
"../../../Engine/Content/EngineMaterials/Substrate/Glints2/dict_0001_0105.uasset" 5411
"../../../Engine/Content/EngineMaterials/Substrate/Glints2/dict_0001_0105.uexp" 5412
"../../../Engine/Content/EngineMaterials/Substrate/Glints2/dict_0007_0026.uasset" 5413
"../../../Engine/Content/EngineMaterials/Substrate/Glints2/dict_0007_0026.uexp" 5414
"../../../Engine/Content/EngineMaterials/Substrate/Glints2/dict_0006_0222.uasset" 5415
"../../../Engine/Content/EngineMaterials/Substrate/Glints2/dict_0006_0222.uexp" 5416
"../../../Engine/Content/EngineMaterials/Substrate/Glints2/dict_0001_0150.uasset" 5417
"../../../Engine/Content/EngineMaterials/Substrate/Glints2/dict_0001_0150.uexp" 5418
"../../../Engine/Content/EngineMaterials/Substrate/Glints2/dict_0005_0077.uasset" 5419
"../../../Engine/Content/EngineMaterials/Substrate/Glints2/dict_0005_0077.uexp" 5420
"../../../Engine/Content/EngineMaterials/Substrate/Glints2/dict_0005_0036.uasset" 5421
"../../../Engine/Content/EngineMaterials/Substrate/Glints2/dict_0005_0036.uexp" 5422
"../../../Engine/Content/EngineMaterials/Substrate/Glints2/dict_0005_0085.uasset" 5423
"../../../Engine/Content/EngineMaterials/Substrate/Glints2/dict_0005_0085.uexp" 5424
"../../../Engine/Content/EngineMaterials/Substrate/Glints2/dict_0004_0122.uasset" 5425
"../../../Engine/Content/EngineMaterials/Substrate/Glints2/dict_0004_0122.uexp" 5426
"../../../Engine/Content/EngineMaterials/Substrate/Glints2/dict_0001_0235.uasset" 5427
"../../../Engine/Content/EngineMaterials/Substrate/Glints2/dict_0001_0235.uexp" 5428
"../../../Engine/Content/EngineMaterials/Substrate/Glints2/dict_0002_0051.uasset" 5429
"../../../Engine/Content/EngineMaterials/Substrate/Glints2/dict_0002_0051.uexp" 5430
"../../../Engine/Content/EngineMaterials/Substrate/Glints2/dict_0006_0225.uasset" 5431
"../../../Engine/Content/EngineMaterials/Substrate/Glints2/dict_0006_0225.uexp" 5432
"../../../Engine/Content/EngineMaterials/Substrate/Glints2/dict_0006_0183.uasset" 5433
"../../../Engine/Content/EngineMaterials/Substrate/Glints2/dict_0006_0183.uexp" 5434
"../../../Engine/Content/EngineMaterials/Substrate/Glints2/dict_0006_0022.uasset" 5435
"../../../Engine/Content/EngineMaterials/Substrate/Glints2/dict_0006_0022.uexp" 5436
"../../../Engine/Content/EngineMaterials/Substrate/Glints2/dict_0003_0163.uasset" 5437
"../../../Engine/Content/EngineMaterials/Substrate/Glints2/dict_0003_0163.uexp" 5438
"../../../Engine/Content/EngineMaterials/Substrate/Glints2/dict_0004_0237.uasset" 5439
"../../../Engine/Content/EngineMaterials/Substrate/Glints2/dict_0004_0237.uexp" 5440
"../../../Engine/Content/EngineMaterials/Substrate/Glints2/dict_0005_0003.uasset" 5441
"../../../Engine/Content/EngineMaterials/Substrate/Glints2/dict_0005_0003.uexp" 5442
"../../../Engine/Content/EngineMaterials/Substrate/Glints2/dict_0001_0197.uasset" 5443
"../../../Engine/Content/EngineMaterials/Substrate/Glints2/dict_0001_0197.uexp" 5444
"../../../Engine/Content/EngineMaterials/Substrate/Glints2/dict_0004_0009.uasset" 5445
"../../../Engine/Content/EngineMaterials/Substrate/Glints2/dict_0004_0009.uexp" 5446
"../../../Engine/Content/EngineMaterials/Substrate/Glints2/dict_0002_0185.uasset" 5447
"../../../Engine/Content/EngineMaterials/Substrate/Glints2/dict_0002_0185.uexp" 5448
"../../../Engine/Content/EngineMaterials/Substrate/Glints2/dict_0001_0164.uasset" 5449
"../../../Engine/Content/EngineMaterials/Substrate/Glints2/dict_0001_0164.uexp" 5450
"../../../Engine/Content/EngineMaterials/Substrate/Glints2/dict_0004_0168.uasset" 5451
"../../../Engine/Content/EngineMaterials/Substrate/Glints2/dict_0004_0168.uexp" 5452
"../../../Engine/Content/EngineMaterials/Substrate/Glints2/dict_0002_0050.uasset" 5453
"../../../Engine/Content/EngineMaterials/Substrate/Glints2/dict_0002_0050.uexp" 5454
"../../../Engine/Content/EngineMaterials/Substrate/Glints2/dict_0007_0059.uasset" 5455
"../../../Engine/Content/EngineMaterials/Substrate/Glints2/dict_0007_0059.uexp" 5456
"../../../Engine/Content/EngineMaterials/Substrate/Glints2/dict_0004_0169.uasset" 5457
"../../../Engine/Content/EngineMaterials/Substrate/Glints2/dict_0004_0169.uexp" 5458
"../../../Engine/Content/EngineMaterials/Substrate/Glints2/dict_0003_0232.uasset" 5459
"../../../Engine/Content/EngineMaterials/Substrate/Glints2/dict_0003_0232.uexp" 5460
"../../../Engine/Content/EngineMaterials/Substrate/Glints2/dict_0002_0141.uasset" 5461
"../../../Engine/Content/EngineMaterials/Substrate/Glints2/dict_0002_0141.uexp" 5462
"../../../Engine/Content/EngineMaterials/Substrate/Glints2/dict_0004_0199.uasset" 5463
"../../../Engine/Content/EngineMaterials/Substrate/Glints2/dict_0004_0199.uexp" 5464
"../../../Engine/Content/EngineMaterials/Substrate/Glints2/dict_0004_0164.uasset" 5465
"../../../Engine/Content/EngineMaterials/Substrate/Glints2/dict_0004_0164.uexp" 5466
"../../../Engine/Content/EngineMaterials/Substrate/Glints2/dict_0004_0061.uasset" 5467
"../../../Engine/Content/EngineMaterials/Substrate/Glints2/dict_0004_0061.uexp" 5468
"../../../Engine/Content/EngineMaterials/Substrate/Glints2/dict_0007_0040.uasset" 5469
"../../../Engine/Content/EngineMaterials/Substrate/Glints2/dict_0007_0040.uexp" 5470
"../../../Engine/Content/EngineMaterials/Substrate/Glints2/dict_0007_0028.uasset" 5471
"../../../Engine/Content/EngineMaterials/Substrate/Glints2/dict_0007_0028.uexp" 5472
"../../../Engine/Content/EngineMaterials/Substrate/Glints2/dict_0005_0230.uasset" 5473
"../../../Engine/Content/EngineMaterials/Substrate/Glints2/dict_0005_0230.uexp" 5474
"../../../Engine/Content/EngineMaterials/Substrate/Glints2/dict_0002_0146.uasset" 5475
"../../../Engine/Content/EngineMaterials/Substrate/Glints2/dict_0002_0146.uexp" 5476
"../../../Engine/Content/EngineMaterials/Substrate/Glints2/dict_0001_0170.uasset" 5477
"../../../Engine/Content/EngineMaterials/Substrate/Glints2/dict_0001_0170.uexp" 5478
"../../../Engine/Content/EngineMaterials/Substrate/Glints2/dict_0007_0049.uasset" 5479
"../../../Engine/Content/EngineMaterials/Substrate/Glints2/dict_0007_0049.uexp" 5480
"../../../Engine/Content/EngineMaterials/Substrate/Glints2/dict_0006_0223.uasset" 5481
"../../../Engine/Content/EngineMaterials/Substrate/Glints2/dict_0006_0223.uexp" 5482
"../../../Engine/Content/EngineMaterials/Substrate/Glints2/dict_0005_0253.uasset" 5483
"../../../Engine/Content/EngineMaterials/Substrate/Glints2/dict_0005_0253.uexp" 5484
"../../../Engine/Content/EngineMaterials/Substrate/Glints2/dict_0005_0199.uasset" 5485
"../../../Engine/Content/EngineMaterials/Substrate/Glints2/dict_0005_0199.uexp" 5486
"../../../Engine/Content/EngineMaterials/Substrate/Glints2/dict_0002_0012.uasset" 5487
"../../../Engine/Content/EngineMaterials/Substrate/Glints2/dict_0002_0012.uexp" 5488
"../../../Engine/Content/EngineMaterials/Substrate/Glints2/dict_0006_0008.uasset" 5489
"../../../Engine/Content/EngineMaterials/Substrate/Glints2/dict_0006_0008.uexp" 5490
"../../../Engine/Content/EngineMaterials/Substrate/Glints2/dict_0007_0202.uasset" 5491
"../../../Engine/Content/EngineMaterials/Substrate/Glints2/dict_0007_0202.uexp" 5492
"../../../Engine/Content/EngineMaterials/Substrate/Glints2/dict_0007_0110.uasset" 5493
"../../../Engine/Content/EngineMaterials/Substrate/Glints2/dict_0007_0110.uexp" 5494
"../../../Engine/Content/EngineMaterials/Substrate/Glints2/dict_0006_0072.uasset" 5495
"../../../Engine/Content/EngineMaterials/Substrate/Glints2/dict_0006_0072.uexp" 5496
"../../../Engine/Content/EngineMaterials/Substrate/Glints2/dict_0003_0214.uasset" 5497
"../../../Engine/Content/EngineMaterials/Substrate/Glints2/dict_0003_0214.uexp" 5498
"../../../Engine/Content/EngineMaterials/Substrate/Glints2/dict_0003_0078.uasset" 5499
"../../../Engine/Content/EngineMaterials/Substrate/Glints2/dict_0003_0078.uexp" 5500
"../../../Engine/Content/EngineMaterials/Substrate/Glints2/dict_0004_0015.uasset" 5501
"../../../Engine/Content/EngineMaterials/Substrate/Glints2/dict_0004_0015.uexp" 5502
"../../../Engine/Content/EngineMaterials/Substrate/Glints2/dict_0003_0121.uasset" 5503
"../../../Engine/Content/EngineMaterials/Substrate/Glints2/dict_0003_0121.uexp" 5504
"../../../Engine/Content/EngineMaterials/Substrate/Glints2/dict_0003_0023.uasset" 5505
"../../../Engine/Content/EngineMaterials/Substrate/Glints2/dict_0003_0023.uexp" 5506
"../../../Engine/Content/EngineMaterials/Substrate/Glints2/dict_0000_0241.uasset" 5507
"../../../Engine/Content/EngineMaterials/Substrate/Glints2/dict_0000_0241.uexp" 5508
"../../../Engine/Content/EngineMaterials/Substrate/Glints2/dict_0000_0232.uasset" 5509
"../../../Engine/Content/EngineMaterials/Substrate/Glints2/dict_0000_0232.uexp" 5510
"../../../Engine/Content/EngineMaterials/Substrate/Glints2/dict_0006_0136.uasset" 5511
"../../../Engine/Content/EngineMaterials/Substrate/Glints2/dict_0006_0136.uexp" 5512
"../../../Engine/Content/EngineMaterials/Substrate/Glints2/dict_0005_0243.uasset" 5513
"../../../Engine/Content/EngineMaterials/Substrate/Glints2/dict_0005_0243.uexp" 5514
"../../../Engine/Content/EngineMaterials/Substrate/Glints2/dict_0005_0074.uasset" 5515
"../../../Engine/Content/EngineMaterials/Substrate/Glints2/dict_0005_0074.uexp" 5516
"../../../Engine/Content/EngineMaterials/Substrate/Glints2/dict_0003_0080.uasset" 5517
"../../../Engine/Content/EngineMaterials/Substrate/Glints2/dict_0003_0080.uexp" 5518
"../../../Engine/Content/EngineMaterials/Substrate/Glints2/dict_0003_0001.uasset" 5519
"../../../Engine/Content/EngineMaterials/Substrate/Glints2/dict_0003_0001.uexp" 5520
"../../../Engine/Content/EngineMaterials/Substrate/Glints2/dict_0002_0162.uasset" 5521
"../../../Engine/Content/EngineMaterials/Substrate/Glints2/dict_0002_0162.uexp" 5522
"../../../Engine/Content/EngineMaterials/Substrate/Glints2/dict_0006_0069.uasset" 5523
"../../../Engine/Content/EngineMaterials/Substrate/Glints2/dict_0006_0069.uexp" 5524
"../../../Engine/Content/EngineMaterials/Substrate/Glints2/dict_0003_0126.uasset" 5525
"../../../Engine/Content/EngineMaterials/Substrate/Glints2/dict_0003_0126.uexp" 5526
"../../../Engine/Content/EngineMaterials/Substrate/Glints2/dict_0003_0096.uasset" 5527
"../../../Engine/Content/EngineMaterials/Substrate/Glints2/dict_0003_0096.uexp" 5528
"../../../Engine/Content/EngineMaterials/Substrate/Glints2/dict_0007_0140.uasset" 5529
"../../../Engine/Content/EngineMaterials/Substrate/Glints2/dict_0007_0140.uexp" 5530
"../../../Engine/Content/EngineMaterials/Substrate/Glints2/dict_0000_0054.uasset" 5531
"../../../Engine/Content/EngineMaterials/Substrate/Glints2/dict_0000_0054.uexp" 5532
"../../../Engine/Content/EngineMaterials/Substrate/Glints2/dict_0004_0022.uasset" 5533
"../../../Engine/Content/EngineMaterials/Substrate/Glints2/dict_0004_0022.uexp" 5534
"../../../Engine/Content/EngineMaterials/Substrate/Glints2/dict_0002_0058.uasset" 5535
"../../../Engine/Content/EngineMaterials/Substrate/Glints2/dict_0002_0058.uexp" 5536
"../../../Engine/Content/EngineMaterials/Substrate/Glints2/dict_0002_0026.uasset" 5537
"../../../Engine/Content/EngineMaterials/Substrate/Glints2/dict_0002_0026.uexp" 5538
"../../../Engine/Content/EngineMaterials/Substrate/Glints2/dict_0004_0139.uasset" 5539
"../../../Engine/Content/EngineMaterials/Substrate/Glints2/dict_0004_0139.uexp" 5540
"../../../Engine/Content/EngineMaterials/Substrate/Glints2/dict_0000_0235.uasset" 5541
"../../../Engine/Content/EngineMaterials/Substrate/Glints2/dict_0000_0235.uexp" 5542
"../../../Engine/Content/EngineMaterials/Substrate/Glints2/dict_0007_0020.uasset" 5543
"../../../Engine/Content/EngineMaterials/Substrate/Glints2/dict_0007_0020.uexp" 5544
"../../../Engine/Content/EngineMaterials/Substrate/Glints2/dict_0005_0116.uasset" 5545
"../../../Engine/Content/EngineMaterials/Substrate/Glints2/dict_0005_0116.uexp" 5546
"../../../Engine/Content/EngineMaterials/Substrate/Glints2/dict_0004_0104.uasset" 5547
"../../../Engine/Content/EngineMaterials/Substrate/Glints2/dict_0004_0104.uexp" 5548
"../../../Engine/Content/EngineMaterials/Substrate/Glints2/dict_0003_0153.uasset" 5549
"../../../Engine/Content/EngineMaterials/Substrate/Glints2/dict_0003_0153.uexp" 5550
"../../../Engine/Content/EngineMaterials/Substrate/Glints2/dict_0001_0183.uasset" 5551
"../../../Engine/Content/EngineMaterials/Substrate/Glints2/dict_0001_0183.uexp" 5552
"../../../Engine/Content/EngineMaterials/Substrate/Glints2/dict_0006_0206.uasset" 5553
"../../../Engine/Content/EngineMaterials/Substrate/Glints2/dict_0006_0206.uexp" 5554
"../../../Engine/Content/EngineMaterials/Substrate/Glints2/dict_0005_0180.uasset" 5555
"../../../Engine/Content/EngineMaterials/Substrate/Glints2/dict_0005_0180.uexp" 5556
"../../../Engine/Content/EngineMaterials/Substrate/Glints2/dict_0005_0094.uasset" 5557
"../../../Engine/Content/EngineMaterials/Substrate/Glints2/dict_0005_0094.uexp" 5558
"../../../Engine/Content/EngineMaterials/Substrate/Glints2/dict_0003_0244.uasset" 5559
"../../../Engine/Content/EngineMaterials/Substrate/Glints2/dict_0003_0244.uexp" 5560
"../../../Engine/Content/EngineMaterials/Substrate/Glints2/dict_0004_0093.uasset" 5561
"../../../Engine/Content/EngineMaterials/Substrate/Glints2/dict_0004_0093.uexp" 5562
"../../../Engine/Content/EngineMaterials/Substrate/Glints2/dict_0005_0254.uasset" 5563
"../../../Engine/Content/EngineMaterials/Substrate/Glints2/dict_0005_0254.uexp" 5564
"../../../Engine/Content/EngineMaterials/Substrate/Glints2/dict_0004_0233.uasset" 5565
"../../../Engine/Content/EngineMaterials/Substrate/Glints2/dict_0004_0233.uexp" 5566
"../../../Engine/Content/EngineMaterials/Substrate/Glints2/dict_0003_0182.uasset" 5567
"../../../Engine/Content/EngineMaterials/Substrate/Glints2/dict_0003_0182.uexp" 5568
"../../../Engine/Content/EngineMaterials/Substrate/Glints2/dict_0007_0015.uasset" 5569
"../../../Engine/Content/EngineMaterials/Substrate/Glints2/dict_0007_0015.uexp" 5570
"../../../Engine/Content/EngineMaterials/Substrate/Glints2/dict_0005_0147.uasset" 5571
"../../../Engine/Content/EngineMaterials/Substrate/Glints2/dict_0005_0147.uexp" 5572
"../../../Engine/Content/EngineMaterials/Substrate/Glints2/dict_0003_0144.uasset" 5573
"../../../Engine/Content/EngineMaterials/Substrate/Glints2/dict_0003_0144.uexp" 5574
"../../../Engine/Content/EngineMaterials/Substrate/Glints2/dict_0002_0154.uasset" 5575
"../../../Engine/Content/EngineMaterials/Substrate/Glints2/dict_0002_0154.uexp" 5576
"../../../Engine/Content/EngineMaterials/Substrate/Glints2/dict_0001_0222.uasset" 5577
"../../../Engine/Content/EngineMaterials/Substrate/Glints2/dict_0001_0222.uexp" 5578
"../../../Engine/Content/EngineMaterials/Substrate/Glints2/dict_0001_0199.uasset" 5579
"../../../Engine/Content/EngineMaterials/Substrate/Glints2/dict_0001_0199.uexp" 5580
"../../../Engine/Content/EngineMaterials/Substrate/Glints2/dict_0000_0218.uasset" 5581
"../../../Engine/Content/EngineMaterials/Substrate/Glints2/dict_0000_0218.uexp" 5582
"../../../Engine/Content/EngineMaterials/Substrate/Glints2/dict_0000_0172.uasset" 5583
"../../../Engine/Content/EngineMaterials/Substrate/Glints2/dict_0000_0172.uexp" 5584
"../../../Engine/Content/EngineMaterials/Substrate/Glints2/dict_0006_0203.uasset" 5585
"../../../Engine/Content/EngineMaterials/Substrate/Glints2/dict_0006_0203.uexp" 5586
"../../../Engine/Content/EngineMaterials/Substrate/Glints2/dict_0006_0151.uasset" 5587
"../../../Engine/Content/EngineMaterials/Substrate/Glints2/dict_0006_0151.uexp" 5588
"../../../Engine/Content/EngineMaterials/Substrate/Glints2/dict_0001_0187.uasset" 5589
"../../../Engine/Content/EngineMaterials/Substrate/Glints2/dict_0001_0187.uexp" 5590
"../../../Engine/Content/EngineMaterials/Substrate/Glints2/dict_0001_0045.uasset" 5591
"../../../Engine/Content/EngineMaterials/Substrate/Glints2/dict_0001_0045.uexp" 5592
"../../../Engine/Content/EngineMaterials/Substrate/Glints2/dict_0006_0007.uasset" 5593
"../../../Engine/Content/EngineMaterials/Substrate/Glints2/dict_0006_0007.uexp" 5594
"../../../Engine/Content/EngineMaterials/Substrate/Glints2/dict_0002_0130.uasset" 5595
"../../../Engine/Content/EngineMaterials/Substrate/Glints2/dict_0002_0130.uexp" 5596
"../../../Engine/Content/EngineMaterials/Substrate/Glints2/dict_0000_0237.uasset" 5597
"../../../Engine/Content/EngineMaterials/Substrate/Glints2/dict_0000_0237.uexp" 5598
"../../../Engine/Content/EngineMaterials/Substrate/Glints2/dict_0007_0236.uasset" 5599
"../../../Engine/Content/EngineMaterials/Substrate/Glints2/dict_0007_0236.uexp" 5600
"../../../Engine/Content/EngineMaterials/Substrate/Glints2/dict_0004_0083.uasset" 5601
"../../../Engine/Content/EngineMaterials/Substrate/Glints2/dict_0004_0083.uexp" 5602
"../../../Engine/Content/EngineMaterials/Substrate/Glints2/dict_0006_0252.uasset" 5603
"../../../Engine/Content/EngineMaterials/Substrate/Glints2/dict_0006_0252.uexp" 5604
"../../../Engine/Content/EngineMaterials/Substrate/Glints2/dict_0004_0081.uasset" 5605
"../../../Engine/Content/EngineMaterials/Substrate/Glints2/dict_0004_0081.uexp" 5606
"../../../Engine/Content/EngineMaterials/Substrate/Glints2/dict_0004_0133.uasset" 5607
"../../../Engine/Content/EngineMaterials/Substrate/Glints2/dict_0004_0133.uexp" 5608
"../../../Engine/Content/EngineMaterials/Substrate/Glints2/dict_0002_0148.uasset" 5609
"../../../Engine/Content/EngineMaterials/Substrate/Glints2/dict_0002_0148.uexp" 5610
"../../../Engine/Content/EngineMaterials/Substrate/Glints2/dict_0002_0083.uasset" 5611
"../../../Engine/Content/EngineMaterials/Substrate/Glints2/dict_0002_0083.uexp" 5612
"../../../Engine/Content/EngineMaterials/Substrate/Glints2/dict_0000_0015.uasset" 5613
"../../../Engine/Content/EngineMaterials/Substrate/Glints2/dict_0000_0015.uexp" 5614
"../../../Engine/Content/EngineMaterials/Substrate/Glints2/dict_0007_0254.uasset" 5615
"../../../Engine/Content/EngineMaterials/Substrate/Glints2/dict_0007_0254.uexp" 5616
"../../../Engine/Content/EngineMaterials/Substrate/Glints2/dict_0007_0113.uasset" 5617
"../../../Engine/Content/EngineMaterials/Substrate/Glints2/dict_0007_0113.uexp" 5618
"../../../Engine/Content/EngineMaterials/Substrate/Glints2/dict_0006_0037.uasset" 5619
"../../../Engine/Content/EngineMaterials/Substrate/Glints2/dict_0006_0037.uexp" 5620
"../../../Engine/Content/EngineMaterials/Substrate/Glints2/dict_0007_0179.uasset" 5621
"../../../Engine/Content/EngineMaterials/Substrate/Glints2/dict_0007_0179.uexp" 5622
"../../../Engine/Content/EngineMaterials/Substrate/Glints2/dict_0001_0027.uasset" 5623
"../../../Engine/Content/EngineMaterials/Substrate/Glints2/dict_0001_0027.uexp" 5624
"../../../Engine/Content/EngineMaterials/Substrate/Glints2/dict_0002_0145.uasset" 5625
"../../../Engine/Content/EngineMaterials/Substrate/Glints2/dict_0002_0145.uexp" 5626
"../../../Engine/Content/EngineMaterials/Substrate/Glints2/dict_0001_0138.uasset" 5627
"../../../Engine/Content/EngineMaterials/Substrate/Glints2/dict_0001_0138.uexp" 5628
"../../../Engine/Content/EngineMaterials/Substrate/Glints2/dict_0000_0177.uasset" 5629
"../../../Engine/Content/EngineMaterials/Substrate/Glints2/dict_0000_0177.uexp" 5630
"../../../Engine/Content/EngineMaterials/Substrate/Glints2/dict_0001_0149.uasset" 5631
"../../../Engine/Content/EngineMaterials/Substrate/Glints2/dict_0001_0149.uexp" 5632
"../../../Engine/Content/EngineMaterials/Substrate/Glints2/dict_0007_0228.uasset" 5633
"../../../Engine/Content/EngineMaterials/Substrate/Glints2/dict_0007_0228.uexp" 5634
"../../../Engine/Content/EngineMaterials/Substrate/Glints2/dict_0006_0172.uasset" 5635
"../../../Engine/Content/EngineMaterials/Substrate/Glints2/dict_0006_0172.uexp" 5636
"../../../Engine/Content/EngineMaterials/Substrate/Glints2/dict_0004_0099.uasset" 5637
"../../../Engine/Content/EngineMaterials/Substrate/Glints2/dict_0004_0099.uexp" 5638
"../../../Engine/Content/EngineMaterials/Substrate/Glints2/dict_0001_0192.uasset" 5639
"../../../Engine/Content/EngineMaterials/Substrate/Glints2/dict_0001_0192.uexp" 5640
"../../../Engine/Content/EngineMaterials/Substrate/Glints2/dict_0001_0083.uasset" 5641
"../../../Engine/Content/EngineMaterials/Substrate/Glints2/dict_0001_0083.uexp" 5642
"../../../Engine/Content/EngineMaterials/Substrate/Glints2/dict_0006_0023.uasset" 5643
"../../../Engine/Content/EngineMaterials/Substrate/Glints2/dict_0006_0023.uexp" 5644
"../../../Engine/Content/EngineMaterials/Substrate/Glints2/dict_0003_0014.uasset" 5645
"../../../Engine/Content/EngineMaterials/Substrate/Glints2/dict_0003_0014.uexp" 5646
"../../../Engine/Content/EngineMaterials/Substrate/Glints2/dict_0002_0135.uasset" 5647
"../../../Engine/Content/EngineMaterials/Substrate/Glints2/dict_0002_0135.uexp" 5648
"../../../Engine/Content/EngineMaterials/Substrate/Glints2/dict_0000_0243.uasset" 5649
"../../../Engine/Content/EngineMaterials/Substrate/Glints2/dict_0000_0243.uexp" 5650
"../../../Engine/Content/EngineMaterials/Substrate/Glints2/dict_0003_0058.uasset" 5651
"../../../Engine/Content/EngineMaterials/Substrate/Glints2/dict_0003_0058.uexp" 5652
"../../../Engine/Content/EngineMaterials/Substrate/Glints2/dict_0002_0031.uasset" 5653
"../../../Engine/Content/EngineMaterials/Substrate/Glints2/dict_0002_0031.uexp" 5654
"../../../Engine/Content/EngineMaterials/Substrate/Glints2/dict_0007_0131.uasset" 5655
"../../../Engine/Content/EngineMaterials/Substrate/Glints2/dict_0007_0131.uexp" 5656
"../../../Engine/Content/EngineMaterials/Substrate/Glints2/dict_0005_0131.uasset" 5657
"../../../Engine/Content/EngineMaterials/Substrate/Glints2/dict_0005_0131.uexp" 5658
"../../../Engine/Content/EngineMaterials/Substrate/Glints2/dict_0004_0018.uasset" 5659
"../../../Engine/Content/EngineMaterials/Substrate/Glints2/dict_0004_0018.uexp" 5660
"../../../Engine/Content/EngineMaterials/Substrate/Glints2/dict_0001_0131.uasset" 5661
"../../../Engine/Content/EngineMaterials/Substrate/Glints2/dict_0001_0131.uexp" 5662
"../../../Engine/Content/EngineMaterials/Substrate/Glints2/dict_0002_0104.uasset" 5663
"../../../Engine/Content/EngineMaterials/Substrate/Glints2/dict_0002_0104.uexp" 5664
"../../../Engine/Content/EngineMaterials/Substrate/Glints2/dict_0006_0177.uasset" 5665
"../../../Engine/Content/EngineMaterials/Substrate/Glints2/dict_0006_0177.uexp" 5666
"../../../Engine/Content/EngineMaterials/Substrate/Glints2/dict_0004_0203.uasset" 5667
"../../../Engine/Content/EngineMaterials/Substrate/Glints2/dict_0004_0203.uexp" 5668
"../../../Engine/Content/EngineMaterials/Substrate/Glints2/dict_0005_0144.uasset" 5669
"../../../Engine/Content/EngineMaterials/Substrate/Glints2/dict_0005_0144.uexp" 5670
"../../../Engine/Content/EngineMaterials/Substrate/Glints2/dict_0000_0201.uasset" 5671
"../../../Engine/Content/EngineMaterials/Substrate/Glints2/dict_0000_0201.uexp" 5672
"../../../Engine/Content/EngineMaterials/Substrate/Glints2/dict_0006_0111.uasset" 5673
"../../../Engine/Content/EngineMaterials/Substrate/Glints2/dict_0006_0111.uexp" 5674
"../../../Engine/Content/EngineMaterials/Substrate/Glints2/dict_0005_0210.uasset" 5675
"../../../Engine/Content/EngineMaterials/Substrate/Glints2/dict_0005_0210.uexp" 5676
"../../../Engine/Content/EngineMaterials/Substrate/Glints2/dict_0007_0102.uasset" 5677
"../../../Engine/Content/EngineMaterials/Substrate/Glints2/dict_0007_0102.uexp" 5678
"../../../Engine/Content/EngineMaterials/Substrate/Glints2/dict_0007_0155.uasset" 5679
"../../../Engine/Content/EngineMaterials/Substrate/Glints2/dict_0007_0155.uexp" 5680
"../../../Engine/Content/EngineMaterials/Substrate/Glints2/dict_0006_0145.uasset" 5681
"../../../Engine/Content/EngineMaterials/Substrate/Glints2/dict_0006_0145.uexp" 5682
"../../../Engine/Content/EngineMaterials/Substrate/Glints2/dict_0006_0124.uasset" 5683
"../../../Engine/Content/EngineMaterials/Substrate/Glints2/dict_0006_0124.uexp" 5684
"../../../Engine/Content/EngineMaterials/Substrate/Glints2/dict_0002_0133.uasset" 5685
"../../../Engine/Content/EngineMaterials/Substrate/Glints2/dict_0002_0133.uexp" 5686
"../../../Engine/Content/EngineMaterials/Substrate/Glints2/dict_0000_0074.uasset" 5687
"../../../Engine/Content/EngineMaterials/Substrate/Glints2/dict_0000_0074.uexp" 5688
"../../../Engine/Content/EngineMaterials/Substrate/Glints2/dict_0001_0000.uasset" 5689
"../../../Engine/Content/EngineMaterials/Substrate/Glints2/dict_0001_0000.uexp" 5690
"../../../Engine/Content/EngineMaterials/Substrate/Glints2/dict_0002_0214.uasset" 5691
"../../../Engine/Content/EngineMaterials/Substrate/Glints2/dict_0002_0214.uexp" 5692
"../../../Engine/Content/EngineMaterials/Substrate/Glints2/dict_0005_0156.uasset" 5693
"../../../Engine/Content/EngineMaterials/Substrate/Glints2/dict_0005_0156.uexp" 5694
"../../../Engine/Content/EngineMaterials/Substrate/Glints2/dict_0007_0019.uasset" 5695
"../../../Engine/Content/EngineMaterials/Substrate/Glints2/dict_0007_0019.uexp" 5696
"../../../Engine/Content/EngineMaterials/Substrate/Glints2/dict_0004_0197.uasset" 5697
"../../../Engine/Content/EngineMaterials/Substrate/Glints2/dict_0004_0197.uexp" 5698
"../../../Engine/Content/EngineMaterials/Substrate/Glints2/dict_0002_0150.uasset" 5699
"../../../Engine/Content/EngineMaterials/Substrate/Glints2/dict_0002_0150.uexp" 5700
"../../../Engine/Content/EngineMaterials/Substrate/Glints2/dict_0005_0161.uasset" 5701
"../../../Engine/Content/EngineMaterials/Substrate/Glints2/dict_0005_0161.uexp" 5702
"../../../Engine/Content/EngineMaterials/Substrate/Glints2/dict_0005_0083.uasset" 5703
"../../../Engine/Content/EngineMaterials/Substrate/Glints2/dict_0005_0083.uexp" 5704
"../../../Engine/Content/EngineMaterials/Substrate/Glints2/dict_0004_0204.uasset" 5705
"../../../Engine/Content/EngineMaterials/Substrate/Glints2/dict_0004_0204.uexp" 5706
"../../../Engine/Content/EngineMaterials/Substrate/Glints2/dict_0004_0131.uasset" 5707
"../../../Engine/Content/EngineMaterials/Substrate/Glints2/dict_0004_0131.uexp" 5708
"../../../Engine/Content/EngineMaterials/Substrate/Glints2/dict_0003_0118.uasset" 5709
"../../../Engine/Content/EngineMaterials/Substrate/Glints2/dict_0003_0118.uexp" 5710
"../../../Engine/Content/EngineMaterials/Substrate/Glints2/dict_0002_0094.uasset" 5711
"../../../Engine/Content/EngineMaterials/Substrate/Glints2/dict_0002_0094.uexp" 5712
"../../../Engine/Content/EngineMaterials/Substrate/Glints2/dict_0003_0168.uasset" 5713
"../../../Engine/Content/EngineMaterials/Substrate/Glints2/dict_0003_0168.uexp" 5714
"../../../Engine/Content/EngineMaterials/Substrate/Glints2/dict_0006_0018.uasset" 5715
"../../../Engine/Content/EngineMaterials/Substrate/Glints2/dict_0006_0018.uexp" 5716
"../../../Engine/Content/EngineMaterials/Substrate/Glints2/dict_0002_0105.uasset" 5717
"../../../Engine/Content/EngineMaterials/Substrate/Glints2/dict_0002_0105.uexp" 5718
"../../../Engine/Content/EngineMaterials/Substrate/Glints2/dict_0007_0123.uasset" 5719
"../../../Engine/Content/EngineMaterials/Substrate/Glints2/dict_0007_0123.uexp" 5720
"../../../Engine/Content/EngineMaterials/Substrate/Glints2/dict_0003_0216.uasset" 5721
"../../../Engine/Content/EngineMaterials/Substrate/Glints2/dict_0003_0216.uexp" 5722
"../../../Engine/Content/EngineMaterials/Substrate/Glints2/dict_0006_0126.uasset" 5723
"../../../Engine/Content/EngineMaterials/Substrate/Glints2/dict_0006_0126.uexp" 5724
"../../../Engine/Content/EngineMaterials/Substrate/Glints2/dict_0003_0035.uasset" 5725
"../../../Engine/Content/EngineMaterials/Substrate/Glints2/dict_0003_0035.uexp" 5726
"../../../Engine/Content/EngineMaterials/Substrate/Glints2/dict_0005_0188.uasset" 5727
"../../../Engine/Content/EngineMaterials/Substrate/Glints2/dict_0005_0188.uexp" 5728
"../../../Engine/Content/EngineMaterials/Substrate/Glints2/dict_0006_0086.uasset" 5729
"../../../Engine/Content/EngineMaterials/Substrate/Glints2/dict_0006_0086.uexp" 5730
"../../../Engine/Content/EngineMaterials/Substrate/Glints2/dict_0004_0027.uasset" 5731
"../../../Engine/Content/EngineMaterials/Substrate/Glints2/dict_0004_0027.uexp" 5732
"../../../Engine/Content/EngineMaterials/Substrate/Glints2/dict_0004_0079.uasset" 5733
"../../../Engine/Content/EngineMaterials/Substrate/Glints2/dict_0004_0079.uexp" 5734
"../../../Engine/Content/EngineMaterials/Substrate/Glints2/dict_0002_0077.uasset" 5735
"../../../Engine/Content/EngineMaterials/Substrate/Glints2/dict_0002_0077.uexp" 5736
"../../../Engine/Content/EngineMaterials/Substrate/Glints2/dict_0000_0247.uasset" 5737
"../../../Engine/Content/EngineMaterials/Substrate/Glints2/dict_0000_0247.uexp" 5738
"../../../Engine/Content/EngineMaterials/Substrate/Glints2/dict_0006_0127.uasset" 5739
"../../../Engine/Content/EngineMaterials/Substrate/Glints2/dict_0006_0127.uexp" 5740
"../../../Engine/Content/EngineMaterials/Substrate/Glints2/dict_0003_0063.uasset" 5741
"../../../Engine/Content/EngineMaterials/Substrate/Glints2/dict_0003_0063.uexp" 5742
"../../../Engine/Content/EngineMaterials/Substrate/Glints2/dict_0001_0148.uasset" 5743
"../../../Engine/Content/EngineMaterials/Substrate/Glints2/dict_0001_0148.uexp" 5744
"../../../Engine/Content/EngineMaterials/Substrate/Glints2/dict_0000_0125.uasset" 5745
"../../../Engine/Content/EngineMaterials/Substrate/Glints2/dict_0000_0125.uexp" 5746
"../../../Engine/Content/EngineMaterials/Substrate/Glints2/dict_0005_0174.uasset" 5747
"../../../Engine/Content/EngineMaterials/Substrate/Glints2/dict_0005_0174.uexp" 5748
"../../../Engine/Content/EngineMaterials/Substrate/Glints2/dict_0002_0195.uasset" 5749
"../../../Engine/Content/EngineMaterials/Substrate/Glints2/dict_0002_0195.uexp" 5750
"../../../Engine/Content/EngineMaterials/Substrate/Glints2/dict_0001_0032.uasset" 5751
"../../../Engine/Content/EngineMaterials/Substrate/Glints2/dict_0001_0032.uexp" 5752
"../../../Engine/Content/EngineMaterials/Substrate/Glints2/dict_0004_0214.uasset" 5753
"../../../Engine/Content/EngineMaterials/Substrate/Glints2/dict_0004_0214.uexp" 5754
"../../../Engine/Content/EngineMaterials/Substrate/Glints2/dict_0002_0140.uasset" 5755
"../../../Engine/Content/EngineMaterials/Substrate/Glints2/dict_0002_0140.uexp" 5756
"../../../Engine/Content/EngineMaterials/Substrate/Glints2/dict_0000_0214.uasset" 5757
"../../../Engine/Content/EngineMaterials/Substrate/Glints2/dict_0000_0214.uexp" 5758
"../../../Engine/Content/EngineMaterials/Substrate/Glints2/dict_0005_0045.uasset" 5759
"../../../Engine/Content/EngineMaterials/Substrate/Glints2/dict_0005_0045.uexp" 5760
"../../../Engine/Content/EngineMaterials/Substrate/Glints2/dict_0005_0019.uasset" 5761
"../../../Engine/Content/EngineMaterials/Substrate/Glints2/dict_0005_0019.uexp" 5762
"../../../Engine/Content/EngineMaterials/Substrate/Glints2/dict_0003_0039.uasset" 5763
"../../../Engine/Content/EngineMaterials/Substrate/Glints2/dict_0003_0039.uexp" 5764
"../../../Engine/Content/EngineMaterials/Substrate/Glints2/dict_0001_0151.uasset" 5765
"../../../Engine/Content/EngineMaterials/Substrate/Glints2/dict_0001_0151.uexp" 5766
"../../../Engine/Content/EngineMaterials/Substrate/Glints2/dict_0000_0096.uasset" 5767
"../../../Engine/Content/EngineMaterials/Substrate/Glints2/dict_0000_0096.uexp" 5768
"../../../Engine/Content/EngineMaterials/Substrate/Glints2/dict_0006_0044.uasset" 5769
"../../../Engine/Content/EngineMaterials/Substrate/Glints2/dict_0006_0044.uexp" 5770
"../../../Engine/Content/EngineMaterials/Substrate/Glints2/dict_0006_0093.uasset" 5771
"../../../Engine/Content/EngineMaterials/Substrate/Glints2/dict_0006_0093.uexp" 5772
"../../../Engine/Content/EngineMaterials/Substrate/Glints2/dict_0005_0106.uasset" 5773
"../../../Engine/Content/EngineMaterials/Substrate/Glints2/dict_0005_0106.uexp" 5774
"../../../Engine/Content/EngineMaterials/Substrate/Glints2/dict_0003_0133.uasset" 5775
"../../../Engine/Content/EngineMaterials/Substrate/Glints2/dict_0003_0133.uexp" 5776
"../../../Engine/Content/EngineMaterials/Substrate/Glints2/dict_0003_0132.uasset" 5777
"../../../Engine/Content/EngineMaterials/Substrate/Glints2/dict_0003_0132.uexp" 5778
"../../../Engine/Content/EngineMaterials/Substrate/Glints2/dict_0002_0136.uasset" 5779
"../../../Engine/Content/EngineMaterials/Substrate/Glints2/dict_0002_0136.uexp" 5780
"../../../Engine/Content/EngineMaterials/Substrate/Glints2/dict_0002_0196.uasset" 5781
"../../../Engine/Content/EngineMaterials/Substrate/Glints2/dict_0002_0196.uexp" 5782
"../../../Engine/Content/EngineMaterials/Substrate/Glints2/dict_0000_0182.uasset" 5783
"../../../Engine/Content/EngineMaterials/Substrate/Glints2/dict_0000_0182.uexp" 5784
"../../../Engine/Content/EngineMaterials/Substrate/Glints2/dict_0007_0011.uasset" 5785
"../../../Engine/Content/EngineMaterials/Substrate/Glints2/dict_0007_0011.uexp" 5786
"../../../Engine/Content/EngineMaterials/Substrate/Glints2/dict_0005_0111.uasset" 5787
"../../../Engine/Content/EngineMaterials/Substrate/Glints2/dict_0005_0111.uexp" 5788
"../../../Engine/Content/EngineMaterials/Substrate/Glints2/dict_0004_0189.uasset" 5789
"../../../Engine/Content/EngineMaterials/Substrate/Glints2/dict_0004_0189.uexp" 5790
"../../../Engine/Content/EngineMaterials/Substrate/Glints2/dict_0001_0227.uasset" 5791
"../../../Engine/Content/EngineMaterials/Substrate/Glints2/dict_0001_0227.uexp" 5792
"../../../Engine/Content/EngineMaterials/Substrate/Glints2/dict_0001_0160.uasset" 5793
"../../../Engine/Content/EngineMaterials/Substrate/Glints2/dict_0001_0160.uexp" 5794
"../../../Engine/Content/EngineMaterials/Substrate/Glints2/dict_0001_0023.uasset" 5795
"../../../Engine/Content/EngineMaterials/Substrate/Glints2/dict_0001_0023.uexp" 5796
"../../../Engine/Content/EngineMaterials/Substrate/Glints2/dict_0000_0197.uasset" 5797
"../../../Engine/Content/EngineMaterials/Substrate/Glints2/dict_0000_0197.uexp" 5798
"../../../Engine/Content/EngineMaterials/Substrate/Glints2/dict_0006_0094.uasset" 5799
"../../../Engine/Content/EngineMaterials/Substrate/Glints2/dict_0006_0094.uexp" 5800
"../../../Engine/Content/EngineMaterials/Substrate/Glints2/dict_0005_0022.uasset" 5801
"../../../Engine/Content/EngineMaterials/Substrate/Glints2/dict_0005_0022.uexp" 5802
"../../../Engine/Content/EngineMaterials/Substrate/Glints2/dict_0004_0162.uasset" 5803
"../../../Engine/Content/EngineMaterials/Substrate/Glints2/dict_0004_0162.uexp" 5804
"../../../Engine/Content/EngineMaterials/Substrate/Glints2/dict_0004_0051.uasset" 5805
"../../../Engine/Content/EngineMaterials/Substrate/Glints2/dict_0004_0051.uexp" 5806
"../../../Engine/Content/EngineMaterials/Substrate/Glints2/dict_0006_0013.uasset" 5807
"../../../Engine/Content/EngineMaterials/Substrate/Glints2/dict_0006_0013.uexp" 5808
"../../../Engine/Content/EngineMaterials/Substrate/Glints2/dict_0004_0129.uasset" 5809
"../../../Engine/Content/EngineMaterials/Substrate/Glints2/dict_0004_0129.uexp" 5810
"../../../Engine/Content/EngineMaterials/Substrate/Glints2/dict_0002_0220.uasset" 5811
"../../../Engine/Content/EngineMaterials/Substrate/Glints2/dict_0002_0220.uexp" 5812
"../../../Engine/Content/EngineMaterials/Substrate/Glints2/dict_0006_0185.uasset" 5813
"../../../Engine/Content/EngineMaterials/Substrate/Glints2/dict_0006_0185.uexp" 5814
"../../../Engine/Content/EngineMaterials/Substrate/Glints2/dict_0005_0095.uasset" 5815
"../../../Engine/Content/EngineMaterials/Substrate/Glints2/dict_0005_0095.uexp" 5816
"../../../Engine/Content/EngineMaterials/Substrate/Glints2/dict_0003_0207.uasset" 5817
"../../../Engine/Content/EngineMaterials/Substrate/Glints2/dict_0003_0207.uexp" 5818
"../../../Engine/Content/EngineMaterials/Substrate/Glints2/dict_0002_0067.uasset" 5819
"../../../Engine/Content/EngineMaterials/Substrate/Glints2/dict_0002_0067.uexp" 5820
"../../../Engine/Content/EngineMaterials/Substrate/Glints2/dict_0001_0171.uasset" 5821
"../../../Engine/Content/EngineMaterials/Substrate/Glints2/dict_0001_0171.uexp" 5822
"../../../Engine/Content/EngineMaterials/Substrate/Glints2/dict_0000_0199.uasset" 5823
"../../../Engine/Content/EngineMaterials/Substrate/Glints2/dict_0000_0199.uexp" 5824
"../../../Engine/Content/EngineMaterials/Substrate/Glints2/dict_0003_0090.uasset" 5825
"../../../Engine/Content/EngineMaterials/Substrate/Glints2/dict_0003_0090.uexp" 5826
"../../../Engine/Content/EngineMaterials/Substrate/Glints2/dict_0005_0122.uasset" 5827
"../../../Engine/Content/EngineMaterials/Substrate/Glints2/dict_0005_0122.uexp" 5828
"../../../Engine/Content/EngineMaterials/Substrate/Glints2/dict_0003_0057.uasset" 5829
"../../../Engine/Content/EngineMaterials/Substrate/Glints2/dict_0003_0057.uexp" 5830
"../../../Engine/Content/EngineMaterials/Substrate/Glints2/dict_0003_0004.uasset" 5831
"../../../Engine/Content/EngineMaterials/Substrate/Glints2/dict_0003_0004.uexp" 5832
"../../../Engine/Content/EngineMaterials/Substrate/Glints2/dict_0000_0222.uasset" 5833
"../../../Engine/Content/EngineMaterials/Substrate/Glints2/dict_0000_0222.uexp" 5834
"../../../Engine/Content/EngineMaterials/Substrate/Glints2/dict_0003_0099.uasset" 5835
"../../../Engine/Content/EngineMaterials/Substrate/Glints2/dict_0003_0099.uexp" 5836
"../../../Engine/Content/EngineMaterials/Substrate/Glints2/dict_0002_0252.uasset" 5837
"../../../Engine/Content/EngineMaterials/Substrate/Glints2/dict_0002_0252.uexp" 5838
"../../../Engine/Content/EngineMaterials/Substrate/Glints2/dict_0005_0103.uasset" 5839
"../../../Engine/Content/EngineMaterials/Substrate/Glints2/dict_0005_0103.uexp" 5840
"../../../Engine/Content/EngineMaterials/Substrate/Glints2/dict_0007_0247.uasset" 5841
"../../../Engine/Content/EngineMaterials/Substrate/Glints2/dict_0007_0247.uexp" 5842
"../../../Engine/Content/EngineMaterials/Substrate/Glints2/dict_0006_0150.uasset" 5843
"../../../Engine/Content/EngineMaterials/Substrate/Glints2/dict_0006_0150.uexp" 5844
"../../../Engine/Content/EngineMaterials/Substrate/Glints2/dict_0006_0038.uasset" 5845
"../../../Engine/Content/EngineMaterials/Substrate/Glints2/dict_0006_0038.uexp" 5846
"../../../Engine/Content/EngineMaterials/Substrate/Glints2/dict_0004_0177.uasset" 5847
"../../../Engine/Content/EngineMaterials/Substrate/Glints2/dict_0004_0177.uexp" 5848
"../../../Engine/Content/EngineMaterials/Substrate/Glints2/dict_0000_0166.uasset" 5849
"../../../Engine/Content/EngineMaterials/Substrate/Glints2/dict_0000_0166.uexp" 5850
"../../../Engine/Content/EngineMaterials/Substrate/Glints2/dict_0006_0140.uasset" 5851
"../../../Engine/Content/EngineMaterials/Substrate/Glints2/dict_0006_0140.uexp" 5852
"../../../Engine/Content/EngineMaterials/Substrate/Glints2/dict_0006_0234.uasset" 5853
"../../../Engine/Content/EngineMaterials/Substrate/Glints2/dict_0006_0234.uexp" 5854
"../../../Engine/Content/EngineMaterials/Substrate/Glints2/dict_0003_0116.uasset" 5855
"../../../Engine/Content/EngineMaterials/Substrate/Glints2/dict_0003_0116.uexp" 5856
"../../../Engine/Content/EngineMaterials/Substrate/Glints2/dict_0004_0091.uasset" 5857
"../../../Engine/Content/EngineMaterials/Substrate/Glints2/dict_0004_0091.uexp" 5858
"../../../Engine/Content/EngineMaterials/Substrate/Glints2/dict_0001_0001.uasset" 5859
"../../../Engine/Content/EngineMaterials/Substrate/Glints2/dict_0001_0001.uexp" 5860
"../../../Engine/Content/EngineMaterials/Substrate/Glints2/dict_0004_0232.uasset" 5861
"../../../Engine/Content/EngineMaterials/Substrate/Glints2/dict_0004_0232.uexp" 5862
"../../../Engine/Content/EngineMaterials/Substrate/Glints2/dict_0002_0117.uasset" 5863
"../../../Engine/Content/EngineMaterials/Substrate/Glints2/dict_0002_0117.uexp" 5864
"../../../Engine/Content/EngineMaterials/Substrate/Glints2/dict_0002_0043.uasset" 5865
"../../../Engine/Content/EngineMaterials/Substrate/Glints2/dict_0002_0043.uexp" 5866
"../../../Engine/Content/EngineMaterials/Substrate/Glints2/dict_0001_0209.uasset" 5867
"../../../Engine/Content/EngineMaterials/Substrate/Glints2/dict_0001_0209.uexp" 5868
"../../../Engine/Content/EngineMaterials/Substrate/Glints2/dict_0001_0157.uasset" 5869
"../../../Engine/Content/EngineMaterials/Substrate/Glints2/dict_0001_0157.uexp" 5870
"../../../Engine/Content/EngineMaterials/Substrate/Glints2/dict_0000_0187.uasset" 5871
"../../../Engine/Content/EngineMaterials/Substrate/Glints2/dict_0000_0187.uexp" 5872
"../../../Engine/Content/EngineMaterials/Substrate/Glints2/dict_0007_0008.uasset" 5873
"../../../Engine/Content/EngineMaterials/Substrate/Glints2/dict_0007_0008.uexp" 5874
"../../../Engine/Content/EngineMaterials/Substrate/Glints2/dict_0001_0220.uasset" 5875
"../../../Engine/Content/EngineMaterials/Substrate/Glints2/dict_0001_0220.uexp" 5876
"../../../Engine/Content/EngineMaterials/Substrate/Glints2/dict_0002_0131.uasset" 5877
"../../../Engine/Content/EngineMaterials/Substrate/Glints2/dict_0002_0131.uexp" 5878
"../../../Engine/Content/EngineMaterials/Substrate/Glints2/dict_0001_0216.uasset" 5879
"../../../Engine/Content/EngineMaterials/Substrate/Glints2/dict_0001_0216.uexp" 5880
"../../../Engine/Content/EngineMaterials/Substrate/Glints2/dict_0001_0006.uasset" 5881
"../../../Engine/Content/EngineMaterials/Substrate/Glints2/dict_0001_0006.uexp" 5882
"../../../Engine/Content/EngineMaterials/Substrate/Glints2/dict_0005_0034.uasset" 5883
"../../../Engine/Content/EngineMaterials/Substrate/Glints2/dict_0005_0034.uexp" 5884
"../../../Engine/Content/EngineMaterials/Substrate/Glints2/dict_0004_0160.uasset" 5885
"../../../Engine/Content/EngineMaterials/Substrate/Glints2/dict_0004_0160.uexp" 5886
"../../../Engine/Content/EngineMaterials/Substrate/Glints2/dict_0004_0059.uasset" 5887
"../../../Engine/Content/EngineMaterials/Substrate/Glints2/dict_0004_0059.uexp" 5888
"../../../Engine/Content/EngineMaterials/Substrate/Glints2/dict_0003_0192.uasset" 5889
"../../../Engine/Content/EngineMaterials/Substrate/Glints2/dict_0003_0192.uexp" 5890
"../../../Engine/Content/EngineMaterials/Substrate/Glints2/dict_0003_0191.uasset" 5891
"../../../Engine/Content/EngineMaterials/Substrate/Glints2/dict_0003_0191.uexp" 5892
"../../../Engine/Content/EngineMaterials/Substrate/Glints2/dict_0000_0085.uasset" 5893
"../../../Engine/Content/EngineMaterials/Substrate/Glints2/dict_0000_0085.uexp" 5894
"../../../Engine/Content/EngineMaterials/Substrate/Glints2/dict_0005_0113.uasset" 5895
"../../../Engine/Content/EngineMaterials/Substrate/Glints2/dict_0005_0113.uexp" 5896
"../../../Engine/Content/EngineMaterials/Substrate/Glints2/dict_0005_0109.uasset" 5897
"../../../Engine/Content/EngineMaterials/Substrate/Glints2/dict_0005_0109.uexp" 5898
"../../../Engine/Content/EngineMaterials/Substrate/Glints2/dict_0003_0087.uasset" 5899
"../../../Engine/Content/EngineMaterials/Substrate/Glints2/dict_0003_0087.uexp" 5900
"../../../Engine/Content/EngineMaterials/Substrate/Glints2/dict_0003_0013.uasset" 5901
"../../../Engine/Content/EngineMaterials/Substrate/Glints2/dict_0003_0013.uexp" 5902
"../../../Engine/Content/EngineMaterials/Substrate/Glints2/dict_0002_0210.uasset" 5903
"../../../Engine/Content/EngineMaterials/Substrate/Glints2/dict_0002_0210.uexp" 5904
"../../../Engine/Content/EngineMaterials/Substrate/Glints2/dict_0002_0103.uasset" 5905
"../../../Engine/Content/EngineMaterials/Substrate/Glints2/dict_0002_0103.uexp" 5906
"../../../Engine/Content/EngineMaterials/Substrate/Glints2/dict_0006_0170.uasset" 5907
"../../../Engine/Content/EngineMaterials/Substrate/Glints2/dict_0006_0170.uexp" 5908
"../../../Engine/Content/EngineMaterials/Substrate/Glints2/dict_0004_0151.uasset" 5909
"../../../Engine/Content/EngineMaterials/Substrate/Glints2/dict_0004_0151.uexp" 5910
"../../../Engine/Content/EngineMaterials/Substrate/Glints2/dict_0007_0238.uasset" 5911
"../../../Engine/Content/EngineMaterials/Substrate/Glints2/dict_0007_0238.uexp" 5912
"../../../Engine/Content/EngineMaterials/Substrate/Glints2/dict_0007_0065.uasset" 5913
"../../../Engine/Content/EngineMaterials/Substrate/Glints2/dict_0007_0065.uexp" 5914
"../../../Engine/Content/EngineMaterials/Substrate/Glints2/dict_0005_0087.uasset" 5915
"../../../Engine/Content/EngineMaterials/Substrate/Glints2/dict_0005_0087.uexp" 5916
"../../../Engine/Content/EngineMaterials/Substrate/Glints2/dict_0003_0082.uasset" 5917
"../../../Engine/Content/EngineMaterials/Substrate/Glints2/dict_0003_0082.uexp" 5918
"../../../Engine/Content/EngineMaterials/Substrate/Glints2/dict_0000_0030.uasset" 5919
"../../../Engine/Content/EngineMaterials/Substrate/Glints2/dict_0000_0030.uexp" 5920
"../../../Engine/Content/EngineMaterials/Substrate/Glints2/dict_0007_0234.uasset" 5921
"../../../Engine/Content/EngineMaterials/Substrate/Glints2/dict_0007_0234.uexp" 5922
"../../../Engine/Content/EngineMaterials/Substrate/Glints2/dict_0004_0178.uasset" 5923
"../../../Engine/Content/EngineMaterials/Substrate/Glints2/dict_0004_0178.uexp" 5924
"../../../Engine/Content/EngineMaterials/Substrate/Glints2/dict_0004_0253.uasset" 5925
"../../../Engine/Content/EngineMaterials/Substrate/Glints2/dict_0004_0253.uexp" 5926
"../../../Engine/Content/EngineMaterials/Substrate/Glints2/dict_0004_0077.uasset" 5927
"../../../Engine/Content/EngineMaterials/Substrate/Glints2/dict_0004_0077.uexp" 5928
"../../../Engine/Content/EngineMaterials/Substrate/Glints2/dict_0006_0042.uasset" 5929
"../../../Engine/Content/EngineMaterials/Substrate/Glints2/dict_0006_0042.uexp" 5930
"../../../Engine/Content/EngineMaterials/Substrate/Glints2/dict_0000_0171.uasset" 5931
"../../../Engine/Content/EngineMaterials/Substrate/Glints2/dict_0000_0171.uexp" 5932
"../../../Engine/Content/EngineMaterials/Substrate/Glints2/dict_0007_0027.uasset" 5933
"../../../Engine/Content/EngineMaterials/Substrate/Glints2/dict_0007_0027.uexp" 5934
"../../../Engine/Content/EngineMaterials/Substrate/Glints2/dict_0005_0231.uasset" 5935
"../../../Engine/Content/EngineMaterials/Substrate/Glints2/dict_0005_0231.uexp" 5936
"../../../Engine/Content/EngineMaterials/Substrate/Glints2/dict_0007_0184.uasset" 5937
"../../../Engine/Content/EngineMaterials/Substrate/Glints2/dict_0007_0184.uexp" 5938
"../../../Engine/Content/EngineMaterials/Substrate/Glints2/dict_0000_0004.uasset" 5939
"../../../Engine/Content/EngineMaterials/Substrate/Glints2/dict_0000_0004.uexp" 5940
"../../../Engine/Content/EngineMaterials/Substrate/Glints2/dict_0006_0058.uasset" 5941
"../../../Engine/Content/EngineMaterials/Substrate/Glints2/dict_0006_0058.uexp" 5942
"../../../Engine/Content/EngineMaterials/Substrate/Glints2/dict_0005_0205.uasset" 5943
"../../../Engine/Content/EngineMaterials/Substrate/Glints2/dict_0005_0205.uexp" 5944
"../../../Engine/Content/EngineMaterials/Substrate/Glints2/dict_0000_0008.uasset" 5945
"../../../Engine/Content/EngineMaterials/Substrate/Glints2/dict_0000_0008.uexp" 5946
"../../../Engine/Content/EngineMaterials/Substrate/Glints2/dict_0007_0248.uasset" 5947
"../../../Engine/Content/EngineMaterials/Substrate/Glints2/dict_0007_0248.uexp" 5948
"../../../Engine/Content/EngineMaterials/Substrate/Glints2/dict_0006_0209.uasset" 5949
"../../../Engine/Content/EngineMaterials/Substrate/Glints2/dict_0006_0209.uexp" 5950
"../../../Engine/Content/EngineMaterials/Substrate/Glints2/dict_0005_0143.uasset" 5951
"../../../Engine/Content/EngineMaterials/Substrate/Glints2/dict_0005_0143.uexp" 5952
"../../../Engine/Content/EngineMaterials/Substrate/Glints2/dict_0004_0038.uasset" 5953
"../../../Engine/Content/EngineMaterials/Substrate/Glints2/dict_0004_0038.uexp" 5954
"../../../Engine/Content/EngineMaterials/Substrate/Glints2/dict_0001_0141.uasset" 5955
"../../../Engine/Content/EngineMaterials/Substrate/Glints2/dict_0001_0141.uexp" 5956
"../../../Engine/Content/EngineMaterials/Substrate/Glints2/dict_0000_0204.uasset" 5957
"../../../Engine/Content/EngineMaterials/Substrate/Glints2/dict_0000_0204.uexp" 5958
"../../../Engine/Content/EngineMaterials/Substrate/Glints2/dict_0006_0147.uasset" 5959
"../../../Engine/Content/EngineMaterials/Substrate/Glints2/dict_0006_0147.uexp" 5960
"../../../Engine/Content/EngineMaterials/Substrate/Glints2/dict_0001_0125.uasset" 5961
"../../../Engine/Content/EngineMaterials/Substrate/Glints2/dict_0001_0125.uexp" 5962
"../../../Engine/Content/EngineMaterials/Substrate/Glints2/dict_0000_0179.uasset" 5963
"../../../Engine/Content/EngineMaterials/Substrate/Glints2/dict_0000_0179.uexp" 5964
"../../../Engine/Content/EngineMaterials/Substrate/Glints2/dict_0007_0192.uasset" 5965
"../../../Engine/Content/EngineMaterials/Substrate/Glints2/dict_0007_0192.uexp" 5966
"../../../Engine/Content/EngineMaterials/Substrate/Glints2/dict_0007_0097.uasset" 5967
"../../../Engine/Content/EngineMaterials/Substrate/Glints2/dict_0007_0097.uexp" 5968
"../../../Engine/Content/EngineMaterials/Substrate/Glints2/dict_0002_0172.uasset" 5969
"../../../Engine/Content/EngineMaterials/Substrate/Glints2/dict_0002_0172.uexp" 5970
"../../../Engine/Content/EngineMaterials/Substrate/Glints2/dict_0005_0168.uasset" 5971
"../../../Engine/Content/EngineMaterials/Substrate/Glints2/dict_0005_0168.uexp" 5972
"../../../Engine/Content/EngineMaterials/Substrate/Glints2/dict_0001_0071.uasset" 5973
"../../../Engine/Content/EngineMaterials/Substrate/Glints2/dict_0001_0071.uexp" 5974
"../../../Engine/Content/EngineMaterials/Substrate/Glints2/dict_0001_0163.uasset" 5975
"../../../Engine/Content/EngineMaterials/Substrate/Glints2/dict_0001_0163.uexp" 5976
"../../../Engine/Content/EngineMaterials/Substrate/Glints2/dict_0006_0083.uasset" 5977
"../../../Engine/Content/EngineMaterials/Substrate/Glints2/dict_0006_0083.uexp" 5978
"../../../Engine/Content/EngineMaterials/Substrate/Glints2/dict_0000_0123.uasset" 5979
"../../../Engine/Content/EngineMaterials/Substrate/Glints2/dict_0000_0123.uexp" 5980
"../../../Engine/Content/EngineMaterials/Substrate/Glints2/dict_0005_0055.uasset" 5981
"../../../Engine/Content/EngineMaterials/Substrate/Glints2/dict_0005_0055.uexp" 5982
"../../../Engine/Content/EngineMaterials/Substrate/Glints2/dict_0004_0014.uasset" 5983
"../../../Engine/Content/EngineMaterials/Substrate/Glints2/dict_0004_0014.uexp" 5984
"../../../Engine/Content/EngineMaterials/Substrate/Glints2/dict_0002_0101.uasset" 5985
"../../../Engine/Content/EngineMaterials/Substrate/Glints2/dict_0002_0101.uexp" 5986
"../../../Engine/Content/EngineMaterials/Substrate/Glints2/dict_0002_0074.uasset" 5987
"../../../Engine/Content/EngineMaterials/Substrate/Glints2/dict_0002_0074.uexp" 5988
"../../../Engine/Content/EngineMaterials/Substrate/Glints2/dict_0000_0009.uasset" 5989
"../../../Engine/Content/EngineMaterials/Substrate/Glints2/dict_0000_0009.uexp" 5990
"../../../Engine/Content/EngineMaterials/Substrate/Glints2/dict_0006_0243.uasset" 5991
"../../../Engine/Content/EngineMaterials/Substrate/Glints2/dict_0006_0243.uexp" 5992
"../../../Engine/Content/EngineMaterials/Substrate/Glints2/dict_0002_0106.uasset" 5993
"../../../Engine/Content/EngineMaterials/Substrate/Glints2/dict_0002_0106.uexp" 5994
"../../../Engine/Content/EngineMaterials/Substrate/Glints2/dict_0001_0200.uasset" 5995
"../../../Engine/Content/EngineMaterials/Substrate/Glints2/dict_0001_0200.uexp" 5996
"../../../Engine/Content/EngineMaterials/Substrate/Glints2/dict_0000_0226.uasset" 5997
"../../../Engine/Content/EngineMaterials/Substrate/Glints2/dict_0000_0226.uexp" 5998
"../../../Engine/Content/EngineMaterials/Substrate/Glints2/dict_0005_0158.uasset" 5999
"../../../Engine/Content/EngineMaterials/Substrate/Glints2/dict_0005_0158.uexp" 6000
"../../../Engine/Content/EngineMaterials/Substrate/Glints2/dict_0001_0039.uasset" 6001
"../../../Engine/Content/EngineMaterials/Substrate/Glints2/dict_0001_0039.uexp" 6002
"../../../Engine/Content/EngineMaterials/Substrate/Glints2/dict_0000_0001.uasset" 6003
"../../../Engine/Content/EngineMaterials/Substrate/Glints2/dict_0000_0001.uexp" 6004
"../../../Engine/Content/EngineMaterials/Substrate/Glints2/dict_0003_0201.uasset" 6005
"../../../Engine/Content/EngineMaterials/Substrate/Glints2/dict_0003_0201.uexp" 6006
"../../../Engine/Content/EngineMaterials/Substrate/Glints2/dict_0005_0241.uasset" 6007
"../../../Engine/Content/EngineMaterials/Substrate/Glints2/dict_0005_0241.uexp" 6008
"../../../Engine/Content/EngineMaterials/Substrate/Glints2/dict_0007_0251.uasset" 6009
"../../../Engine/Content/EngineMaterials/Substrate/Glints2/dict_0007_0251.uexp" 6010
"../../../Engine/Content/EngineMaterials/Substrate/Glints2/dict_0007_0107.uasset" 6011
"../../../Engine/Content/EngineMaterials/Substrate/Glints2/dict_0007_0107.uexp" 6012
"../../../Engine/Content/EngineMaterials/Substrate/Glints2/dict_0005_0232.uasset" 6013
"../../../Engine/Content/EngineMaterials/Substrate/Glints2/dict_0005_0232.uexp" 6014
"../../../Engine/Content/EngineMaterials/Substrate/Glints2/dict_0002_0042.uasset" 6015
"../../../Engine/Content/EngineMaterials/Substrate/Glints2/dict_0002_0042.uexp" 6016
"../../../Engine/Content/EngineMaterials/Substrate/Glints2/dict_0000_0044.uasset" 6017
"../../../Engine/Content/EngineMaterials/Substrate/Glints2/dict_0000_0044.uexp" 6018
"../../../Engine/Content/EngineMaterials/Substrate/Glints2/dict_0004_0229.uasset" 6019
"../../../Engine/Content/EngineMaterials/Substrate/Glints2/dict_0004_0229.uexp" 6020
"../../../Engine/Content/EngineMaterials/Substrate/Glints2/dict_0003_0179.uasset" 6021
"../../../Engine/Content/EngineMaterials/Substrate/Glints2/dict_0003_0179.uexp" 6022
"../../../Engine/Content/EngineMaterials/Substrate/Glints2/dict_0007_0007.uasset" 6023
"../../../Engine/Content/EngineMaterials/Substrate/Glints2/dict_0007_0007.uexp" 6024
"../../../Engine/Content/EngineMaterials/Substrate/Glints2/dict_0007_0253.uasset" 6025
"../../../Engine/Content/EngineMaterials/Substrate/Glints2/dict_0007_0253.uexp" 6026
"../../../Engine/Content/EngineMaterials/Substrate/Glints2/dict_0004_0234.uasset" 6027
"../../../Engine/Content/EngineMaterials/Substrate/Glints2/dict_0004_0234.uexp" 6028
"../../../Engine/Content/EngineMaterials/Substrate/Glints2/dict_0002_0175.uasset" 6029
"../../../Engine/Content/EngineMaterials/Substrate/Glints2/dict_0002_0175.uexp" 6030
"../../../Engine/Content/EngineMaterials/Substrate/Glints2/dict_0005_0182.uasset" 6031
"../../../Engine/Content/EngineMaterials/Substrate/Glints2/dict_0005_0182.uexp" 6032
"../../../Engine/Content/EngineMaterials/Substrate/Glints2/dict_0000_0039.uasset" 6033
"../../../Engine/Content/EngineMaterials/Substrate/Glints2/dict_0000_0039.uexp" 6034
"../../../Engine/Content/EngineMaterials/Substrate/Glints2/dict_0000_0046.uasset" 6035
"../../../Engine/Content/EngineMaterials/Substrate/Glints2/dict_0000_0046.uexp" 6036
"../../../Engine/Content/EngineMaterials/Substrate/Glints2/dict_0002_0115.uasset" 6037
"../../../Engine/Content/EngineMaterials/Substrate/Glints2/dict_0002_0115.uexp" 6038
"../../../Engine/Content/EngineMaterials/Substrate/Glints2/dict_0000_0027.uasset" 6039
"../../../Engine/Content/EngineMaterials/Substrate/Glints2/dict_0000_0027.uexp" 6040
"../../../Engine/Content/EngineMaterials/Substrate/Glints2/dict_0004_0092.uasset" 6041
"../../../Engine/Content/EngineMaterials/Substrate/Glints2/dict_0004_0092.uexp" 6042
"../../../Engine/Content/EngineMaterials/Substrate/Glints2/dict_0003_0166.uasset" 6043
"../../../Engine/Content/EngineMaterials/Substrate/Glints2/dict_0003_0166.uexp" 6044
"../../../Engine/Content/EngineMaterials/Substrate/Glints2/dict_0004_0067.uasset" 6045
"../../../Engine/Content/EngineMaterials/Substrate/Glints2/dict_0004_0067.uexp" 6046
"../../../Engine/Content/EngineMaterials/Substrate/Glints2/dict_0003_0193.uasset" 6047
"../../../Engine/Content/EngineMaterials/Substrate/Glints2/dict_0003_0193.uexp" 6048
"../../../Engine/Content/EngineMaterials/Substrate/Glints2/dict_0000_0242.uasset" 6049
"../../../Engine/Content/EngineMaterials/Substrate/Glints2/dict_0000_0242.uexp" 6050
"../../../Engine/Content/EngineMaterials/Substrate/Glints2/dict_0000_0065.uasset" 6051
"../../../Engine/Content/EngineMaterials/Substrate/Glints2/dict_0000_0065.uexp" 6052
"../../../Engine/Content/EngineMaterials/Substrate/Glints2/dict_0005_0097.uasset" 6053
"../../../Engine/Content/EngineMaterials/Substrate/Glints2/dict_0005_0097.uexp" 6054
"../../../Engine/Content/EngineMaterials/Substrate/Glints2/dict_0001_0142.uasset" 6055
"../../../Engine/Content/EngineMaterials/Substrate/Glints2/dict_0001_0142.uexp" 6056
"../../../Engine/Content/EngineMaterials/Substrate/Glints2/dict_0005_0228.uasset" 6057
"../../../Engine/Content/EngineMaterials/Substrate/Glints2/dict_0005_0228.uexp" 6058
"../../../Engine/Content/EngineMaterials/Substrate/Glints2/dict_0004_0108.uasset" 6059
"../../../Engine/Content/EngineMaterials/Substrate/Glints2/dict_0004_0108.uexp" 6060
"../../../Engine/Content/EngineMaterials/Substrate/Glints2/dict_0006_0132.uasset" 6061
"../../../Engine/Content/EngineMaterials/Substrate/Glints2/dict_0006_0132.uexp" 6062
"../../../Engine/Content/EngineMaterials/Substrate/Glints2/dict_0001_0127.uasset" 6063
"../../../Engine/Content/EngineMaterials/Substrate/Glints2/dict_0001_0127.uexp" 6064
"../../../Engine/Content/EngineMaterials/Substrate/Glints2/dict_0000_0040.uasset" 6065
"../../../Engine/Content/EngineMaterials/Substrate/Glints2/dict_0000_0040.uexp" 6066
"../../../Engine/Content/EngineMaterials/Substrate/Glints2/dict_0004_0219.uasset" 6067
"../../../Engine/Content/EngineMaterials/Substrate/Glints2/dict_0004_0219.uexp" 6068
"../../../Engine/Content/EngineMaterials/Substrate/Glints2/dict_0003_0054.uasset" 6069
"../../../Engine/Content/EngineMaterials/Substrate/Glints2/dict_0003_0054.uexp" 6070
"../../../Engine/Content/EngineMaterials/Substrate/Glints2/dict_0002_0005.uasset" 6071
"../../../Engine/Content/EngineMaterials/Substrate/Glints2/dict_0002_0005.uexp" 6072
"../../../Engine/Content/EngineMaterials/Substrate/Glints2/dict_0007_0147.uasset" 6073
"../../../Engine/Content/EngineMaterials/Substrate/Glints2/dict_0007_0147.uexp" 6074
"../../../Engine/Content/EngineMaterials/Substrate/Glints2/dict_0004_0125.uasset" 6075
"../../../Engine/Content/EngineMaterials/Substrate/Glints2/dict_0004_0125.uexp" 6076
"../../../Engine/Content/EngineMaterials/Substrate/Glints2/dict_0003_0184.uasset" 6077
"../../../Engine/Content/EngineMaterials/Substrate/Glints2/dict_0003_0184.uexp" 6078
"../../../Engine/Content/EngineMaterials/Substrate/Glints2/dict_0006_0079.uasset" 6079
"../../../Engine/Content/EngineMaterials/Substrate/Glints2/dict_0006_0079.uexp" 6080
"../../../Engine/Content/EngineMaterials/Substrate/Glints2/dict_0004_0128.uasset" 6081
"../../../Engine/Content/EngineMaterials/Substrate/Glints2/dict_0004_0128.uexp" 6082
"../../../Engine/Content/EngineMaterials/Substrate/Glints2/dict_0005_0227.uasset" 6083
"../../../Engine/Content/EngineMaterials/Substrate/Glints2/dict_0005_0227.uexp" 6084
"../../../Engine/Content/EngineMaterials/Substrate/Glints2/dict_0004_0231.uasset" 6085
"../../../Engine/Content/EngineMaterials/Substrate/Glints2/dict_0004_0231.uexp" 6086
"../../../Engine/Content/EngineMaterials/Substrate/Glints2/dict_0003_0200.uasset" 6087
"../../../Engine/Content/EngineMaterials/Substrate/Glints2/dict_0003_0200.uexp" 6088
"../../../Engine/Content/EngineMaterials/Substrate/Glints2/dict_0001_0254.uasset" 6089
"../../../Engine/Content/EngineMaterials/Substrate/Glints2/dict_0001_0254.uexp" 6090
"../../../Engine/Content/EngineMaterials/Substrate/Glints2/dict_0001_0189.uasset" 6091
"../../../Engine/Content/EngineMaterials/Substrate/Glints2/dict_0001_0189.uexp" 6092
"../../../Engine/Content/EngineMaterials/Substrate/Glints2/dict_0000_0160.uasset" 6093
"../../../Engine/Content/EngineMaterials/Substrate/Glints2/dict_0000_0160.uexp" 6094
"../../../Engine/Content/EngineMaterials/Substrate/Glints2/dict_0001_0050.uasset" 6095
"../../../Engine/Content/EngineMaterials/Substrate/Glints2/dict_0001_0050.uexp" 6096
"../../../Engine/Content/EngineMaterials/Substrate/Glints2/dict_0006_0033.uasset" 6097
"../../../Engine/Content/EngineMaterials/Substrate/Glints2/dict_0006_0033.uexp" 6098
"../../../Engine/Content/EngineMaterials/Substrate/Glints2/dict_0004_0010.uasset" 6099
"../../../Engine/Content/EngineMaterials/Substrate/Glints2/dict_0004_0010.uexp" 6100
"../../../Engine/Content/EngineMaterials/Substrate/Glints2/dict_0001_0098.uasset" 6101
"../../../Engine/Content/EngineMaterials/Substrate/Glints2/dict_0001_0098.uexp" 6102
"../../../Engine/Content/EngineMaterials/Substrate/Glints2/dict_0004_0161.uasset" 6103
"../../../Engine/Content/EngineMaterials/Substrate/Glints2/dict_0004_0161.uexp" 6104
"../../../Engine/Content/EngineMaterials/Substrate/Glints2/dict_0001_0024.uasset" 6105
"../../../Engine/Content/EngineMaterials/Substrate/Glints2/dict_0001_0024.uexp" 6106
"../../../Engine/Content/EngineMaterials/Substrate/Glints2/dict_0007_0135.uasset" 6107
"../../../Engine/Content/EngineMaterials/Substrate/Glints2/dict_0007_0135.uexp" 6108
"../../../Engine/Content/EngineMaterials/Substrate/Glints2/dict_0006_0068.uasset" 6109
"../../../Engine/Content/EngineMaterials/Substrate/Glints2/dict_0006_0068.uexp" 6110
"../../../Engine/Content/EngineMaterials/Substrate/Glints2/dict_0004_0209.uasset" 6111
"../../../Engine/Content/EngineMaterials/Substrate/Glints2/dict_0004_0209.uexp" 6112
"../../../Engine/Content/EngineMaterials/Substrate/Glints2/dict_0004_0080.uasset" 6113
"../../../Engine/Content/EngineMaterials/Substrate/Glints2/dict_0004_0080.uexp" 6114
"../../../Engine/Content/EngineMaterials/Substrate/Glints2/dict_0000_0124.uasset" 6115
"../../../Engine/Content/EngineMaterials/Substrate/Glints2/dict_0000_0124.uexp" 6116
"../../../Engine/Content/EngineMaterials/Substrate/Glints2/dict_0006_0020.uasset" 6117
"../../../Engine/Content/EngineMaterials/Substrate/Glints2/dict_0006_0020.uexp" 6118
"../../../Engine/Content/EngineMaterials/Substrate/Glints2/dict_0007_0237.uasset" 6119
"../../../Engine/Content/EngineMaterials/Substrate/Glints2/dict_0007_0237.uexp" 6120
"../../../Engine/Content/EngineMaterials/Substrate/Glints2/dict_0002_0107.uasset" 6121
"../../../Engine/Content/EngineMaterials/Substrate/Glints2/dict_0002_0107.uexp" 6122
"../../../Engine/Content/EngineMaterials/Substrate/Glints2/dict_0005_0221.uasset" 6123
"../../../Engine/Content/EngineMaterials/Substrate/Glints2/dict_0005_0221.uexp" 6124
"../../../Engine/Content/EngineMaterials/Substrate/Glints2/dict_0003_0138.uasset" 6125
"../../../Engine/Content/EngineMaterials/Substrate/Glints2/dict_0003_0138.uexp" 6126
"../../../Engine/Content/EngineMaterials/Substrate/Glints2/dict_0003_0047.uasset" 6127
"../../../Engine/Content/EngineMaterials/Substrate/Glints2/dict_0003_0047.uexp" 6128
"../../../Engine/Content/EngineMaterials/Substrate/Glints2/dict_0002_0110.uasset" 6129
"../../../Engine/Content/EngineMaterials/Substrate/Glints2/dict_0002_0110.uexp" 6130
"../../../Engine/Content/EngineMaterials/Substrate/Glints2/dict_0002_0069.uasset" 6131
"../../../Engine/Content/EngineMaterials/Substrate/Glints2/dict_0002_0069.uexp" 6132
"../../../Engine/Content/EngineMaterials/Substrate/Glints2/dict_0007_0154.uasset" 6133
"../../../Engine/Content/EngineMaterials/Substrate/Glints2/dict_0007_0154.uexp" 6134
"../../../Engine/Content/EngineMaterials/Substrate/Glints2/dict_0006_0251.uasset" 6135
"../../../Engine/Content/EngineMaterials/Substrate/Glints2/dict_0006_0251.uexp" 6136
"../../../Engine/Content/EngineMaterials/Substrate/Glints2/dict_0001_0072.uasset" 6137
"../../../Engine/Content/EngineMaterials/Substrate/Glints2/dict_0001_0072.uexp" 6138
"../../../Engine/Content/EngineMaterials/Substrate/Glints2/dict_0000_0234.uasset" 6139
"../../../Engine/Content/EngineMaterials/Substrate/Glints2/dict_0000_0234.uexp" 6140
"../../../Engine/Content/EngineMaterials/Substrate/Glints2/dict_0000_0084.uasset" 6141
"../../../Engine/Content/EngineMaterials/Substrate/Glints2/dict_0000_0084.uexp" 6142
"../../../Engine/Content/EngineMaterials/Substrate/Glints2/dict_0006_0158.uasset" 6143
"../../../Engine/Content/EngineMaterials/Substrate/Glints2/dict_0006_0158.uexp" 6144
"../../../Engine/Content/EngineMaterials/Substrate/Glints2/dict_0004_0062.uasset" 6145
"../../../Engine/Content/EngineMaterials/Substrate/Glints2/dict_0004_0062.uexp" 6146
"../../../Engine/Content/EngineMaterials/Substrate/Glints2/dict_0003_0239.uasset" 6147
"../../../Engine/Content/EngineMaterials/Substrate/Glints2/dict_0003_0239.uexp" 6148
"../../../Engine/Content/EngineMaterials/Substrate/Glints2/dict_0003_0062.uasset" 6149
"../../../Engine/Content/EngineMaterials/Substrate/Glints2/dict_0003_0062.uexp" 6150
"../../../Engine/Content/EngineMaterials/Substrate/Glints2/dict_0007_0132.uasset" 6151
"../../../Engine/Content/EngineMaterials/Substrate/Glints2/dict_0007_0132.uexp" 6152
"../../../Engine/Content/EngineMaterials/Substrate/Glints2/dict_0006_0179.uasset" 6153
"../../../Engine/Content/EngineMaterials/Substrate/Glints2/dict_0006_0179.uexp" 6154
"../../../Engine/Content/EngineMaterials/Substrate/Glints2/dict_0006_0114.uasset" 6155
"../../../Engine/Content/EngineMaterials/Substrate/Glints2/dict_0006_0114.uexp" 6156
"../../../Engine/Content/EngineMaterials/Substrate/Glints2/dict_0002_0206.uasset" 6157
"../../../Engine/Content/EngineMaterials/Substrate/Glints2/dict_0002_0206.uexp" 6158
"../../../Engine/Content/EngineMaterials/Substrate/Glints2/dict_0000_0151.uasset" 6159
"../../../Engine/Content/EngineMaterials/Substrate/Glints2/dict_0000_0151.uexp" 6160
"../../../Engine/Content/EngineMaterials/Substrate/Glints2/dict_0000_0042.uasset" 6161
"../../../Engine/Content/EngineMaterials/Substrate/Glints2/dict_0000_0042.uexp" 6162
"../../../Engine/Content/EngineMaterials/Substrate/Glints2/dict_0007_0133.uasset" 6163
"../../../Engine/Content/EngineMaterials/Substrate/Glints2/dict_0007_0133.uexp" 6164
"../../../Engine/Content/EngineMaterials/Substrate/Glints2/dict_0001_0057.uasset" 6165
"../../../Engine/Content/EngineMaterials/Substrate/Glints2/dict_0001_0057.uexp" 6166
"../../../Engine/Content/EngineMaterials/Substrate/Glints2/dict_0000_0079.uasset" 6167
"../../../Engine/Content/EngineMaterials/Substrate/Glints2/dict_0000_0079.uexp" 6168
"../../../Engine/Content/EngineMaterials/Substrate/Glints2/dict_0007_0054.uasset" 6169
"../../../Engine/Content/EngineMaterials/Substrate/Glints2/dict_0007_0054.uexp" 6170
"../../../Engine/Content/EngineMaterials/Substrate/Glints2/dict_0004_0068.uasset" 6171
"../../../Engine/Content/EngineMaterials/Substrate/Glints2/dict_0004_0068.uexp" 6172
"../../../Engine/Content/EngineMaterials/Substrate/Glints2/dict_0003_0075.uasset" 6173
"../../../Engine/Content/EngineMaterials/Substrate/Glints2/dict_0003_0075.uexp" 6174
"../../../Engine/Content/EngineMaterials/Substrate/Glints2/dict_0007_0002.uasset" 6175
"../../../Engine/Content/EngineMaterials/Substrate/Glints2/dict_0007_0002.uexp" 6176
"../../../Engine/Content/EngineMaterials/Substrate/Glints2/dict_0002_0113.uasset" 6177
"../../../Engine/Content/EngineMaterials/Substrate/Glints2/dict_0002_0113.uexp" 6178
"../../../Engine/Content/EngineMaterials/Substrate/Glints2/dict_0000_0186.uasset" 6179
"../../../Engine/Content/EngineMaterials/Substrate/Glints2/dict_0000_0186.uexp" 6180
"../../../Engine/Content/EngineMaterials/Substrate/Glints2/dict_0005_0196.uasset" 6181
"../../../Engine/Content/EngineMaterials/Substrate/Glints2/dict_0005_0196.uexp" 6182
"../../../Engine/Content/EngineMaterials/Substrate/Glints2/dict_0005_0025.uasset" 6183
"../../../Engine/Content/EngineMaterials/Substrate/Glints2/dict_0005_0025.uexp" 6184
"../../../Engine/Content/EngineMaterials/Substrate/Glints2/dict_0004_0222.uasset" 6185
"../../../Engine/Content/EngineMaterials/Substrate/Glints2/dict_0004_0222.uexp" 6186
"../../../Engine/Content/EngineMaterials/Substrate/Glints2/dict_0001_0188.uasset" 6187
"../../../Engine/Content/EngineMaterials/Substrate/Glints2/dict_0001_0188.uexp" 6188
"../../../Engine/Content/EngineMaterials/Substrate/Glints2/dict_0003_0221.uasset" 6189
"../../../Engine/Content/EngineMaterials/Substrate/Glints2/dict_0003_0221.uexp" 6190
"../../../Engine/Content/EngineMaterials/Substrate/Glints2/dict_0001_0036.uasset" 6191
"../../../Engine/Content/EngineMaterials/Substrate/Glints2/dict_0001_0036.uexp" 6192
"../../../Engine/Content/EngineMaterials/Substrate/Glints2/dict_0004_0226.uasset" 6193
"../../../Engine/Content/EngineMaterials/Substrate/Glints2/dict_0004_0226.uexp" 6194
"../../../Engine/Content/EngineMaterials/Substrate/Glints2/dict_0000_0138.uasset" 6195
"../../../Engine/Content/EngineMaterials/Substrate/Glints2/dict_0000_0138.uexp" 6196
"../../../Engine/Content/EngineMaterials/Substrate/Glints2/dict_0006_0212.uasset" 6197
"../../../Engine/Content/EngineMaterials/Substrate/Glints2/dict_0006_0212.uexp" 6198
"../../../Engine/Content/EngineMaterials/Substrate/Glints2/dict_0004_0095.uasset" 6199
"../../../Engine/Content/EngineMaterials/Substrate/Glints2/dict_0004_0095.uexp" 6200
"../../../Engine/Content/EngineMaterials/Substrate/Glints2/dict_0007_0093.uasset" 6201
"../../../Engine/Content/EngineMaterials/Substrate/Glints2/dict_0007_0093.uexp" 6202
"../../../Engine/Content/EngineMaterials/Substrate/Glints2/dict_0004_0037.uasset" 6203
"../../../Engine/Content/EngineMaterials/Substrate/Glints2/dict_0004_0037.uexp" 6204
"../../../Engine/Content/EngineMaterials/Substrate/Glints2/dict_0000_0194.uasset" 6205
"../../../Engine/Content/EngineMaterials/Substrate/Glints2/dict_0000_0194.uexp" 6206
"../../../Engine/Content/EngineMaterials/Substrate/Glints2/dict_0005_0214.uasset" 6207
"../../../Engine/Content/EngineMaterials/Substrate/Glints2/dict_0005_0214.uexp" 6208
"../../../Engine/Content/EngineMaterials/Substrate/Glints2/dict_0003_0072.uasset" 6209
"../../../Engine/Content/EngineMaterials/Substrate/Glints2/dict_0003_0072.uexp" 6210
"../../../Engine/Content/EngineMaterials/Substrate/Glints2/dict_0007_0036.uasset" 6211
"../../../Engine/Content/EngineMaterials/Substrate/Glints2/dict_0007_0036.uexp" 6212
"../../../Engine/Content/EngineMaterials/Substrate/Glints2/dict_0005_0216.uasset" 6213
"../../../Engine/Content/EngineMaterials/Substrate/Glints2/dict_0005_0216.uexp" 6214
"../../../Engine/Content/EngineMaterials/Substrate/Glints2/dict_0004_0211.uasset" 6215
"../../../Engine/Content/EngineMaterials/Substrate/Glints2/dict_0004_0211.uexp" 6216
"../../../Engine/Content/EngineMaterials/Substrate/Glints2/dict_0004_0183.uasset" 6217
"../../../Engine/Content/EngineMaterials/Substrate/Glints2/dict_0004_0183.uexp" 6218
"../../../Engine/Content/EngineMaterials/Substrate/Glints2/dict_0004_0155.uasset" 6219
"../../../Engine/Content/EngineMaterials/Substrate/Glints2/dict_0004_0155.uexp" 6220
"../../../Engine/Content/EngineMaterials/Substrate/Glints2/dict_0002_0033.uasset" 6221
"../../../Engine/Content/EngineMaterials/Substrate/Glints2/dict_0002_0033.uexp" 6222
"../../../Engine/Content/EngineMaterials/Substrate/Glints2/dict_0002_0038.uasset" 6223
"../../../Engine/Content/EngineMaterials/Substrate/Glints2/dict_0002_0038.uexp" 6224
"../../../Engine/Content/EngineMaterials/Substrate/Glints2/dict_0007_0024.uasset" 6225
"../../../Engine/Content/EngineMaterials/Substrate/Glints2/dict_0007_0024.uexp" 6226
"../../../Engine/Content/EngineMaterials/Substrate/Glints2/dict_0004_0184.uasset" 6227
"../../../Engine/Content/EngineMaterials/Substrate/Glints2/dict_0004_0184.uexp" 6228
"../../../Engine/Content/EngineMaterials/Substrate/Glints2/dict_0004_0224.uasset" 6229
"../../../Engine/Content/EngineMaterials/Substrate/Glints2/dict_0004_0224.uexp" 6230
"../../../Engine/Content/EngineMaterials/Substrate/Glints2/dict_0003_0172.uasset" 6231
"../../../Engine/Content/EngineMaterials/Substrate/Glints2/dict_0003_0172.uexp" 6232
"../../../Engine/Content/EngineMaterials/Substrate/Glints2/dict_0003_0066.uasset" 6233
"../../../Engine/Content/EngineMaterials/Substrate/Glints2/dict_0003_0066.uexp" 6234
"../../../Engine/Content/EngineMaterials/Substrate/Glints2/dict_0007_0207.uasset" 6235
"../../../Engine/Content/EngineMaterials/Substrate/Glints2/dict_0007_0207.uexp" 6236
"../../../Engine/Content/EngineMaterials/Substrate/Glints2/dict_0007_0056.uasset" 6237
"../../../Engine/Content/EngineMaterials/Substrate/Glints2/dict_0007_0056.uexp" 6238
"../../../Engine/Content/EngineMaterials/Substrate/Glints2/dict_0003_0098.uasset" 6239
"../../../Engine/Content/EngineMaterials/Substrate/Glints2/dict_0003_0098.uexp" 6240
"../../../Engine/Content/EngineMaterials/Substrate/Glints2/dict_0000_0000.uasset" 6241
"../../../Engine/Content/EngineMaterials/Substrate/Glints2/dict_0000_0000.uexp" 6242
"../../../Engine/Content/EngineMaterials/Substrate/Glints2/dict_0007_0078.uasset" 6243
"../../../Engine/Content/EngineMaterials/Substrate/Glints2/dict_0007_0078.uexp" 6244
"../../../Engine/Content/EngineMaterials/Substrate/Glints2/dict_0000_0033.uasset" 6245
"../../../Engine/Content/EngineMaterials/Substrate/Glints2/dict_0000_0033.uexp" 6246
"../../../Engine/Content/EngineMaterials/Substrate/Glints2/dict_0006_0122.uasset" 6247
"../../../Engine/Content/EngineMaterials/Substrate/Glints2/dict_0006_0122.uexp" 6248
"../../../Engine/Content/EngineMaterials/Substrate/Glints2/dict_0002_0208.uasset" 6249
"../../../Engine/Content/EngineMaterials/Substrate/Glints2/dict_0002_0208.uexp" 6250
"../../../Engine/Content/EngineMaterials/Substrate/Glints2/dict_0000_0097.uasset" 6251
"../../../Engine/Content/EngineMaterials/Substrate/Glints2/dict_0000_0097.uexp" 6252
"../../../Engine/Content/EngineMaterials/Substrate/Glints2/dict_0007_0178.uasset" 6253
"../../../Engine/Content/EngineMaterials/Substrate/Glints2/dict_0007_0178.uexp" 6254
"../../../Engine/Content/EngineMaterials/Substrate/Glints2/dict_0003_0249.uasset" 6255
"../../../Engine/Content/EngineMaterials/Substrate/Glints2/dict_0003_0249.uexp" 6256
"../../../Engine/Content/EngineMaterials/Substrate/Glints2/dict_0007_0159.uasset" 6257
"../../../Engine/Content/EngineMaterials/Substrate/Glints2/dict_0007_0159.uexp" 6258
"../../../Engine/Content/EngineMaterials/Substrate/Glints2/dict_0006_0133.uasset" 6259
"../../../Engine/Content/EngineMaterials/Substrate/Glints2/dict_0006_0133.uexp" 6260
"../../../Engine/Content/EngineMaterials/Substrate/Glints2/dict_0004_0087.uasset" 6261
"../../../Engine/Content/EngineMaterials/Substrate/Glints2/dict_0004_0087.uexp" 6262
"../../../Engine/Content/EngineMaterials/Substrate/Glints2/dict_0006_0125.uasset" 6263
"../../../Engine/Content/EngineMaterials/Substrate/Glints2/dict_0006_0125.uexp" 6264
"../../../Engine/Content/EngineMaterials/Substrate/Glints2/dict_0006_0119.uasset" 6265
"../../../Engine/Content/EngineMaterials/Substrate/Glints2/dict_0006_0119.uexp" 6266
"../../../Engine/Content/EngineMaterials/Substrate/Glints2/dict_0005_0027.uasset" 6267
"../../../Engine/Content/EngineMaterials/Substrate/Glints2/dict_0005_0027.uexp" 6268
"../../../Engine/Content/EngineMaterials/Substrate/Glints2/dict_0001_0224.uasset" 6269
"../../../Engine/Content/EngineMaterials/Substrate/Glints2/dict_0001_0224.uexp" 6270
"../../../Engine/Content/EngineMaterials/Substrate/Glints2/dict_0006_0004.uasset" 6271
"../../../Engine/Content/EngineMaterials/Substrate/Glints2/dict_0006_0004.uexp" 6272
"../../../Engine/Content/EngineMaterials/Substrate/Glints2/dict_0000_0112.uasset" 6273
"../../../Engine/Content/EngineMaterials/Substrate/Glints2/dict_0000_0112.uexp" 6274
"../../../Engine/Content/EngineMaterials/Substrate/Glints2/dict_0004_0019.uasset" 6275
"../../../Engine/Content/EngineMaterials/Substrate/Glints2/dict_0004_0019.uexp" 6276
"../../../Engine/Content/EngineMaterials/Substrate/Glints2/dict_0003_0217.uasset" 6277
"../../../Engine/Content/EngineMaterials/Substrate/Glints2/dict_0003_0217.uexp" 6278
"../../../Engine/Content/EngineMaterials/Substrate/Glints2/dict_0003_0197.uasset" 6279
"../../../Engine/Content/EngineMaterials/Substrate/Glints2/dict_0003_0197.uexp" 6280
"../../../Engine/Content/EngineMaterials/Substrate/Glints2/dict_0001_0137.uasset" 6281
"../../../Engine/Content/EngineMaterials/Substrate/Glints2/dict_0001_0137.uexp" 6282
"../../../Engine/Content/EngineMaterials/Substrate/Glints2/dict_0000_0048.uasset" 6283
"../../../Engine/Content/EngineMaterials/Substrate/Glints2/dict_0000_0048.uexp" 6284
"../../../Engine/Content/EngineMaterials/Substrate/Glints2/dict_0005_0080.uasset" 6285
"../../../Engine/Content/EngineMaterials/Substrate/Glints2/dict_0005_0080.uexp" 6286
"../../../Engine/Content/EngineMaterials/Substrate/Glints2/dict_0003_0148.uasset" 6287
"../../../Engine/Content/EngineMaterials/Substrate/Glints2/dict_0003_0148.uexp" 6288
"../../../Engine/Content/EngineMaterials/Substrate/Glints2/dict_0000_0230.uasset" 6289
"../../../Engine/Content/EngineMaterials/Substrate/Glints2/dict_0000_0230.uexp" 6290
"../../../Engine/Content/EngineMaterials/Substrate/Glints2/dict_0002_0138.uasset" 6291
"../../../Engine/Content/EngineMaterials/Substrate/Glints2/dict_0002_0138.uexp" 6292
"../../../Engine/Content/EngineMaterials/Substrate/Glints2/dict_0000_0043.uasset" 6293
"../../../Engine/Content/EngineMaterials/Substrate/Glints2/dict_0000_0043.uexp" 6294
"../../../Engine/Content/EngineMaterials/Substrate/Glints2/dict_0006_0213.uasset" 6295
"../../../Engine/Content/EngineMaterials/Substrate/Glints2/dict_0006_0213.uexp" 6296
"../../../Engine/Content/EngineMaterials/Substrate/Glints2/dict_0007_0108.uasset" 6297
"../../../Engine/Content/EngineMaterials/Substrate/Glints2/dict_0007_0108.uexp" 6298
"../../../Engine/Content/EngineMaterials/Substrate/Glints2/dict_0007_0006.uasset" 6299
"../../../Engine/Content/EngineMaterials/Substrate/Glints2/dict_0007_0006.uexp" 6300
"../../../Engine/Content/EngineMaterials/Substrate/Glints2/dict_0002_0204.uasset" 6301
"../../../Engine/Content/EngineMaterials/Substrate/Glints2/dict_0002_0204.uexp" 6302
"../../../Engine/Content/EngineMaterials/Substrate/Glints2/dict_0006_0063.uasset" 6303
"../../../Engine/Content/EngineMaterials/Substrate/Glints2/dict_0006_0063.uexp" 6304
"../../../Engine/Content/EngineMaterials/Substrate/Glints2/dict_0004_0235.uasset" 6305
"../../../Engine/Content/EngineMaterials/Substrate/Glints2/dict_0004_0235.uexp" 6306
"../../../Engine/Content/EngineMaterials/Substrate/Glints2/dict_0001_0020.uasset" 6307
"../../../Engine/Content/EngineMaterials/Substrate/Glints2/dict_0001_0020.uexp" 6308
"../../../Engine/Content/EngineMaterials/Substrate/Glints2/dict_0000_0120.uasset" 6309
"../../../Engine/Content/EngineMaterials/Substrate/Glints2/dict_0000_0120.uexp" 6310
"../../../Engine/Content/EngineMaterials/Substrate/Glints2/dict_0002_0011.uasset" 6311
"../../../Engine/Content/EngineMaterials/Substrate/Glints2/dict_0002_0011.uexp" 6312
"../../../Engine/Content/EngineMaterials/Substrate/Glints2/dict_0001_0176.uasset" 6313
"../../../Engine/Content/EngineMaterials/Substrate/Glints2/dict_0001_0176.uexp" 6314
"../../../Engine/Content/EngineMaterials/Substrate/Glints2/dict_0000_0136.uasset" 6315
"../../../Engine/Content/EngineMaterials/Substrate/Glints2/dict_0000_0136.uexp" 6316
"../../../Engine/Content/EngineMaterials/Substrate/Glints2/dict_0007_0209.uasset" 6317
"../../../Engine/Content/EngineMaterials/Substrate/Glints2/dict_0007_0209.uexp" 6318
"../../../Engine/Content/EngineMaterials/Substrate/Glints2/dict_0004_0137.uasset" 6319
"../../../Engine/Content/EngineMaterials/Substrate/Glints2/dict_0004_0137.uexp" 6320
"../../../Engine/Content/EngineMaterials/Substrate/Glints2/dict_0007_0158.uasset" 6321
"../../../Engine/Content/EngineMaterials/Substrate/Glints2/dict_0007_0158.uexp" 6322
"../../../Engine/Content/EngineMaterials/Substrate/Glints2/dict_0001_0135.uasset" 6323
"../../../Engine/Content/EngineMaterials/Substrate/Glints2/dict_0001_0135.uexp" 6324
"../../../Engine/Content/EngineMaterials/Substrate/Glints2/dict_0002_0109.uasset" 6325
"../../../Engine/Content/EngineMaterials/Substrate/Glints2/dict_0002_0109.uexp" 6326
"../../../Engine/Content/EngineMaterials/Substrate/Glints2/dict_0001_0249.uasset" 6327
"../../../Engine/Content/EngineMaterials/Substrate/Glints2/dict_0001_0249.uexp" 6328
"../../../Engine/Content/EngineMaterials/Substrate/Glints2/dict_0007_0052.uasset" 6329
"../../../Engine/Content/EngineMaterials/Substrate/Glints2/dict_0007_0052.uexp" 6330
"../../../Engine/Content/EngineMaterials/Substrate/Glints2/dict_0005_0138.uasset" 6331
"../../../Engine/Content/EngineMaterials/Substrate/Glints2/dict_0005_0138.uexp" 6332
"../../../Engine/Content/EngineMaterials/Substrate/Glints2/dict_0000_0193.uasset" 6333
"../../../Engine/Content/EngineMaterials/Substrate/Glints2/dict_0000_0193.uexp" 6334
"../../../Engine/Content/EngineMaterials/Substrate/Glints2/dict_0005_0028.uasset" 6335
"../../../Engine/Content/EngineMaterials/Substrate/Glints2/dict_0005_0028.uexp" 6336
"../../../Engine/Content/EngineMaterials/Substrate/Glints2/dict_0007_0172.uasset" 6337
"../../../Engine/Content/EngineMaterials/Substrate/Glints2/dict_0007_0172.uexp" 6338
"../../../Engine/Content/EngineMaterials/Substrate/Glints2/dict_0005_0222.uasset" 6339
"../../../Engine/Content/EngineMaterials/Substrate/Glints2/dict_0005_0222.uexp" 6340
"../../../Engine/Content/EngineMaterials/Substrate/Glints2/dict_0005_0193.uasset" 6341
"../../../Engine/Content/EngineMaterials/Substrate/Glints2/dict_0005_0193.uexp" 6342
"../../../Engine/Content/EngineMaterials/Substrate/Glints2/dict_0000_0060.uasset" 6343
"../../../Engine/Content/EngineMaterials/Substrate/Glints2/dict_0000_0060.uexp" 6344
"../../../Engine/Content/EngineMaterials/Substrate/Glints2/dict_0006_0246.uasset" 6345
"../../../Engine/Content/EngineMaterials/Substrate/Glints2/dict_0006_0246.uexp" 6346
"../../../Engine/Content/EngineMaterials/Substrate/Glints2/dict_0006_0102.uasset" 6347
"../../../Engine/Content/EngineMaterials/Substrate/Glints2/dict_0006_0102.uexp" 6348
"../../../Engine/Content/EngineMaterials/Substrate/Glints2/dict_0000_0019.uasset" 6349
"../../../Engine/Content/EngineMaterials/Substrate/Glints2/dict_0000_0019.uexp" 6350
"../../../Engine/Content/EngineMaterials/Substrate/Glints2/dict_0006_0190.uasset" 6351
"../../../Engine/Content/EngineMaterials/Substrate/Glints2/dict_0006_0190.uexp" 6352
"../../../Engine/Content/EngineMaterials/Substrate/Glints2/dict_0006_0182.uasset" 6353
"../../../Engine/Content/EngineMaterials/Substrate/Glints2/dict_0006_0182.uexp" 6354
"../../../Engine/Content/EngineMaterials/Substrate/Glints2/dict_0004_0055.uasset" 6355
"../../../Engine/Content/EngineMaterials/Substrate/Glints2/dict_0004_0055.uexp" 6356
"../../../Engine/Content/EngineMaterials/Substrate/Glints2/dict_0000_0052.uasset" 6357
"../../../Engine/Content/EngineMaterials/Substrate/Glints2/dict_0000_0052.uexp" 6358
"../../../Engine/Content/EngineMaterials/Substrate/Glints2/dict_0000_0014.uasset" 6359
"../../../Engine/Content/EngineMaterials/Substrate/Glints2/dict_0000_0014.uexp" 6360
"../../../Engine/Content/EngineMaterials/Substrate/Glints2/dict_0001_0191.uasset" 6361
"../../../Engine/Content/EngineMaterials/Substrate/Glints2/dict_0001_0191.uexp" 6362
"../../../Engine/Content/EngineMaterials/Substrate/Glints2/dict_0007_0053.uasset" 6363
"../../../Engine/Content/EngineMaterials/Substrate/Glints2/dict_0007_0053.uexp" 6364
"../../../Engine/Content/EngineMaterials/Substrate/Glints2/dict_0002_0139.uasset" 6365
"../../../Engine/Content/EngineMaterials/Substrate/Glints2/dict_0002_0139.uexp" 6366
"../../../Engine/Content/EngineMaterials/Substrate/Glints2/dict_0007_0029.uasset" 6367
"../../../Engine/Content/EngineMaterials/Substrate/Glints2/dict_0007_0029.uexp" 6368
"../../../Engine/Content/EngineMaterials/Substrate/Glints2/dict_0002_0164.uasset" 6369
"../../../Engine/Content/EngineMaterials/Substrate/Glints2/dict_0002_0164.uexp" 6370
"../../../Engine/Content/EngineMaterials/Substrate/Glints2/dict_0006_0148.uasset" 6371
"../../../Engine/Content/EngineMaterials/Substrate/Glints2/dict_0006_0148.uexp" 6372
"../../../Engine/Content/EngineMaterials/Substrate/Glints2/dict_0004_0202.uasset" 6373
"../../../Engine/Content/EngineMaterials/Substrate/Glints2/dict_0004_0202.uexp" 6374
"../../../Engine/Content/EngineMaterials/Substrate/Glints2/dict_0000_0011.uasset" 6375
"../../../Engine/Content/EngineMaterials/Substrate/Glints2/dict_0000_0011.uexp" 6376
"../../../Engine/Content/EngineMaterials/Substrate/Glints2/dict_0004_0002.uasset" 6377
"../../../Engine/Content/EngineMaterials/Substrate/Glints2/dict_0004_0002.uexp" 6378
"../../../Engine/Content/EngineMaterials/Substrate/Glints2/dict_0003_0242.uasset" 6379
"../../../Engine/Content/EngineMaterials/Substrate/Glints2/dict_0003_0242.uexp" 6380
"../../../Engine/Content/EngineMaterials/Substrate/Glints2/dict_0001_0015.uasset" 6381
"../../../Engine/Content/EngineMaterials/Substrate/Glints2/dict_0001_0015.uexp" 6382
"../../../Engine/Content/EngineMaterials/Substrate/Glints2/dict_0006_0230.uasset" 6383
"../../../Engine/Content/EngineMaterials/Substrate/Glints2/dict_0006_0230.uexp" 6384
"../../../Engine/Content/EngineMaterials/Substrate/Glints2/dict_0003_0024.uasset" 6385
"../../../Engine/Content/EngineMaterials/Substrate/Glints2/dict_0003_0024.uexp" 6386
"../../../Engine/Content/EngineMaterials/Substrate/Glints2/dict_0001_0156.uasset" 6387
"../../../Engine/Content/EngineMaterials/Substrate/Glints2/dict_0001_0156.uexp" 6388
"../../../Engine/Content/EngineMaterials/Substrate/Glints2/dict_0000_0223.uasset" 6389
"../../../Engine/Content/EngineMaterials/Substrate/Glints2/dict_0000_0223.uexp" 6390
"../../../Engine/Content/EngineMaterials/Substrate/Glints2/dict_0005_0224.uasset" 6391
"../../../Engine/Content/EngineMaterials/Substrate/Glints2/dict_0005_0224.uexp" 6392
"../../../Engine/Content/EngineMaterials/Substrate/Glints2/dict_0003_0124.uasset" 6393
"../../../Engine/Content/EngineMaterials/Substrate/Glints2/dict_0003_0124.uexp" 6394
"../../../Engine/Content/EngineMaterials/Substrate/Glints2/dict_0001_0111.uasset" 6395
"../../../Engine/Content/EngineMaterials/Substrate/Glints2/dict_0001_0111.uexp" 6396
"../../../Engine/Content/EngineMaterials/Substrate/Glints2/dict_0004_0182.uasset" 6397
"../../../Engine/Content/EngineMaterials/Substrate/Glints2/dict_0004_0182.uexp" 6398
"../../../Engine/Content/EngineMaterials/Substrate/Glints2/dict_0002_0221.uasset" 6399
"../../../Engine/Content/EngineMaterials/Substrate/Glints2/dict_0002_0221.uexp" 6400
"../../../Engine/Content/EngineMaterials/Substrate/Glints2/dict_0002_0086.uasset" 6401
"../../../Engine/Content/EngineMaterials/Substrate/Glints2/dict_0002_0086.uexp" 6402
"../../../Engine/Content/EngineMaterials/Substrate/Glints2/dict_0005_0172.uasset" 6403
"../../../Engine/Content/EngineMaterials/Substrate/Glints2/dict_0005_0172.uexp" 6404
"../../../Engine/Content/EngineMaterials/Substrate/Glints2/dict_0005_0118.uasset" 6405
"../../../Engine/Content/EngineMaterials/Substrate/Glints2/dict_0005_0118.uexp" 6406
"../../../Engine/Content/EngineMaterials/Substrate/Glints2/dict_0003_0223.uasset" 6407
"../../../Engine/Content/EngineMaterials/Substrate/Glints2/dict_0003_0223.uexp" 6408
"../../../Engine/Content/EngineMaterials/Substrate/Glints2/dict_0007_0033.uasset" 6409
"../../../Engine/Content/EngineMaterials/Substrate/Glints2/dict_0007_0033.uexp" 6410
"../../../Engine/Content/EngineMaterials/Substrate/Glints2/dict_0003_0152.uasset" 6411
"../../../Engine/Content/EngineMaterials/Substrate/Glints2/dict_0003_0152.uexp" 6412
"../../../Engine/Content/EngineMaterials/Substrate/Glints2/dict_0005_0135.uasset" 6413
"../../../Engine/Content/EngineMaterials/Substrate/Glints2/dict_0005_0135.uexp" 6414
"../../../Engine/Content/EngineMaterials/Substrate/Glints2/dict_0004_0096.uasset" 6415
"../../../Engine/Content/EngineMaterials/Substrate/Glints2/dict_0004_0096.uexp" 6416
"../../../Engine/Content/EngineMaterials/Substrate/Glints2/dict_0003_0220.uasset" 6417
"../../../Engine/Content/EngineMaterials/Substrate/Glints2/dict_0003_0220.uexp" 6418
"../../../Engine/Content/EngineMaterials/Substrate/Glints2/dict_0003_0084.uasset" 6419
"../../../Engine/Content/EngineMaterials/Substrate/Glints2/dict_0003_0084.uexp" 6420
"../../../Engine/Content/EngineMaterials/Substrate/Glints2/dict_0007_0016.uasset" 6421
"../../../Engine/Content/EngineMaterials/Substrate/Glints2/dict_0007_0016.uexp" 6422
"../../../Engine/Content/EngineMaterials/Substrate/Glints2/dict_0002_0233.uasset" 6423
"../../../Engine/Content/EngineMaterials/Substrate/Glints2/dict_0002_0233.uexp" 6424
"../../../Engine/Content/EngineMaterials/Substrate/Glints2/dict_0006_0121.uasset" 6425
"../../../Engine/Content/EngineMaterials/Substrate/Glints2/dict_0006_0121.uexp" 6426
"../../../Engine/Content/EngineMaterials/Substrate/Glints2/dict_0006_0049.uasset" 6427
"../../../Engine/Content/EngineMaterials/Substrate/Glints2/dict_0006_0049.uexp" 6428
"../../../Engine/Content/EngineMaterials/Substrate/Glints2/dict_0006_0027.uasset" 6429
"../../../Engine/Content/EngineMaterials/Substrate/Glints2/dict_0006_0027.uexp" 6430
"../../../Engine/Content/EngineMaterials/Substrate/Glints2/AGlintTex2dArray2.uasset" 6431
"../../../Engine/Content/EngineMaterials/Substrate/Glints2/AGlintTex2dArray2.uexp" 6432
"C:/Users/silve/OneDrive/Documents/Unreal Projects/MightyHero/Content/Assets/Sprites/Skins/MCFemale/Frames/Character_Fem__Sadness_7_aseprite.uasset" 6433
"C:/Users/silve/OneDrive/Documents/Unreal Projects/MightyHero/Content/Assets/Sprites/Skins/MCFemale/Frames/Character_Fem__Sadness_7_aseprite.uexp" 6434
"C:/Users/silve/OneDrive/Documents/Unreal Projects/MightyHero/Content/Assets/Sprites/Skins/MCFemale/Frames/Character_Fem__Sadness_6_aseprite.uasset" 6435
"C:/Users/silve/OneDrive/Documents/Unreal Projects/MightyHero/Content/Assets/Sprites/Skins/MCFemale/Frames/Character_Fem__Sadness_6_aseprite.uexp" 6436
"C:/Users/silve/OneDrive/Documents/Unreal Projects/MightyHero/Content/Assets/Sprites/Skins/MCFemale/Frames/Character_Fem__Sadness_5_aseprite.uasset" 6437
"C:/Users/silve/OneDrive/Documents/Unreal Projects/MightyHero/Content/Assets/Sprites/Skins/MCFemale/Frames/Character_Fem__Sadness_5_aseprite.uexp" 6438
"C:/Users/silve/OneDrive/Documents/Unreal Projects/MightyHero/Content/Assets/Sprites/CharacterEffects/Laser/Frames/LaserFragment_3_aseprite.uasset" 6439
"C:/Users/silve/OneDrive/Documents/Unreal Projects/MightyHero/Content/Assets/Sprites/CharacterEffects/Laser/Frames/LaserFragment_3_aseprite.uexp" 6440
"C:/Users/silve/OneDrive/Documents/Unreal Projects/MightyHero/Content/Assets/Sprites/CharacterEffects/Laser/Frames/LaserFragment_2_aseprite.uasset" 6441
"C:/Users/silve/OneDrive/Documents/Unreal Projects/MightyHero/Content/Assets/Sprites/CharacterEffects/Laser/Frames/LaserFragment_2_aseprite.uexp" 6442
"C:/Users/silve/OneDrive/Documents/Unreal Projects/MightyHero/Content/Assets/Sprites/CharacterEffects/Laser/Frames/LaserFragment_1_aseprite.uasset" 6443
"C:/Users/silve/OneDrive/Documents/Unreal Projects/MightyHero/Content/Assets/Sprites/CharacterEffects/Laser/Frames/LaserFragment_1_aseprite.uexp" 6444
"C:/Users/silve/OneDrive/Documents/Unreal Projects/MightyHero/Content/Assets/Sprites/CharacterEffects/Laser/Frames/LaserFragment_0_aseprite.uasset" 6445
"C:/Users/silve/OneDrive/Documents/Unreal Projects/MightyHero/Content/Assets/Sprites/CharacterEffects/Laser/Frames/LaserFragment_0_aseprite.uexp" 6446
"../../../Engine/Content/EngineMaterials/Substrate/GLints/dict_16_192_64_0p5_0p02_0047_0010.uasset" 6447
"../../../Engine/Content/EngineMaterials/Substrate/GLints/dict_16_192_64_0p5_0p02_0047_0010.uexp" 6448
"../../../Engine/Content/EngineMaterials/Substrate/GLints/dict_16_192_64_0p5_0p02_0039_0007.uasset" 6449
"../../../Engine/Content/EngineMaterials/Substrate/GLints/dict_16_192_64_0p5_0p02_0039_0007.uexp" 6450
"../../../Engine/Content/EngineMaterials/Substrate/GLints/dict_16_192_64_0p5_0p02_0023_0009.uasset" 6451
"../../../Engine/Content/EngineMaterials/Substrate/GLints/dict_16_192_64_0p5_0p02_0023_0009.uexp" 6452
"../../../Engine/Content/EngineMaterials/Substrate/GLints/dict_16_192_64_0p5_0p02_0028_0008.uasset" 6453
"../../../Engine/Content/EngineMaterials/Substrate/GLints/dict_16_192_64_0p5_0p02_0028_0008.uexp" 6454
"../../../Engine/Content/EngineMaterials/Substrate/GLints/dict_16_192_64_0p5_0p02_0052_0015.uasset" 6455
"../../../Engine/Content/EngineMaterials/Substrate/GLints/dict_16_192_64_0p5_0p02_0052_0015.uexp" 6456
"../../../Engine/Content/EngineMaterials/Substrate/GLints/dict_16_192_64_0p5_0p02_0025_0007.uasset" 6457
"../../../Engine/Content/EngineMaterials/Substrate/GLints/dict_16_192_64_0p5_0p02_0025_0007.uexp" 6458
"../../../Engine/Content/EngineMaterials/Substrate/GLints/dict_16_192_64_0p5_0p02_0061_0004.uasset" 6459
"../../../Engine/Content/EngineMaterials/Substrate/GLints/dict_16_192_64_0p5_0p02_0061_0004.uexp" 6460
"../../../Engine/Content/EngineMaterials/Substrate/GLints/dict_16_192_64_0p5_0p02_0022_0011.uasset" 6461
"../../../Engine/Content/EngineMaterials/Substrate/GLints/dict_16_192_64_0p5_0p02_0022_0011.uexp" 6462
"../../../Engine/Content/EngineMaterials/Substrate/GLints/dict_16_192_64_0p5_0p02_0048_0011.uasset" 6463
"../../../Engine/Content/EngineMaterials/Substrate/GLints/dict_16_192_64_0p5_0p02_0048_0011.uexp" 6464
"../../../Engine/Content/EngineMaterials/Substrate/GLints/dict_16_192_64_0p5_0p02_0010_0002.uasset" 6465
"../../../Engine/Content/EngineMaterials/Substrate/GLints/dict_16_192_64_0p5_0p02_0010_0002.uexp" 6466
"../../../Engine/Content/EngineMaterials/Substrate/GLints/dict_16_192_64_0p5_0p02_0057_0000.uasset" 6467
"../../../Engine/Content/EngineMaterials/Substrate/GLints/dict_16_192_64_0p5_0p02_0057_0000.uexp" 6468
"../../../Engine/Content/EngineMaterials/Substrate/GLints/dict_16_192_64_0p5_0p02_0058_0012.uasset" 6469
"../../../Engine/Content/EngineMaterials/Substrate/GLints/dict_16_192_64_0p5_0p02_0058_0012.uexp" 6470
"../../../Engine/Content/EngineMaterials/Substrate/GLints/dict_16_192_64_0p5_0p02_0050_0014.uasset" 6471
"../../../Engine/Content/EngineMaterials/Substrate/GLints/dict_16_192_64_0p5_0p02_0050_0014.uexp" 6472
"../../../Engine/Content/EngineMaterials/Substrate/GLints/dict_16_192_64_0p5_0p02_0014_0014.uasset" 6473
"../../../Engine/Content/EngineMaterials/Substrate/GLints/dict_16_192_64_0p5_0p02_0014_0014.uexp" 6474
"../../../Engine/Content/EngineMaterials/Substrate/GLints/dict_16_192_64_0p5_0p02_0017_0006.uasset" 6475
"../../../Engine/Content/EngineMaterials/Substrate/GLints/dict_16_192_64_0p5_0p02_0017_0006.uexp" 6476
"../../../Engine/Content/EngineMaterials/Substrate/GLints/dict_16_192_64_0p5_0p02_0038_0014.uasset" 6477
"../../../Engine/Content/EngineMaterials/Substrate/GLints/dict_16_192_64_0p5_0p02_0038_0014.uexp" 6478
"../../../Engine/Content/EngineMaterials/Substrate/GLints/dict_16_192_64_0p5_0p02_0050_0006.uasset" 6479
"../../../Engine/Content/EngineMaterials/Substrate/GLints/dict_16_192_64_0p5_0p02_0050_0006.uexp" 6480
"../../../Engine/Content/EngineMaterials/Substrate/GLints/dict_16_192_64_0p5_0p02_0027_0003.uasset" 6481
"../../../Engine/Content/EngineMaterials/Substrate/GLints/dict_16_192_64_0p5_0p02_0027_0003.uexp" 6482
"../../../Engine/Content/EngineMaterials/Substrate/GLints/dict_16_192_64_0p5_0p02_0056_0006.uasset" 6483
"../../../Engine/Content/EngineMaterials/Substrate/GLints/dict_16_192_64_0p5_0p02_0056_0006.uexp" 6484
"../../../Engine/Content/EngineMaterials/Substrate/GLints/dict_16_192_64_0p5_0p02_0014_0008.uasset" 6485
"../../../Engine/Content/EngineMaterials/Substrate/GLints/dict_16_192_64_0p5_0p02_0014_0008.uexp" 6486
"../../../Engine/Content/EngineMaterials/Substrate/GLints/dict_16_192_64_0p5_0p02_0023_0013.uasset" 6487
"../../../Engine/Content/EngineMaterials/Substrate/GLints/dict_16_192_64_0p5_0p02_0023_0013.uexp" 6488
"../../../Engine/Content/EngineMaterials/Substrate/GLints/dict_16_192_64_0p5_0p02_0000_0007.uasset" 6489
"../../../Engine/Content/EngineMaterials/Substrate/GLints/dict_16_192_64_0p5_0p02_0000_0007.uexp" 6490
"../../../Engine/Content/EngineMaterials/Substrate/GLints/dict_16_192_64_0p5_0p02_0043_0015.uasset" 6491
"../../../Engine/Content/EngineMaterials/Substrate/GLints/dict_16_192_64_0p5_0p02_0043_0015.uexp" 6492
"../../../Engine/Content/EngineMaterials/Substrate/GLints/dict_16_192_64_0p5_0p02_0032_0010.uasset" 6493
"../../../Engine/Content/EngineMaterials/Substrate/GLints/dict_16_192_64_0p5_0p02_0032_0010.uexp" 6494
"../../../Engine/Content/EngineMaterials/Substrate/GLints/dict_16_192_64_0p5_0p02_0002_0001.uasset" 6495
"../../../Engine/Content/EngineMaterials/Substrate/GLints/dict_16_192_64_0p5_0p02_0002_0001.uexp" 6496
"../../../Engine/Content/EngineMaterials/Substrate/GLints/dict_16_192_64_0p5_0p02_0063_0001.uasset" 6497
"../../../Engine/Content/EngineMaterials/Substrate/GLints/dict_16_192_64_0p5_0p02_0063_0001.uexp" 6498
"../../../Engine/Content/EngineMaterials/Substrate/GLints/dict_16_192_64_0p5_0p02_0058_0009.uasset" 6499
"../../../Engine/Content/EngineMaterials/Substrate/GLints/dict_16_192_64_0p5_0p02_0058_0009.uexp" 6500
"../../../Engine/Content/EngineMaterials/Substrate/GLints/dict_16_192_64_0p5_0p02_0060_0003.uasset" 6501
"../../../Engine/Content/EngineMaterials/Substrate/GLints/dict_16_192_64_0p5_0p02_0060_0003.uexp" 6502
"../../../Engine/Content/EngineMaterials/Substrate/GLints/dict_16_192_64_0p5_0p02_0062_0006.uasset" 6503
"../../../Engine/Content/EngineMaterials/Substrate/GLints/dict_16_192_64_0p5_0p02_0062_0006.uexp" 6504
"../../../Engine/Content/EngineMaterials/Substrate/GLints/dict_16_192_64_0p5_0p02_0013_0011.uasset" 6505
"../../../Engine/Content/EngineMaterials/Substrate/GLints/dict_16_192_64_0p5_0p02_0013_0011.uexp" 6506
"../../../Engine/Content/EngineMaterials/Substrate/GLints/dict_16_192_64_0p5_0p02_0008_0007.uasset" 6507
"../../../Engine/Content/EngineMaterials/Substrate/GLints/dict_16_192_64_0p5_0p02_0008_0007.uexp" 6508
"../../../Engine/Content/EngineMaterials/Substrate/GLints/dict_16_192_64_0p5_0p02_0007_0014.uasset" 6509
"../../../Engine/Content/EngineMaterials/Substrate/GLints/dict_16_192_64_0p5_0p02_0007_0014.uexp" 6510
"../../../Engine/Content/EngineMaterials/Substrate/GLints/dict_16_192_64_0p5_0p02_0060_0000.uasset" 6511
"../../../Engine/Content/EngineMaterials/Substrate/GLints/dict_16_192_64_0p5_0p02_0060_0000.uexp" 6512
"../../../Engine/Content/EngineMaterials/Substrate/GLints/dict_16_192_64_0p5_0p02_0033_0015.uasset" 6513
"../../../Engine/Content/EngineMaterials/Substrate/GLints/dict_16_192_64_0p5_0p02_0033_0015.uexp" 6514
"../../../Engine/Content/EngineMaterials/Substrate/GLints/dict_16_192_64_0p5_0p02_0020_0015.uasset" 6515
"../../../Engine/Content/EngineMaterials/Substrate/GLints/dict_16_192_64_0p5_0p02_0020_0015.uexp" 6516
"../../../Engine/Content/EngineMaterials/Substrate/GLints/dict_16_192_64_0p5_0p02_0006_0013.uasset" 6517
"../../../Engine/Content/EngineMaterials/Substrate/GLints/dict_16_192_64_0p5_0p02_0006_0013.uexp" 6518
"../../../Engine/Content/EngineMaterials/Substrate/GLints/dict_16_192_64_0p5_0p02_0057_0008.uasset" 6519
"../../../Engine/Content/EngineMaterials/Substrate/GLints/dict_16_192_64_0p5_0p02_0057_0008.uexp" 6520
"../../../Engine/Content/EngineMaterials/Substrate/GLints/dict_16_192_64_0p5_0p02_0042_0013.uasset" 6521
"../../../Engine/Content/EngineMaterials/Substrate/GLints/dict_16_192_64_0p5_0p02_0042_0013.uexp" 6522
"../../../Engine/Content/EngineMaterials/Substrate/GLints/dict_16_192_64_0p5_0p02_0040_0009.uasset" 6523
"../../../Engine/Content/EngineMaterials/Substrate/GLints/dict_16_192_64_0p5_0p02_0040_0009.uexp" 6524
"../../../Engine/Content/EngineMaterials/Substrate/GLints/dict_16_192_64_0p5_0p02_0026_0014.uasset" 6525
"../../../Engine/Content/EngineMaterials/Substrate/GLints/dict_16_192_64_0p5_0p02_0026_0014.uexp" 6526
"../../../Engine/Content/EngineMaterials/Substrate/GLints/dict_16_192_64_0p5_0p02_0002_0011.uasset" 6527
"../../../Engine/Content/EngineMaterials/Substrate/GLints/dict_16_192_64_0p5_0p02_0002_0011.uexp" 6528
"../../../Engine/Content/EngineMaterials/Substrate/GLints/dict_16_192_64_0p5_0p02_0001_0000.uasset" 6529
"../../../Engine/Content/EngineMaterials/Substrate/GLints/dict_16_192_64_0p5_0p02_0001_0000.uexp" 6530
"../../../Engine/Content/EngineMaterials/Substrate/GLints/dict_16_192_64_0p5_0p02_0045_0013.uasset" 6531
"../../../Engine/Content/EngineMaterials/Substrate/GLints/dict_16_192_64_0p5_0p02_0045_0013.uexp" 6532
"../../../Engine/Content/EngineMaterials/Substrate/GLints/dict_16_192_64_0p5_0p02_0034_0000.uasset" 6533
"../../../Engine/Content/EngineMaterials/Substrate/GLints/dict_16_192_64_0p5_0p02_0034_0000.uexp" 6534
"../../../Engine/Content/EngineMaterials/Substrate/GLints/dict_16_192_64_0p5_0p02_0004_0007.uasset" 6535
"../../../Engine/Content/EngineMaterials/Substrate/GLints/dict_16_192_64_0p5_0p02_0004_0007.uexp" 6536
"../../../Engine/Content/EngineMaterials/Substrate/GLints/dict_16_192_64_0p5_0p02_0042_0006.uasset" 6537
"../../../Engine/Content/EngineMaterials/Substrate/GLints/dict_16_192_64_0p5_0p02_0042_0006.uexp" 6538
"../../../Engine/Content/EngineMaterials/Substrate/GLints/dict_16_192_64_0p5_0p02_0016_0009.uasset" 6539
"../../../Engine/Content/EngineMaterials/Substrate/GLints/dict_16_192_64_0p5_0p02_0016_0009.uexp" 6540
"../../../Engine/Content/EngineMaterials/Substrate/GLints/dict_16_192_64_0p5_0p02_0006_0001.uasset" 6541
"../../../Engine/Content/EngineMaterials/Substrate/GLints/dict_16_192_64_0p5_0p02_0006_0001.uexp" 6542
"../../../Engine/Content/EngineMaterials/Substrate/GLints/dict_16_192_64_0p5_0p02_0030_0013.uasset" 6543
"../../../Engine/Content/EngineMaterials/Substrate/GLints/dict_16_192_64_0p5_0p02_0030_0013.uexp" 6544
"../../../Engine/Content/EngineMaterials/Substrate/GLints/dict_16_192_64_0p5_0p02_0041_0007.uasset" 6545
"../../../Engine/Content/EngineMaterials/Substrate/GLints/dict_16_192_64_0p5_0p02_0041_0007.uexp" 6546
"../../../Engine/Content/EngineMaterials/Substrate/GLints/dict_16_192_64_0p5_0p02_0015_0009.uasset" 6547
"../../../Engine/Content/EngineMaterials/Substrate/GLints/dict_16_192_64_0p5_0p02_0015_0009.uexp" 6548
"../../../Engine/Content/EngineMaterials/Substrate/GLints/dict_16_192_64_0p5_0p02_0016_0005.uasset" 6549
"../../../Engine/Content/EngineMaterials/Substrate/GLints/dict_16_192_64_0p5_0p02_0016_0005.uexp" 6550
"../../../Engine/Content/EngineMaterials/Substrate/GLints/dict_16_192_64_0p5_0p02_0040_0006.uasset" 6551
"../../../Engine/Content/EngineMaterials/Substrate/GLints/dict_16_192_64_0p5_0p02_0040_0006.uexp" 6552
"../../../Engine/Content/EngineMaterials/Substrate/GLints/dict_16_192_64_0p5_0p02_0036_0000.uasset" 6553
"../../../Engine/Content/EngineMaterials/Substrate/GLints/dict_16_192_64_0p5_0p02_0036_0000.uexp" 6554
"../../../Engine/Content/EngineMaterials/Substrate/GLints/dict_16_192_64_0p5_0p02_0054_0005.uasset" 6555
"../../../Engine/Content/EngineMaterials/Substrate/GLints/dict_16_192_64_0p5_0p02_0054_0005.uexp" 6556
"../../../Engine/Content/EngineMaterials/Substrate/GLints/dict_16_192_64_0p5_0p02_0052_0011.uasset" 6557
"../../../Engine/Content/EngineMaterials/Substrate/GLints/dict_16_192_64_0p5_0p02_0052_0011.uexp" 6558
"../../../Engine/Content/EngineMaterials/Substrate/GLints/dict_16_192_64_0p5_0p02_0042_0008.uasset" 6559
"../../../Engine/Content/EngineMaterials/Substrate/GLints/dict_16_192_64_0p5_0p02_0042_0008.uexp" 6560
"../../../Engine/Content/EngineMaterials/Substrate/GLints/dict_16_192_64_0p5_0p02_0002_0012.uasset" 6561
"../../../Engine/Content/EngineMaterials/Substrate/GLints/dict_16_192_64_0p5_0p02_0002_0012.uexp" 6562
"../../../Engine/Content/EngineMaterials/Substrate/GLints/dict_16_192_64_0p5_0p02_0061_0007.uasset" 6563
"../../../Engine/Content/EngineMaterials/Substrate/GLints/dict_16_192_64_0p5_0p02_0061_0007.uexp" 6564
"../../../Engine/Content/EngineMaterials/Substrate/GLints/dict_16_192_64_0p5_0p02_0016_0006.uasset" 6565
"../../../Engine/Content/EngineMaterials/Substrate/GLints/dict_16_192_64_0p5_0p02_0016_0006.uexp" 6566
"../../../Engine/Content/EngineMaterials/Substrate/GLints/dict_16_192_64_0p5_0p02_0057_0014.uasset" 6567
"../../../Engine/Content/EngineMaterials/Substrate/GLints/dict_16_192_64_0p5_0p02_0057_0014.uexp" 6568
"../../../Engine/Content/EngineMaterials/Substrate/GLints/dict_16_192_64_0p5_0p02_0035_0009.uasset" 6569
"../../../Engine/Content/EngineMaterials/Substrate/GLints/dict_16_192_64_0p5_0p02_0035_0009.uexp" 6570
"../../../Engine/Content/EngineMaterials/Substrate/GLints/dict_16_192_64_0p5_0p02_0012_0003.uasset" 6571
"../../../Engine/Content/EngineMaterials/Substrate/GLints/dict_16_192_64_0p5_0p02_0012_0003.uexp" 6572
"../../../Engine/Content/EngineMaterials/Substrate/GLints/dict_16_192_64_0p5_0p02_0035_0000.uasset" 6573
"../../../Engine/Content/EngineMaterials/Substrate/GLints/dict_16_192_64_0p5_0p02_0035_0000.uexp" 6574
"../../../Engine/Content/EngineMaterials/Substrate/GLints/dict_16_192_64_0p5_0p02_0056_0003.uasset" 6575
"../../../Engine/Content/EngineMaterials/Substrate/GLints/dict_16_192_64_0p5_0p02_0056_0003.uexp" 6576
"../../../Engine/Content/EngineMaterials/Substrate/GLints/dict_16_192_64_0p5_0p02_0017_0002.uasset" 6577
"../../../Engine/Content/EngineMaterials/Substrate/GLints/dict_16_192_64_0p5_0p02_0017_0002.uexp" 6578
"../../../Engine/Content/EngineMaterials/Substrate/GLints/dict_16_192_64_0p5_0p02_0024_0000.uasset" 6579
"../../../Engine/Content/EngineMaterials/Substrate/GLints/dict_16_192_64_0p5_0p02_0024_0000.uexp" 6580
"../../../Engine/Content/EngineMaterials/Substrate/GLints/dict_16_192_64_0p5_0p02_0036_0002.uasset" 6581
"../../../Engine/Content/EngineMaterials/Substrate/GLints/dict_16_192_64_0p5_0p02_0036_0002.uexp" 6582
"../../../Engine/Content/EngineMaterials/Substrate/GLints/dict_16_192_64_0p5_0p02_0000_0010.uasset" 6583
"../../../Engine/Content/EngineMaterials/Substrate/GLints/dict_16_192_64_0p5_0p02_0000_0010.uexp" 6584
"../../../Engine/Content/EngineMaterials/Substrate/GLints/dict_16_192_64_0p5_0p02_0024_0014.uasset" 6585
"../../../Engine/Content/EngineMaterials/Substrate/GLints/dict_16_192_64_0p5_0p02_0024_0014.uexp" 6586
"../../../Engine/Content/EngineMaterials/Substrate/GLints/dict_16_192_64_0p5_0p02_0046_0002.uasset" 6587
"../../../Engine/Content/EngineMaterials/Substrate/GLints/dict_16_192_64_0p5_0p02_0046_0002.uexp" 6588
"../../../Engine/Content/EngineMaterials/Substrate/GLints/dict_16_192_64_0p5_0p02_0025_0011.uasset" 6589
"../../../Engine/Content/EngineMaterials/Substrate/GLints/dict_16_192_64_0p5_0p02_0025_0011.uexp" 6590
"../../../Engine/Content/EngineMaterials/Substrate/GLints/dict_16_192_64_0p5_0p02_0003_0009.uasset" 6591
"../../../Engine/Content/EngineMaterials/Substrate/GLints/dict_16_192_64_0p5_0p02_0003_0009.uexp" 6592
"../../../Engine/Content/EngineMaterials/Substrate/GLints/dict_16_192_64_0p5_0p02_0024_0006.uasset" 6593
"../../../Engine/Content/EngineMaterials/Substrate/GLints/dict_16_192_64_0p5_0p02_0024_0006.uexp" 6594
"../../../Engine/Content/EngineMaterials/Substrate/GLints/dict_16_192_64_0p5_0p02_0030_0015.uasset" 6595
"../../../Engine/Content/EngineMaterials/Substrate/GLints/dict_16_192_64_0p5_0p02_0030_0015.uexp" 6596
"../../../Engine/Content/EngineMaterials/Substrate/GLints/dict_16_192_64_0p5_0p02_0025_0000.uasset" 6597
"../../../Engine/Content/EngineMaterials/Substrate/GLints/dict_16_192_64_0p5_0p02_0025_0000.uexp" 6598
"../../../Engine/Content/EngineMaterials/Substrate/GLints/dict_16_192_64_0p5_0p02_0039_0005.uasset" 6599
"../../../Engine/Content/EngineMaterials/Substrate/GLints/dict_16_192_64_0p5_0p02_0039_0005.uexp" 6600
"../../../Engine/Content/EngineMaterials/Substrate/GLints/dict_16_192_64_0p5_0p02_0039_0002.uasset" 6601
"../../../Engine/Content/EngineMaterials/Substrate/GLints/dict_16_192_64_0p5_0p02_0039_0002.uexp" 6602
"../../../Engine/Content/EngineMaterials/Substrate/GLints/dict_16_192_64_0p5_0p02_0047_0000.uasset" 6603
"../../../Engine/Content/EngineMaterials/Substrate/GLints/dict_16_192_64_0p5_0p02_0047_0000.uexp" 6604
"../../../Engine/Content/EngineMaterials/Substrate/GLints/dict_16_192_64_0p5_0p02_0008_0006.uasset" 6605
"../../../Engine/Content/EngineMaterials/Substrate/GLints/dict_16_192_64_0p5_0p02_0008_0006.uexp" 6606
"../../../Engine/Content/EngineMaterials/Substrate/GLints/dict_16_192_64_0p5_0p02_0039_0012.uasset" 6607
"../../../Engine/Content/EngineMaterials/Substrate/GLints/dict_16_192_64_0p5_0p02_0039_0012.uexp" 6608
"../../../Engine/Content/EngineMaterials/Substrate/GLints/dict_16_192_64_0p5_0p02_0056_0008.uasset" 6609
"../../../Engine/Content/EngineMaterials/Substrate/GLints/dict_16_192_64_0p5_0p02_0056_0008.uexp" 6610
"../../../Engine/Content/EngineMaterials/Substrate/GLints/dict_16_192_64_0p5_0p02_0044_0000.uasset" 6611
"../../../Engine/Content/EngineMaterials/Substrate/GLints/dict_16_192_64_0p5_0p02_0044_0000.uexp" 6612
"../../../Engine/Content/EngineMaterials/Substrate/GLints/dict_16_192_64_0p5_0p02_0029_0008.uasset" 6613
"../../../Engine/Content/EngineMaterials/Substrate/GLints/dict_16_192_64_0p5_0p02_0029_0008.uexp" 6614
"../../../Engine/Content/EngineMaterials/Substrate/GLints/dict_16_192_64_0p5_0p02_0002_0007.uasset" 6615
"../../../Engine/Content/EngineMaterials/Substrate/GLints/dict_16_192_64_0p5_0p02_0002_0007.uexp" 6616
"../../../Engine/Content/EngineMaterials/Substrate/GLints/dict_16_192_64_0p5_0p02_0006_0012.uasset" 6617
"../../../Engine/Content/EngineMaterials/Substrate/GLints/dict_16_192_64_0p5_0p02_0006_0012.uexp" 6618
"../../../Engine/Content/EngineMaterials/Substrate/GLints/dict_16_192_64_0p5_0p02_0045_0009.uasset" 6619
"../../../Engine/Content/EngineMaterials/Substrate/GLints/dict_16_192_64_0p5_0p02_0045_0009.uexp" 6620
"../../../Engine/Content/EngineMaterials/Substrate/GLints/dict_16_192_64_0p5_0p02_0057_0006.uasset" 6621
"../../../Engine/Content/EngineMaterials/Substrate/GLints/dict_16_192_64_0p5_0p02_0057_0006.uexp" 6622
"../../../Engine/Content/EngineMaterials/Substrate/GLints/dict_16_192_64_0p5_0p02_0032_0013.uasset" 6623
"../../../Engine/Content/EngineMaterials/Substrate/GLints/dict_16_192_64_0p5_0p02_0032_0013.uexp" 6624
"../../../Engine/Content/EngineMaterials/Substrate/GLints/dict_16_192_64_0p5_0p02_0020_0008.uasset" 6625
"../../../Engine/Content/EngineMaterials/Substrate/GLints/dict_16_192_64_0p5_0p02_0020_0008.uexp" 6626
"../../../Engine/Content/EngineMaterials/Substrate/GLints/dict_16_192_64_0p5_0p02_0019_0005.uasset" 6627
"../../../Engine/Content/EngineMaterials/Substrate/GLints/dict_16_192_64_0p5_0p02_0019_0005.uexp" 6628
"../../../Engine/Content/EngineMaterials/Substrate/GLints/dict_16_192_64_0p5_0p02_0005_0005.uasset" 6629
"../../../Engine/Content/EngineMaterials/Substrate/GLints/dict_16_192_64_0p5_0p02_0005_0005.uexp" 6630
"../../../Engine/Content/EngineMaterials/Substrate/GLints/dict_16_192_64_0p5_0p02_0002_0013.uasset" 6631
"../../../Engine/Content/EngineMaterials/Substrate/GLints/dict_16_192_64_0p5_0p02_0002_0013.uexp" 6632
"../../../Engine/Content/EngineMaterials/Substrate/GLints/dict_16_192_64_0p5_0p02_0047_0003.uasset" 6633
"../../../Engine/Content/EngineMaterials/Substrate/GLints/dict_16_192_64_0p5_0p02_0047_0003.uexp" 6634
"../../../Engine/Content/EngineMaterials/Substrate/GLints/dict_16_192_64_0p5_0p02_0006_0000.uasset" 6635
"../../../Engine/Content/EngineMaterials/Substrate/GLints/dict_16_192_64_0p5_0p02_0006_0000.uexp" 6636
"../../../Engine/Content/EngineMaterials/Substrate/GLints/dict_16_192_64_0p5_0p02_0061_0001.uasset" 6637
"../../../Engine/Content/EngineMaterials/Substrate/GLints/dict_16_192_64_0p5_0p02_0061_0001.uexp" 6638
"../../../Engine/Content/EngineMaterials/Substrate/GLints/dict_16_192_64_0p5_0p02_0004_0012.uasset" 6639
"../../../Engine/Content/EngineMaterials/Substrate/GLints/dict_16_192_64_0p5_0p02_0004_0012.uexp" 6640
"../../../Engine/Content/EngineMaterials/Substrate/GLints/dict_16_192_64_0p5_0p02_0044_0014.uasset" 6641
"../../../Engine/Content/EngineMaterials/Substrate/GLints/dict_16_192_64_0p5_0p02_0044_0014.uexp" 6642
"../../../Engine/Content/EngineMaterials/Substrate/GLints/dict_16_192_64_0p5_0p02_0027_0015.uasset" 6643
"../../../Engine/Content/EngineMaterials/Substrate/GLints/dict_16_192_64_0p5_0p02_0027_0015.uexp" 6644
"../../../Engine/Content/EngineMaterials/Substrate/GLints/dict_16_192_64_0p5_0p02_0054_0006.uasset" 6645
"../../../Engine/Content/EngineMaterials/Substrate/GLints/dict_16_192_64_0p5_0p02_0054_0006.uexp" 6646
"../../../Engine/Content/EngineMaterials/Substrate/GLints/dict_16_192_64_0p5_0p02_0027_0011.uasset" 6647
"../../../Engine/Content/EngineMaterials/Substrate/GLints/dict_16_192_64_0p5_0p02_0027_0011.uexp" 6648
"../../../Engine/Content/EngineMaterials/Substrate/GLints/dict_16_192_64_0p5_0p02_0044_0003.uasset" 6649
"../../../Engine/Content/EngineMaterials/Substrate/GLints/dict_16_192_64_0p5_0p02_0044_0003.uexp" 6650
"../../../Engine/Content/EngineMaterials/Substrate/GLints/dict_16_192_64_0p5_0p02_0018_0014.uasset" 6651
"../../../Engine/Content/EngineMaterials/Substrate/GLints/dict_16_192_64_0p5_0p02_0018_0014.uexp" 6652
"../../../Engine/Content/EngineMaterials/Substrate/GLints/dict_16_192_64_0p5_0p02_0038_0010.uasset" 6653
"../../../Engine/Content/EngineMaterials/Substrate/GLints/dict_16_192_64_0p5_0p02_0038_0010.uexp" 6654
"../../../Engine/Content/EngineMaterials/Substrate/GLints/dict_16_192_64_0p5_0p02_0018_0003.uasset" 6655
"../../../Engine/Content/EngineMaterials/Substrate/GLints/dict_16_192_64_0p5_0p02_0018_0003.uexp" 6656
"../../../Engine/Content/EngineMaterials/Substrate/GLints/dict_16_192_64_0p5_0p02_0010_0013.uasset" 6657
"../../../Engine/Content/EngineMaterials/Substrate/GLints/dict_16_192_64_0p5_0p02_0010_0013.uexp" 6658
"../../../Engine/Content/EngineMaterials/Substrate/GLints/dict_16_192_64_0p5_0p02_0035_0013.uasset" 6659
"../../../Engine/Content/EngineMaterials/Substrate/GLints/dict_16_192_64_0p5_0p02_0035_0013.uexp" 6660
"../../../Engine/Content/EngineMaterials/Substrate/GLints/dict_16_192_64_0p5_0p02_0007_0015.uasset" 6661
"../../../Engine/Content/EngineMaterials/Substrate/GLints/dict_16_192_64_0p5_0p02_0007_0015.uexp" 6662
"../../../Engine/Content/EngineMaterials/Substrate/GLints/dict_16_192_64_0p5_0p02_0012_0006.uasset" 6663
"../../../Engine/Content/EngineMaterials/Substrate/GLints/dict_16_192_64_0p5_0p02_0012_0006.uexp" 6664
"../../../Engine/Content/EngineMaterials/Substrate/GLints/dict_16_192_64_0p5_0p02_0056_0001.uasset" 6665
"../../../Engine/Content/EngineMaterials/Substrate/GLints/dict_16_192_64_0p5_0p02_0056_0001.uexp" 6666
"../../../Engine/Content/EngineMaterials/Substrate/GLints/dict_16_192_64_0p5_0p02_0042_0007.uasset" 6667
"../../../Engine/Content/EngineMaterials/Substrate/GLints/dict_16_192_64_0p5_0p02_0042_0007.uexp" 6668
"../../../Engine/Content/EngineMaterials/Substrate/GLints/dict_16_192_64_0p5_0p02_0054_0013.uasset" 6669
"../../../Engine/Content/EngineMaterials/Substrate/GLints/dict_16_192_64_0p5_0p02_0054_0013.uexp" 6670
"../../../Engine/Content/EngineMaterials/Substrate/GLints/dict_16_192_64_0p5_0p02_0045_0005.uasset" 6671
"../../../Engine/Content/EngineMaterials/Substrate/GLints/dict_16_192_64_0p5_0p02_0045_0005.uexp" 6672
"../../../Engine/Content/EngineMaterials/Substrate/GLints/dict_16_192_64_0p5_0p02_0022_0005.uasset" 6673
"../../../Engine/Content/EngineMaterials/Substrate/GLints/dict_16_192_64_0p5_0p02_0022_0005.uexp" 6674
"../../../Engine/Content/EngineMaterials/Substrate/GLints/dict_16_192_64_0p5_0p02_0020_0004.uasset" 6675
"../../../Engine/Content/EngineMaterials/Substrate/GLints/dict_16_192_64_0p5_0p02_0020_0004.uexp" 6676
"../../../Engine/Content/EngineMaterials/Substrate/GLints/dict_16_192_64_0p5_0p02_0035_0008.uasset" 6677
"../../../Engine/Content/EngineMaterials/Substrate/GLints/dict_16_192_64_0p5_0p02_0035_0008.uexp" 6678
"../../../Engine/Content/EngineMaterials/Substrate/GLints/dict_16_192_64_0p5_0p02_0053_0014.uasset" 6679
"../../../Engine/Content/EngineMaterials/Substrate/GLints/dict_16_192_64_0p5_0p02_0053_0014.uexp" 6680
"../../../Engine/Content/EngineMaterials/Substrate/GLints/dict_16_192_64_0p5_0p02_0036_0008.uasset" 6681
"../../../Engine/Content/EngineMaterials/Substrate/GLints/dict_16_192_64_0p5_0p02_0036_0008.uexp" 6682
"../../../Engine/Content/EngineMaterials/Substrate/GLints/dict_16_192_64_0p5_0p02_0061_0015.uasset" 6683
"../../../Engine/Content/EngineMaterials/Substrate/GLints/dict_16_192_64_0p5_0p02_0061_0015.uexp" 6684
"../../../Engine/Content/EngineMaterials/Substrate/GLints/dict_16_192_64_0p5_0p02_0009_0007.uasset" 6685
"../../../Engine/Content/EngineMaterials/Substrate/GLints/dict_16_192_64_0p5_0p02_0009_0007.uexp" 6686
"../../../Engine/Content/EngineMaterials/Substrate/GLints/dict_16_192_64_0p5_0p02_0063_0003.uasset" 6687
"../../../Engine/Content/EngineMaterials/Substrate/GLints/dict_16_192_64_0p5_0p02_0063_0003.uexp" 6688
"../../../Engine/Content/EngineMaterials/Substrate/GLints/dict_16_192_64_0p5_0p02_0049_0009.uasset" 6689
"../../../Engine/Content/EngineMaterials/Substrate/GLints/dict_16_192_64_0p5_0p02_0049_0009.uexp" 6690
"../../../Engine/Content/EngineMaterials/Substrate/GLints/dict_16_192_64_0p5_0p02_0027_0010.uasset" 6691
"../../../Engine/Content/EngineMaterials/Substrate/GLints/dict_16_192_64_0p5_0p02_0027_0010.uexp" 6692
"../../../Engine/Content/EngineMaterials/Substrate/GLints/dict_16_192_64_0p5_0p02_0053_0012.uasset" 6693
"../../../Engine/Content/EngineMaterials/Substrate/GLints/dict_16_192_64_0p5_0p02_0053_0012.uexp" 6694
"../../../Engine/Content/EngineMaterials/Substrate/GLints/dict_16_192_64_0p5_0p02_0024_0003.uasset" 6695
"../../../Engine/Content/EngineMaterials/Substrate/GLints/dict_16_192_64_0p5_0p02_0024_0003.uexp" 6696
"../../../Engine/Content/EngineMaterials/Substrate/GLints/dict_16_192_64_0p5_0p02_0007_0008.uasset" 6697
"../../../Engine/Content/EngineMaterials/Substrate/GLints/dict_16_192_64_0p5_0p02_0007_0008.uexp" 6698
"../../../Engine/Content/EngineMaterials/Substrate/GLints/dict_16_192_64_0p5_0p02_0020_0011.uasset" 6699
"../../../Engine/Content/EngineMaterials/Substrate/GLints/dict_16_192_64_0p5_0p02_0020_0011.uexp" 6700
"../../../Engine/Content/EngineMaterials/Substrate/GLints/dict_16_192_64_0p5_0p02_0035_0004.uasset" 6701
"../../../Engine/Content/EngineMaterials/Substrate/GLints/dict_16_192_64_0p5_0p02_0035_0004.uexp" 6702
"../../../Engine/Content/EngineMaterials/Substrate/GLints/dict_16_192_64_0p5_0p02_0032_0012.uasset" 6703
"../../../Engine/Content/EngineMaterials/Substrate/GLints/dict_16_192_64_0p5_0p02_0032_0012.uexp" 6704
"../../../Engine/Content/EngineMaterials/Substrate/GLints/dict_16_192_64_0p5_0p02_0004_0013.uasset" 6705
"../../../Engine/Content/EngineMaterials/Substrate/GLints/dict_16_192_64_0p5_0p02_0004_0013.uexp" 6706
"../../../Engine/Content/EngineMaterials/Substrate/GLints/dict_16_192_64_0p5_0p02_0047_0002.uasset" 6707
"../../../Engine/Content/EngineMaterials/Substrate/GLints/dict_16_192_64_0p5_0p02_0047_0002.uexp" 6708
"../../../Engine/Content/EngineMaterials/Substrate/GLints/dict_16_192_64_0p5_0p02_0015_0002.uasset" 6709
"../../../Engine/Content/EngineMaterials/Substrate/GLints/dict_16_192_64_0p5_0p02_0015_0002.uexp" 6710
"../../../Engine/Content/EngineMaterials/Substrate/GLints/dict_16_192_64_0p5_0p02_0018_0012.uasset" 6711
"../../../Engine/Content/EngineMaterials/Substrate/GLints/dict_16_192_64_0p5_0p02_0018_0012.uexp" 6712
"../../../Engine/Content/EngineMaterials/Substrate/GLints/dict_16_192_64_0p5_0p02_0045_0002.uasset" 6713
"../../../Engine/Content/EngineMaterials/Substrate/GLints/dict_16_192_64_0p5_0p02_0045_0002.uexp" 6714
"../../../Engine/Content/EngineMaterials/Substrate/GLints/dict_16_192_64_0p5_0p02_0010_0000.uasset" 6715
"../../../Engine/Content/EngineMaterials/Substrate/GLints/dict_16_192_64_0p5_0p02_0010_0000.uexp" 6716
"../../../Engine/Content/EngineMaterials/Substrate/GLints/dict_16_192_64_0p5_0p02_0050_0008.uasset" 6717
"../../../Engine/Content/EngineMaterials/Substrate/GLints/dict_16_192_64_0p5_0p02_0050_0008.uexp" 6718
"../../../Engine/Content/EngineMaterials/Substrate/GLints/dict_16_192_64_0p5_0p02_0051_0005.uasset" 6719
"../../../Engine/Content/EngineMaterials/Substrate/GLints/dict_16_192_64_0p5_0p02_0051_0005.uexp" 6720
"../../../Engine/Content/EngineMaterials/Substrate/GLints/dict_16_192_64_0p5_0p02_0035_0001.uasset" 6721
"../../../Engine/Content/EngineMaterials/Substrate/GLints/dict_16_192_64_0p5_0p02_0035_0001.uexp" 6722
"../../../Engine/Content/EngineMaterials/Substrate/GLints/dict_16_192_64_0p5_0p02_0020_0007.uasset" 6723
"../../../Engine/Content/EngineMaterials/Substrate/GLints/dict_16_192_64_0p5_0p02_0020_0007.uexp" 6724
"../../../Engine/Content/EngineMaterials/Substrate/GLints/dict_16_192_64_0p5_0p02_0024_0009.uasset" 6725
"../../../Engine/Content/EngineMaterials/Substrate/GLints/dict_16_192_64_0p5_0p02_0024_0009.uexp" 6726
"../../../Engine/Content/EngineMaterials/Substrate/GLints/dict_16_192_64_0p5_0p02_0003_0000.uasset" 6727
"../../../Engine/Content/EngineMaterials/Substrate/GLints/dict_16_192_64_0p5_0p02_0003_0000.uexp" 6728
"../../../Engine/Content/EngineMaterials/Substrate/GLints/dict_16_192_64_0p5_0p02_0058_0002.uasset" 6729
"../../../Engine/Content/EngineMaterials/Substrate/GLints/dict_16_192_64_0p5_0p02_0058_0002.uexp" 6730
"../../../Engine/Content/EngineMaterials/Substrate/GLints/dict_16_192_64_0p5_0p02_0040_0003.uasset" 6731
"../../../Engine/Content/EngineMaterials/Substrate/GLints/dict_16_192_64_0p5_0p02_0040_0003.uexp" 6732
"../../../Engine/Content/EngineMaterials/Substrate/GLints/dict_16_192_64_0p5_0p02_0006_0008.uasset" 6733
"../../../Engine/Content/EngineMaterials/Substrate/GLints/dict_16_192_64_0p5_0p02_0006_0008.uexp" 6734
"../../../Engine/Content/EngineMaterials/Substrate/GLints/dict_16_192_64_0p5_0p02_0042_0000.uasset" 6735
"../../../Engine/Content/EngineMaterials/Substrate/GLints/dict_16_192_64_0p5_0p02_0042_0000.uexp" 6736
"../../../Engine/Content/EngineMaterials/Substrate/GLints/dict_16_192_64_0p5_0p02_0058_0014.uasset" 6737
"../../../Engine/Content/EngineMaterials/Substrate/GLints/dict_16_192_64_0p5_0p02_0058_0014.uexp" 6738
"../../../Engine/Content/EngineMaterials/Substrate/GLints/dict_16_192_64_0p5_0p02_0053_0015.uasset" 6739
"../../../Engine/Content/EngineMaterials/Substrate/GLints/dict_16_192_64_0p5_0p02_0053_0015.uexp" 6740
"../../../Engine/Content/EngineMaterials/Substrate/GLints/dict_16_192_64_0p5_0p02_0060_0004.uasset" 6741
"../../../Engine/Content/EngineMaterials/Substrate/GLints/dict_16_192_64_0p5_0p02_0060_0004.uexp" 6742
"../../../Engine/Content/EngineMaterials/Substrate/GLints/dict_16_192_64_0p5_0p02_0017_0009.uasset" 6743
"../../../Engine/Content/EngineMaterials/Substrate/GLints/dict_16_192_64_0p5_0p02_0017_0009.uexp" 6744
"../../../Engine/Content/EngineMaterials/Substrate/GLints/dict_16_192_64_0p5_0p02_0015_0006.uasset" 6745
"../../../Engine/Content/EngineMaterials/Substrate/GLints/dict_16_192_64_0p5_0p02_0015_0006.uexp" 6746
"../../../Engine/Content/EngineMaterials/Substrate/GLints/dict_16_192_64_0p5_0p02_0043_0014.uasset" 6747
"../../../Engine/Content/EngineMaterials/Substrate/GLints/dict_16_192_64_0p5_0p02_0043_0014.uexp" 6748
"../../../Engine/Content/EngineMaterials/Substrate/GLints/dict_16_192_64_0p5_0p02_0022_0000.uasset" 6749
"../../../Engine/Content/EngineMaterials/Substrate/GLints/dict_16_192_64_0p5_0p02_0022_0000.uexp" 6750
"../../../Engine/Content/EngineMaterials/Substrate/GLints/dict_16_192_64_0p5_0p02_0054_0002.uasset" 6751
"../../../Engine/Content/EngineMaterials/Substrate/GLints/dict_16_192_64_0p5_0p02_0054_0002.uexp" 6752
"../../../Engine/Content/EngineMaterials/Substrate/GLints/dict_16_192_64_0p5_0p02_0040_0012.uasset" 6753
"../../../Engine/Content/EngineMaterials/Substrate/GLints/dict_16_192_64_0p5_0p02_0040_0012.uexp" 6754
"../../../Engine/Content/EngineMaterials/Substrate/GLints/dict_16_192_64_0p5_0p02_0056_0009.uasset" 6755
"../../../Engine/Content/EngineMaterials/Substrate/GLints/dict_16_192_64_0p5_0p02_0056_0009.uexp" 6756
"../../../Engine/Content/EngineMaterials/Substrate/GLints/dict_16_192_64_0p5_0p02_0000_0004.uasset" 6757
"../../../Engine/Content/EngineMaterials/Substrate/GLints/dict_16_192_64_0p5_0p02_0000_0004.uexp" 6758
"../../../Engine/Content/EngineMaterials/Substrate/GLints/dict_16_192_64_0p5_0p02_0000_0002.uasset" 6759
"../../../Engine/Content/EngineMaterials/Substrate/GLints/dict_16_192_64_0p5_0p02_0000_0002.uexp" 6760
"../../../Engine/Content/EngineMaterials/Substrate/GLints/dict_16_192_64_0p5_0p02_0052_0004.uasset" 6761
"../../../Engine/Content/EngineMaterials/Substrate/GLints/dict_16_192_64_0p5_0p02_0052_0004.uexp" 6762
"../../../Engine/Content/EngineMaterials/Substrate/GLints/dict_16_192_64_0p5_0p02_0029_0014.uasset" 6763
"../../../Engine/Content/EngineMaterials/Substrate/GLints/dict_16_192_64_0p5_0p02_0029_0014.uexp" 6764
"../../../Engine/Content/EngineMaterials/Substrate/GLints/dict_16_192_64_0p5_0p02_0003_0008.uasset" 6765
"../../../Engine/Content/EngineMaterials/Substrate/GLints/dict_16_192_64_0p5_0p02_0003_0008.uexp" 6766
"../../../Engine/Content/EngineMaterials/Substrate/GLints/dict_16_192_64_0p5_0p02_0023_0014.uasset" 6767
"../../../Engine/Content/EngineMaterials/Substrate/GLints/dict_16_192_64_0p5_0p02_0023_0014.uexp" 6768
"../../../Engine/Content/EngineMaterials/Substrate/GLints/dict_16_192_64_0p5_0p02_0016_0012.uasset" 6769
"../../../Engine/Content/EngineMaterials/Substrate/GLints/dict_16_192_64_0p5_0p02_0016_0012.uexp" 6770
"../../../Engine/Content/EngineMaterials/Substrate/GLints/dict_16_192_64_0p5_0p02_0057_0004.uasset" 6771
"../../../Engine/Content/EngineMaterials/Substrate/GLints/dict_16_192_64_0p5_0p02_0057_0004.uexp" 6772
"../../../Engine/Content/EngineMaterials/Substrate/GLints/dict_16_192_64_0p5_0p02_0053_0002.uasset" 6773
"../../../Engine/Content/EngineMaterials/Substrate/GLints/dict_16_192_64_0p5_0p02_0053_0002.uexp" 6774
"../../../Engine/Content/EngineMaterials/Substrate/GLints/dict_16_192_64_0p5_0p02_0045_0000.uasset" 6775
"../../../Engine/Content/EngineMaterials/Substrate/GLints/dict_16_192_64_0p5_0p02_0045_0000.uexp" 6776
"../../../Engine/Content/EngineMaterials/Substrate/GLints/dict_16_192_64_0p5_0p02_0033_0006.uasset" 6777
"../../../Engine/Content/EngineMaterials/Substrate/GLints/dict_16_192_64_0p5_0p02_0033_0006.uexp" 6778
"../../../Engine/Content/EngineMaterials/Substrate/GLints/dict_16_192_64_0p5_0p02_0026_0012.uasset" 6779
"../../../Engine/Content/EngineMaterials/Substrate/GLints/dict_16_192_64_0p5_0p02_0026_0012.uexp" 6780
"../../../Engine/Content/EngineMaterials/Substrate/GLints/dict_16_192_64_0p5_0p02_0002_0003.uasset" 6781
"../../../Engine/Content/EngineMaterials/Substrate/GLints/dict_16_192_64_0p5_0p02_0002_0003.uexp" 6782
"../../../Engine/Content/EngineMaterials/Substrate/GLints/dict_16_192_64_0p5_0p02_0052_0006.uasset" 6783
"../../../Engine/Content/EngineMaterials/Substrate/GLints/dict_16_192_64_0p5_0p02_0052_0006.uexp" 6784
"../../../Engine/Content/EngineMaterials/Substrate/GLints/dict_16_192_64_0p5_0p02_0003_0007.uasset" 6785
"../../../Engine/Content/EngineMaterials/Substrate/GLints/dict_16_192_64_0p5_0p02_0003_0007.uexp" 6786
"../../../Engine/Content/EngineMaterials/Substrate/GLints/dict_16_192_64_0p5_0p02_0015_0011.uasset" 6787
"../../../Engine/Content/EngineMaterials/Substrate/GLints/dict_16_192_64_0p5_0p02_0015_0011.uexp" 6788
"../../../Engine/Content/EngineMaterials/Substrate/GLints/dict_16_192_64_0p5_0p02_0054_0004.uasset" 6789
"../../../Engine/Content/EngineMaterials/Substrate/GLints/dict_16_192_64_0p5_0p02_0054_0004.uexp" 6790
"../../../Engine/Content/EngineMaterials/Substrate/GLints/dict_16_192_64_0p5_0p02_0055_0007.uasset" 6791
"../../../Engine/Content/EngineMaterials/Substrate/GLints/dict_16_192_64_0p5_0p02_0055_0007.uexp" 6792
"../../../Engine/Content/EngineMaterials/Substrate/GLints/dict_16_192_64_0p5_0p02_0061_0010.uasset" 6793
"../../../Engine/Content/EngineMaterials/Substrate/GLints/dict_16_192_64_0p5_0p02_0061_0010.uexp" 6794
"../../../Engine/Content/EngineMaterials/Substrate/GLints/dict_16_192_64_0p5_0p02_0021_0015.uasset" 6795
"../../../Engine/Content/EngineMaterials/Substrate/GLints/dict_16_192_64_0p5_0p02_0021_0015.uexp" 6796
"../../../Engine/Content/EngineMaterials/Substrate/GLints/dict_16_192_64_0p5_0p02_0036_0004.uasset" 6797
"../../../Engine/Content/EngineMaterials/Substrate/GLints/dict_16_192_64_0p5_0p02_0036_0004.uexp" 6798
"../../../Engine/Content/EngineMaterials/Substrate/GLints/dict_16_192_64_0p5_0p02_0039_0013.uasset" 6799
"../../../Engine/Content/EngineMaterials/Substrate/GLints/dict_16_192_64_0p5_0p02_0039_0013.uexp" 6800
"../../../Engine/Content/EngineMaterials/Substrate/GLints/dict_16_192_64_0p5_0p02_0025_0013.uasset" 6801
"../../../Engine/Content/EngineMaterials/Substrate/GLints/dict_16_192_64_0p5_0p02_0025_0013.uexp" 6802
"../../../Engine/Content/EngineMaterials/Substrate/GLints/dict_16_192_64_0p5_0p02_0005_0002.uasset" 6803
"../../../Engine/Content/EngineMaterials/Substrate/GLints/dict_16_192_64_0p5_0p02_0005_0002.uexp" 6804
"../../../Engine/Content/EngineMaterials/Substrate/GLints/dict_16_192_64_0p5_0p02_0012_0011.uasset" 6805
"../../../Engine/Content/EngineMaterials/Substrate/GLints/dict_16_192_64_0p5_0p02_0012_0011.uexp" 6806
"../../../Engine/Content/EngineMaterials/Substrate/GLints/dict_16_192_64_0p5_0p02_0061_0012.uasset" 6807
"../../../Engine/Content/EngineMaterials/Substrate/GLints/dict_16_192_64_0p5_0p02_0061_0012.uexp" 6808
"../../../Engine/Content/EngineMaterials/Substrate/GLints/dict_16_192_64_0p5_0p02_0016_0008.uasset" 6809
"../../../Engine/Content/EngineMaterials/Substrate/GLints/dict_16_192_64_0p5_0p02_0016_0008.uexp" 6810
"../../../Engine/Content/EngineMaterials/Substrate/GLints/dict_16_192_64_0p5_0p02_0034_0002.uasset" 6811
"../../../Engine/Content/EngineMaterials/Substrate/GLints/dict_16_192_64_0p5_0p02_0034_0002.uexp" 6812
"../../../Engine/Content/EngineMaterials/Substrate/GLints/dict_16_192_64_0p5_0p02_0025_0010.uasset" 6813
"../../../Engine/Content/EngineMaterials/Substrate/GLints/dict_16_192_64_0p5_0p02_0025_0010.uexp" 6814
"../../../Engine/Content/EngineMaterials/Substrate/GLints/dict_16_192_64_0p5_0p02_0010_0001.uasset" 6815
"../../../Engine/Content/EngineMaterials/Substrate/GLints/dict_16_192_64_0p5_0p02_0010_0001.uexp" 6816
"../../../Engine/Content/EngineMaterials/Substrate/GLints/dict_16_192_64_0p5_0p02_0057_0011.uasset" 6817
"../../../Engine/Content/EngineMaterials/Substrate/GLints/dict_16_192_64_0p5_0p02_0057_0011.uexp" 6818
"../../../Engine/Content/EngineMaterials/Substrate/GLints/dict_16_192_64_0p5_0p02_0049_0000.uasset" 6819
"../../../Engine/Content/EngineMaterials/Substrate/GLints/dict_16_192_64_0p5_0p02_0049_0000.uexp" 6820
"../../../Engine/Content/EngineMaterials/Substrate/GLints/dict_16_192_64_0p5_0p02_0056_0005.uasset" 6821
"../../../Engine/Content/EngineMaterials/Substrate/GLints/dict_16_192_64_0p5_0p02_0056_0005.uexp" 6822
"../../../Engine/Content/EngineMaterials/Substrate/GLints/dict_16_192_64_0p5_0p02_0052_0005.uasset" 6823
"../../../Engine/Content/EngineMaterials/Substrate/GLints/dict_16_192_64_0p5_0p02_0052_0005.uexp" 6824
"../../../Engine/Content/EngineMaterials/Substrate/GLints/dict_16_192_64_0p5_0p02_0001_0015.uasset" 6825
"../../../Engine/Content/EngineMaterials/Substrate/GLints/dict_16_192_64_0p5_0p02_0001_0015.uexp" 6826
"../../../Engine/Content/EngineMaterials/Substrate/GLints/dict_16_192_64_0p5_0p02_0031_0006.uasset" 6827
"../../../Engine/Content/EngineMaterials/Substrate/GLints/dict_16_192_64_0p5_0p02_0031_0006.uexp" 6828
"../../../Engine/Content/EngineMaterials/Substrate/GLints/dict_16_192_64_0p5_0p02_0022_0009.uasset" 6829
"../../../Engine/Content/EngineMaterials/Substrate/GLints/dict_16_192_64_0p5_0p02_0022_0009.uexp" 6830
"../../../Engine/Content/EngineMaterials/Substrate/GLints/dict_16_192_64_0p5_0p02_0005_0004.uasset" 6831
"../../../Engine/Content/EngineMaterials/Substrate/GLints/dict_16_192_64_0p5_0p02_0005_0004.uexp" 6832
"../../../Engine/Content/EngineMaterials/Substrate/GLints/dict_16_192_64_0p5_0p02_0025_0003.uasset" 6833
"../../../Engine/Content/EngineMaterials/Substrate/GLints/dict_16_192_64_0p5_0p02_0025_0003.uexp" 6834
"../../../Engine/Content/EngineMaterials/Substrate/GLints/dict_16_192_64_0p5_0p02_0016_0011.uasset" 6835
"../../../Engine/Content/EngineMaterials/Substrate/GLints/dict_16_192_64_0p5_0p02_0016_0011.uexp" 6836
"../../../Engine/Content/EngineMaterials/Substrate/GLints/dict_16_192_64_0p5_0p02_0043_0002.uasset" 6837
"../../../Engine/Content/EngineMaterials/Substrate/GLints/dict_16_192_64_0p5_0p02_0043_0002.uexp" 6838
"../../../Engine/Content/EngineMaterials/Substrate/GLints/dict_16_192_64_0p5_0p02_0012_0002.uasset" 6839
"../../../Engine/Content/EngineMaterials/Substrate/GLints/dict_16_192_64_0p5_0p02_0012_0002.uexp" 6840
"../../../Engine/Content/EngineMaterials/Substrate/GLints/dict_16_192_64_0p5_0p02_0012_0001.uasset" 6841
"../../../Engine/Content/EngineMaterials/Substrate/GLints/dict_16_192_64_0p5_0p02_0012_0001.uexp" 6842
"../../../Engine/Content/EngineMaterials/Substrate/GLints/dict_16_192_64_0p5_0p02_0023_0010.uasset" 6843
"../../../Engine/Content/EngineMaterials/Substrate/GLints/dict_16_192_64_0p5_0p02_0023_0010.uexp" 6844
"../../../Engine/Content/EngineMaterials/Substrate/GLints/dict_16_192_64_0p5_0p02_0043_0006.uasset" 6845
"../../../Engine/Content/EngineMaterials/Substrate/GLints/dict_16_192_64_0p5_0p02_0043_0006.uexp" 6846
"../../../Engine/Content/EngineMaterials/Substrate/GLints/dict_16_192_64_0p5_0p02_0034_0009.uasset" 6847
"../../../Engine/Content/EngineMaterials/Substrate/GLints/dict_16_192_64_0p5_0p02_0034_0009.uexp" 6848
"../../../Engine/Content/EngineMaterials/Substrate/GLints/dict_16_192_64_0p5_0p02_0033_0008.uasset" 6849
"../../../Engine/Content/EngineMaterials/Substrate/GLints/dict_16_192_64_0p5_0p02_0033_0008.uexp" 6850
"../../../Engine/Content/EngineMaterials/Substrate/GLints/dict_16_192_64_0p5_0p02_0063_0011.uasset" 6851
"../../../Engine/Content/EngineMaterials/Substrate/GLints/dict_16_192_64_0p5_0p02_0063_0011.uexp" 6852
"../../../Engine/Content/EngineMaterials/Substrate/GLints/dict_16_192_64_0p5_0p02_0052_0001.uasset" 6853
"../../../Engine/Content/EngineMaterials/Substrate/GLints/dict_16_192_64_0p5_0p02_0052_0001.uexp" 6854
"../../../Engine/Content/EngineMaterials/Substrate/GLints/dict_16_192_64_0p5_0p02_0042_0002.uasset" 6855
"../../../Engine/Content/EngineMaterials/Substrate/GLints/dict_16_192_64_0p5_0p02_0042_0002.uexp" 6856
"../../../Engine/Content/EngineMaterials/Substrate/GLints/dict_16_192_64_0p5_0p02_0022_0002.uasset" 6857
"../../../Engine/Content/EngineMaterials/Substrate/GLints/dict_16_192_64_0p5_0p02_0022_0002.uexp" 6858
"../../../Engine/Content/EngineMaterials/Substrate/GLints/dict_16_192_64_0p5_0p02_0017_0001.uasset" 6859
"../../../Engine/Content/EngineMaterials/Substrate/GLints/dict_16_192_64_0p5_0p02_0017_0001.uexp" 6860
"../../../Engine/Content/EngineMaterials/Substrate/GLints/dict_16_192_64_0p5_0p02_0044_0013.uasset" 6861
"../../../Engine/Content/EngineMaterials/Substrate/GLints/dict_16_192_64_0p5_0p02_0044_0013.uexp" 6862
"../../../Engine/Content/EngineMaterials/Substrate/GLints/dict_16_192_64_0p5_0p02_0051_0011.uasset" 6863
"../../../Engine/Content/EngineMaterials/Substrate/GLints/dict_16_192_64_0p5_0p02_0051_0011.uexp" 6864
"../../../Engine/Content/EngineMaterials/Substrate/GLints/dict_16_192_64_0p5_0p02_0029_0004.uasset" 6865
"../../../Engine/Content/EngineMaterials/Substrate/GLints/dict_16_192_64_0p5_0p02_0029_0004.uexp" 6866
"../../../Engine/Content/EngineMaterials/Substrate/GLints/dict_16_192_64_0p5_0p02_0031_0004.uasset" 6867
"../../../Engine/Content/EngineMaterials/Substrate/GLints/dict_16_192_64_0p5_0p02_0031_0004.uexp" 6868
"../../../Engine/Content/EngineMaterials/Substrate/GLints/dict_16_192_64_0p5_0p02_0049_0004.uasset" 6869
"../../../Engine/Content/EngineMaterials/Substrate/GLints/dict_16_192_64_0p5_0p02_0049_0004.uexp" 6870
"../../../Engine/Content/EngineMaterials/Substrate/GLints/dict_16_192_64_0p5_0p02_0045_0004.uasset" 6871
"../../../Engine/Content/EngineMaterials/Substrate/GLints/dict_16_192_64_0p5_0p02_0045_0004.uexp" 6872
"../../../Engine/Content/EngineMaterials/Substrate/GLints/dict_16_192_64_0p5_0p02_0026_0003.uasset" 6873
"../../../Engine/Content/EngineMaterials/Substrate/GLints/dict_16_192_64_0p5_0p02_0026_0003.uexp" 6874
"../../../Engine/Content/EngineMaterials/Substrate/GLints/dict_16_192_64_0p5_0p02_0057_0001.uasset" 6875
"../../../Engine/Content/EngineMaterials/Substrate/GLints/dict_16_192_64_0p5_0p02_0057_0001.uexp" 6876
"../../../Engine/Content/EngineMaterials/Substrate/GLints/dict_16_192_64_0p5_0p02_0008_0013.uasset" 6877
"../../../Engine/Content/EngineMaterials/Substrate/GLints/dict_16_192_64_0p5_0p02_0008_0013.uexp" 6878
"../../../Engine/Content/EngineMaterials/Substrate/GLints/dict_16_192_64_0p5_0p02_0043_0012.uasset" 6879
"../../../Engine/Content/EngineMaterials/Substrate/GLints/dict_16_192_64_0p5_0p02_0043_0012.uexp" 6880
"../../../Engine/Content/EngineMaterials/Substrate/GLints/dict_16_192_64_0p5_0p02_0059_0003.uasset" 6881
"../../../Engine/Content/EngineMaterials/Substrate/GLints/dict_16_192_64_0p5_0p02_0059_0003.uexp" 6882
"../../../Engine/Content/EngineMaterials/Substrate/GLints/dict_16_192_64_0p5_0p02_0031_0015.uasset" 6883
"../../../Engine/Content/EngineMaterials/Substrate/GLints/dict_16_192_64_0p5_0p02_0031_0015.uexp" 6884
"../../../Engine/Content/EngineMaterials/Substrate/GLints/dict_16_192_64_0p5_0p02_0032_0001.uasset" 6885
"../../../Engine/Content/EngineMaterials/Substrate/GLints/dict_16_192_64_0p5_0p02_0032_0001.uexp" 6886
"../../../Engine/Content/EngineMaterials/Substrate/GLints/dict_16_192_64_0p5_0p02_0004_0002.uasset" 6887
"../../../Engine/Content/EngineMaterials/Substrate/GLints/dict_16_192_64_0p5_0p02_0004_0002.uexp" 6888
"../../../Engine/Content/EngineMaterials/Substrate/GLints/dict_16_192_64_0p5_0p02_0000_0015.uasset" 6889
"../../../Engine/Content/EngineMaterials/Substrate/GLints/dict_16_192_64_0p5_0p02_0000_0015.uexp" 6890
"../../../Engine/Content/EngineMaterials/Substrate/GLints/dict_16_192_64_0p5_0p02_0035_0014.uasset" 6891
"../../../Engine/Content/EngineMaterials/Substrate/GLints/dict_16_192_64_0p5_0p02_0035_0014.uexp" 6892
"../../../Engine/Content/EngineMaterials/Substrate/GLints/dict_16_192_64_0p5_0p02_0006_0006.uasset" 6893
"../../../Engine/Content/EngineMaterials/Substrate/GLints/dict_16_192_64_0p5_0p02_0006_0006.uexp" 6894
"../../../Engine/Content/EngineMaterials/Substrate/GLints/dict_16_192_64_0p5_0p02_0034_0007.uasset" 6895
"../../../Engine/Content/EngineMaterials/Substrate/GLints/dict_16_192_64_0p5_0p02_0034_0007.uexp" 6896
"../../../Engine/Content/EngineMaterials/Substrate/GLints/dict_16_192_64_0p5_0p02_0013_0002.uasset" 6897
"../../../Engine/Content/EngineMaterials/Substrate/GLints/dict_16_192_64_0p5_0p02_0013_0002.uexp" 6898
"../../../Engine/Content/EngineMaterials/Substrate/GLints/dict_16_192_64_0p5_0p02_0013_0004.uasset" 6899
"../../../Engine/Content/EngineMaterials/Substrate/GLints/dict_16_192_64_0p5_0p02_0013_0004.uexp" 6900
"../../../Engine/Content/EngineMaterials/Substrate/GLints/dict_16_192_64_0p5_0p02_0008_0011.uasset" 6901
"../../../Engine/Content/EngineMaterials/Substrate/GLints/dict_16_192_64_0p5_0p02_0008_0011.uexp" 6902
"../../../Engine/Content/EngineMaterials/Substrate/GLints/dict_16_192_64_0p5_0p02_0029_0007.uasset" 6903
"../../../Engine/Content/EngineMaterials/Substrate/GLints/dict_16_192_64_0p5_0p02_0029_0007.uexp" 6904
"../../../Engine/Content/EngineMaterials/Substrate/GLints/dict_16_192_64_0p5_0p02_0014_0005.uasset" 6905
"../../../Engine/Content/EngineMaterials/Substrate/GLints/dict_16_192_64_0p5_0p02_0014_0005.uexp" 6906
"../../../Engine/Content/EngineMaterials/Substrate/GLints/dict_16_192_64_0p5_0p02_0047_0015.uasset" 6907
"../../../Engine/Content/EngineMaterials/Substrate/GLints/dict_16_192_64_0p5_0p02_0047_0015.uexp" 6908
"../../../Engine/Content/EngineMaterials/Substrate/GLints/dict_16_192_64_0p5_0p02_0043_0008.uasset" 6909
"../../../Engine/Content/EngineMaterials/Substrate/GLints/dict_16_192_64_0p5_0p02_0043_0008.uexp" 6910
"../../../Engine/Content/EngineMaterials/Substrate/GLints/dict_16_192_64_0p5_0p02_0059_0015.uasset" 6911
"../../../Engine/Content/EngineMaterials/Substrate/GLints/dict_16_192_64_0p5_0p02_0059_0015.uexp" 6912
"../../../Engine/Content/EngineMaterials/Substrate/GLints/dict_16_192_64_0p5_0p02_0048_0006.uasset" 6913
"../../../Engine/Content/EngineMaterials/Substrate/GLints/dict_16_192_64_0p5_0p02_0048_0006.uexp" 6914
"../../../Engine/Content/EngineMaterials/Substrate/GLints/dict_16_192_64_0p5_0p02_0041_0012.uasset" 6915
"../../../Engine/Content/EngineMaterials/Substrate/GLints/dict_16_192_64_0p5_0p02_0041_0012.uexp" 6916
"../../../Engine/Content/EngineMaterials/Substrate/GLints/dict_16_192_64_0p5_0p02_0016_0015.uasset" 6917
"../../../Engine/Content/EngineMaterials/Substrate/GLints/dict_16_192_64_0p5_0p02_0016_0015.uexp" 6918
"../../../Engine/Content/EngineMaterials/Substrate/GLints/dict_16_192_64_0p5_0p02_0007_0011.uasset" 6919
"../../../Engine/Content/EngineMaterials/Substrate/GLints/dict_16_192_64_0p5_0p02_0007_0011.uexp" 6920
"../../../Engine/Content/EngineMaterials/Substrate/GLints/dict_16_192_64_0p5_0p02_0049_0005.uasset" 6921
"../../../Engine/Content/EngineMaterials/Substrate/GLints/dict_16_192_64_0p5_0p02_0049_0005.uexp" 6922
"../../../Engine/Content/EngineMaterials/Substrate/GLints/dict_16_192_64_0p5_0p02_0048_0003.uasset" 6923
"../../../Engine/Content/EngineMaterials/Substrate/GLints/dict_16_192_64_0p5_0p02_0048_0003.uexp" 6924
"../../../Engine/Content/EngineMaterials/Substrate/GLints/dict_16_192_64_0p5_0p02_0059_0001.uasset" 6925
"../../../Engine/Content/EngineMaterials/Substrate/GLints/dict_16_192_64_0p5_0p02_0059_0001.uexp" 6926
"../../../Engine/Content/EngineMaterials/Substrate/GLints/dict_16_192_64_0p5_0p02_0024_0011.uasset" 6927
"../../../Engine/Content/EngineMaterials/Substrate/GLints/dict_16_192_64_0p5_0p02_0024_0011.uexp" 6928
"../../../Engine/Content/EngineMaterials/Substrate/GLints/dict_16_192_64_0p5_0p02_0035_0005.uasset" 6929
"../../../Engine/Content/EngineMaterials/Substrate/GLints/dict_16_192_64_0p5_0p02_0035_0005.uexp" 6930
"../../../Engine/Content/EngineMaterials/Substrate/GLints/dict_16_192_64_0p5_0p02_0019_0013.uasset" 6931
"../../../Engine/Content/EngineMaterials/Substrate/GLints/dict_16_192_64_0p5_0p02_0019_0013.uexp" 6932
"../../../Engine/Content/EngineMaterials/Substrate/GLints/dict_16_192_64_0p5_0p02_0029_0006.uasset" 6933
"../../../Engine/Content/EngineMaterials/Substrate/GLints/dict_16_192_64_0p5_0p02_0029_0006.uexp" 6934
"../../../Engine/Content/EngineMaterials/Substrate/GLints/dict_16_192_64_0p5_0p02_0049_0006.uasset" 6935
"../../../Engine/Content/EngineMaterials/Substrate/GLints/dict_16_192_64_0p5_0p02_0049_0006.uexp" 6936
"../../../Engine/Content/EngineMaterials/Substrate/GLints/dict_16_192_64_0p5_0p02_0020_0001.uasset" 6937
"../../../Engine/Content/EngineMaterials/Substrate/GLints/dict_16_192_64_0p5_0p02_0020_0001.uexp" 6938
"../../../Engine/Content/EngineMaterials/Substrate/GLints/dict_16_192_64_0p5_0p02_0011_0013.uasset" 6939
"../../../Engine/Content/EngineMaterials/Substrate/GLints/dict_16_192_64_0p5_0p02_0011_0013.uexp" 6940
"../../../Engine/Content/EngineMaterials/Substrate/GLints/dict_16_192_64_0p5_0p02_0038_0004.uasset" 6941
"../../../Engine/Content/EngineMaterials/Substrate/GLints/dict_16_192_64_0p5_0p02_0038_0004.uexp" 6942
"../../../Engine/Content/EngineMaterials/Substrate/GLints/dict_16_192_64_0p5_0p02_0034_0003.uasset" 6943
"../../../Engine/Content/EngineMaterials/Substrate/GLints/dict_16_192_64_0p5_0p02_0034_0003.uexp" 6944
"../../../Engine/Content/EngineMaterials/Substrate/GLints/dict_16_192_64_0p5_0p02_0033_0013.uasset" 6945
"../../../Engine/Content/EngineMaterials/Substrate/GLints/dict_16_192_64_0p5_0p02_0033_0013.uexp" 6946
"../../../Engine/Content/EngineMaterials/Substrate/GLints/dict_16_192_64_0p5_0p02_0000_0011.uasset" 6947
"../../../Engine/Content/EngineMaterials/Substrate/GLints/dict_16_192_64_0p5_0p02_0000_0011.uexp" 6948
"../../../Engine/Content/EngineMaterials/Substrate/GLints/dict_16_192_64_0p5_0p02_0028_0010.uasset" 6949
"../../../Engine/Content/EngineMaterials/Substrate/GLints/dict_16_192_64_0p5_0p02_0028_0010.uexp" 6950
"../../../Engine/Content/EngineMaterials/Substrate/GLints/dict_16_192_64_0p5_0p02_0049_0003.uasset" 6951
"../../../Engine/Content/EngineMaterials/Substrate/GLints/dict_16_192_64_0p5_0p02_0049_0003.uexp" 6952
"../../../Engine/Content/EngineMaterials/Substrate/GLints/dict_16_192_64_0p5_0p02_0003_0013.uasset" 6953
"../../../Engine/Content/EngineMaterials/Substrate/GLints/dict_16_192_64_0p5_0p02_0003_0013.uexp" 6954
"../../../Engine/Content/EngineMaterials/Substrate/GLints/dict_16_192_64_0p5_0p02_0041_0013.uasset" 6955
"../../../Engine/Content/EngineMaterials/Substrate/GLints/dict_16_192_64_0p5_0p02_0041_0013.uexp" 6956
"../../../Engine/Content/EngineMaterials/Substrate/GLints/dict_16_192_64_0p5_0p02_0038_0008.uasset" 6957
"../../../Engine/Content/EngineMaterials/Substrate/GLints/dict_16_192_64_0p5_0p02_0038_0008.uexp" 6958
"../../../Engine/Content/EngineMaterials/Substrate/GLints/dict_16_192_64_0p5_0p02_0023_0008.uasset" 6959
"../../../Engine/Content/EngineMaterials/Substrate/GLints/dict_16_192_64_0p5_0p02_0023_0008.uexp" 6960
"../../../Engine/Content/EngineMaterials/Substrate/GLints/dict_16_192_64_0p5_0p02_0009_0004.uasset" 6961
"../../../Engine/Content/EngineMaterials/Substrate/GLints/dict_16_192_64_0p5_0p02_0009_0004.uexp" 6962
"../../../Engine/Content/EngineMaterials/Substrate/GLints/dict_16_192_64_0p5_0p02_0007_0003.uasset" 6963
"../../../Engine/Content/EngineMaterials/Substrate/GLints/dict_16_192_64_0p5_0p02_0007_0003.uexp" 6964
"../../../Engine/Content/EngineMaterials/Substrate/GLints/dict_16_192_64_0p5_0p02_0051_0014.uasset" 6965
"../../../Engine/Content/EngineMaterials/Substrate/GLints/dict_16_192_64_0p5_0p02_0051_0014.uexp" 6966
"../../../Engine/Content/EngineMaterials/Substrate/GLints/dict_16_192_64_0p5_0p02_0031_0011.uasset" 6967
"../../../Engine/Content/EngineMaterials/Substrate/GLints/dict_16_192_64_0p5_0p02_0031_0011.uexp" 6968
"../../../Engine/Content/EngineMaterials/Substrate/GLints/dict_16_192_64_0p5_0p02_0059_0000.uasset" 6969
"../../../Engine/Content/EngineMaterials/Substrate/GLints/dict_16_192_64_0p5_0p02_0059_0000.uexp" 6970
"../../../Engine/Content/EngineMaterials/Substrate/GLints/dict_16_192_64_0p5_0p02_0008_0014.uasset" 6971
"../../../Engine/Content/EngineMaterials/Substrate/GLints/dict_16_192_64_0p5_0p02_0008_0014.uexp" 6972
"../../../Engine/Content/EngineMaterials/Substrate/GLints/dict_16_192_64_0p5_0p02_0014_0006.uasset" 6973
"../../../Engine/Content/EngineMaterials/Substrate/GLints/dict_16_192_64_0p5_0p02_0014_0006.uexp" 6974
"../../../Engine/Content/EngineMaterials/Substrate/GLints/dict_16_192_64_0p5_0p02_0036_0012.uasset" 6975
"../../../Engine/Content/EngineMaterials/Substrate/GLints/dict_16_192_64_0p5_0p02_0036_0012.uexp" 6976
"../../../Engine/Content/EngineMaterials/Substrate/GLints/dict_16_192_64_0p5_0p02_0014_0007.uasset" 6977
"../../../Engine/Content/EngineMaterials/Substrate/GLints/dict_16_192_64_0p5_0p02_0014_0007.uexp" 6978
"../../../Engine/Content/EngineMaterials/Substrate/GLints/dict_16_192_64_0p5_0p02_0022_0010.uasset" 6979
"../../../Engine/Content/EngineMaterials/Substrate/GLints/dict_16_192_64_0p5_0p02_0022_0010.uexp" 6980
"../../../Engine/Content/EngineMaterials/Substrate/GLints/dict_16_192_64_0p5_0p02_0011_0006.uasset" 6981
"../../../Engine/Content/EngineMaterials/Substrate/GLints/dict_16_192_64_0p5_0p02_0011_0006.uexp" 6982
"../../../Engine/Content/EngineMaterials/Substrate/GLints/dict_16_192_64_0p5_0p02_0014_0000.uasset" 6983
"../../../Engine/Content/EngineMaterials/Substrate/GLints/dict_16_192_64_0p5_0p02_0014_0000.uexp" 6984
"../../../Engine/Content/EngineMaterials/Substrate/GLints/dict_16_192_64_0p5_0p02_0053_0001.uasset" 6985
"../../../Engine/Content/EngineMaterials/Substrate/GLints/dict_16_192_64_0p5_0p02_0053_0001.uexp" 6986
"../../../Engine/Content/EngineMaterials/Substrate/GLints/dict_16_192_64_0p5_0p02_0061_0006.uasset" 6987
"../../../Engine/Content/EngineMaterials/Substrate/GLints/dict_16_192_64_0p5_0p02_0061_0006.uexp" 6988
"../../../Engine/Content/EngineMaterials/Substrate/GLints/dict_16_192_64_0p5_0p02_0058_0005.uasset" 6989
"../../../Engine/Content/EngineMaterials/Substrate/GLints/dict_16_192_64_0p5_0p02_0058_0005.uexp" 6990
"../../../Engine/Content/EngineMaterials/Substrate/GLints/dict_16_192_64_0p5_0p02_0046_0014.uasset" 6991
"../../../Engine/Content/EngineMaterials/Substrate/GLints/dict_16_192_64_0p5_0p02_0046_0014.uexp" 6992
"../../../Engine/Content/EngineMaterials/Substrate/GLints/dict_16_192_64_0p5_0p02_0044_0005.uasset" 6993
"../../../Engine/Content/EngineMaterials/Substrate/GLints/dict_16_192_64_0p5_0p02_0044_0005.uexp" 6994
"../../../Engine/Content/EngineMaterials/Substrate/GLints/dict_16_192_64_0p5_0p02_0051_0003.uasset" 6995
"../../../Engine/Content/EngineMaterials/Substrate/GLints/dict_16_192_64_0p5_0p02_0051_0003.uexp" 6996
"../../../Engine/Content/EngineMaterials/Substrate/GLints/dict_16_192_64_0p5_0p02_0044_0008.uasset" 6997
"../../../Engine/Content/EngineMaterials/Substrate/GLints/dict_16_192_64_0p5_0p02_0044_0008.uexp" 6998
"../../../Engine/Content/EngineMaterials/Substrate/GLints/dict_16_192_64_0p5_0p02_0006_0015.uasset" 6999
"../../../Engine/Content/EngineMaterials/Substrate/GLints/dict_16_192_64_0p5_0p02_0006_0015.uexp" 7000
"../../../Engine/Content/EngineMaterials/Substrate/GLints/dict_16_192_64_0p5_0p02_0037_0002.uasset" 7001
"../../../Engine/Content/EngineMaterials/Substrate/GLints/dict_16_192_64_0p5_0p02_0037_0002.uexp" 7002
"../../../Engine/Content/EngineMaterials/Substrate/GLints/dict_16_192_64_0p5_0p02_0001_0011.uasset" 7003
"../../../Engine/Content/EngineMaterials/Substrate/GLints/dict_16_192_64_0p5_0p02_0001_0011.uexp" 7004
"../../../Engine/Content/EngineMaterials/Substrate/GLints/dict_16_192_64_0p5_0p02_0046_0006.uasset" 7005
"../../../Engine/Content/EngineMaterials/Substrate/GLints/dict_16_192_64_0p5_0p02_0046_0006.uexp" 7006
"../../../Engine/Content/EngineMaterials/Substrate/GLints/dict_16_192_64_0p5_0p02_0042_0004.uasset" 7007
"../../../Engine/Content/EngineMaterials/Substrate/GLints/dict_16_192_64_0p5_0p02_0042_0004.uexp" 7008
"../../../Engine/Content/EngineMaterials/Substrate/GLints/dict_16_192_64_0p5_0p02_0045_0008.uasset" 7009
"../../../Engine/Content/EngineMaterials/Substrate/GLints/dict_16_192_64_0p5_0p02_0045_0008.uexp" 7010
"../../../Engine/Content/EngineMaterials/Substrate/GLints/dict_16_192_64_0p5_0p02_0002_0008.uasset" 7011
"../../../Engine/Content/EngineMaterials/Substrate/GLints/dict_16_192_64_0p5_0p02_0002_0008.uexp" 7012
"../../../Engine/Content/EngineMaterials/Substrate/GLints/dict_16_192_64_0p5_0p02_0034_0001.uasset" 7013
"../../../Engine/Content/EngineMaterials/Substrate/GLints/dict_16_192_64_0p5_0p02_0034_0001.uexp" 7014
"../../../Engine/Content/EngineMaterials/Substrate/GLints/dict_16_192_64_0p5_0p02_0046_0011.uasset" 7015
"../../../Engine/Content/EngineMaterials/Substrate/GLints/dict_16_192_64_0p5_0p02_0046_0011.uexp" 7016
"../../../Engine/Content/EngineMaterials/Substrate/GLints/dict_16_192_64_0p5_0p02_0043_0009.uasset" 7017
"../../../Engine/Content/EngineMaterials/Substrate/GLints/dict_16_192_64_0p5_0p02_0043_0009.uexp" 7018
"../../../Engine/Content/EngineMaterials/Substrate/GLints/dict_16_192_64_0p5_0p02_0063_0014.uasset" 7019
"../../../Engine/Content/EngineMaterials/Substrate/GLints/dict_16_192_64_0p5_0p02_0063_0014.uexp" 7020
"../../../Engine/Content/EngineMaterials/Substrate/GLints/dict_16_192_64_0p5_0p02_0057_0005.uasset" 7021
"../../../Engine/Content/EngineMaterials/Substrate/GLints/dict_16_192_64_0p5_0p02_0057_0005.uexp" 7022
"../../../Engine/Content/EngineMaterials/Substrate/GLints/dict_16_192_64_0p5_0p02_0031_0010.uasset" 7023
"../../../Engine/Content/EngineMaterials/Substrate/GLints/dict_16_192_64_0p5_0p02_0031_0010.uexp" 7024
"../../../Engine/Content/EngineMaterials/Substrate/GLints/dict_16_192_64_0p5_0p02_0055_0004.uasset" 7025
"../../../Engine/Content/EngineMaterials/Substrate/GLints/dict_16_192_64_0p5_0p02_0055_0004.uexp" 7026
"../../../Engine/Content/EngineMaterials/Substrate/GLints/dict_16_192_64_0p5_0p02_0042_0012.uasset" 7027
"../../../Engine/Content/EngineMaterials/Substrate/GLints/dict_16_192_64_0p5_0p02_0042_0012.uexp" 7028
"../../../Engine/Content/EngineMaterials/Substrate/GLints/dict_16_192_64_0p5_0p02_0028_0000.uasset" 7029
"../../../Engine/Content/EngineMaterials/Substrate/GLints/dict_16_192_64_0p5_0p02_0028_0000.uexp" 7030
"../../../Engine/Content/EngineMaterials/Substrate/GLints/dict_16_192_64_0p5_0p02_0016_0000.uasset" 7031
"../../../Engine/Content/EngineMaterials/Substrate/GLints/dict_16_192_64_0p5_0p02_0016_0000.uexp" 7032
"../../../Engine/Content/EngineMaterials/Substrate/GLints/dict_16_192_64_0p5_0p02_0016_0004.uasset" 7033
"../../../Engine/Content/EngineMaterials/Substrate/GLints/dict_16_192_64_0p5_0p02_0016_0004.uexp" 7034
"../../../Engine/Content/EngineMaterials/Substrate/GLints/dict_16_192_64_0p5_0p02_0014_0015.uasset" 7035
"../../../Engine/Content/EngineMaterials/Substrate/GLints/dict_16_192_64_0p5_0p02_0014_0015.uexp" 7036
"../../../Engine/Content/EngineMaterials/Substrate/GLints/dict_16_192_64_0p5_0p02_0056_0007.uasset" 7037
"../../../Engine/Content/EngineMaterials/Substrate/GLints/dict_16_192_64_0p5_0p02_0056_0007.uexp" 7038
"../../../Engine/Content/EngineMaterials/Substrate/GLints/dict_16_192_64_0p5_0p02_0041_0015.uasset" 7039
"../../../Engine/Content/EngineMaterials/Substrate/GLints/dict_16_192_64_0p5_0p02_0041_0015.uexp" 7040
"../../../Engine/Content/EngineMaterials/Substrate/GLints/dict_16_192_64_0p5_0p02_0004_0004.uasset" 7041
"../../../Engine/Content/EngineMaterials/Substrate/GLints/dict_16_192_64_0p5_0p02_0004_0004.uexp" 7042
"../../../Engine/Content/EngineMaterials/Substrate/GLints/dict_16_192_64_0p5_0p02_0028_0001.uasset" 7043
"../../../Engine/Content/EngineMaterials/Substrate/GLints/dict_16_192_64_0p5_0p02_0028_0001.uexp" 7044
"../../../Engine/Content/EngineMaterials/Substrate/GLints/dict_16_192_64_0p5_0p02_0035_0015.uasset" 7045
"../../../Engine/Content/EngineMaterials/Substrate/GLints/dict_16_192_64_0p5_0p02_0035_0015.uexp" 7046
"../../../Engine/Content/EngineMaterials/Substrate/GLints/dict_16_192_64_0p5_0p02_0055_0003.uasset" 7047
"../../../Engine/Content/EngineMaterials/Substrate/GLints/dict_16_192_64_0p5_0p02_0055_0003.uexp" 7048
"../../../Engine/Content/EngineMaterials/Substrate/GLints/dict_16_192_64_0p5_0p02_0010_0008.uasset" 7049
"../../../Engine/Content/EngineMaterials/Substrate/GLints/dict_16_192_64_0p5_0p02_0010_0008.uexp" 7050
"../../../Engine/Content/EngineMaterials/Substrate/GLints/dict_16_192_64_0p5_0p02_0001_0002.uasset" 7051
"../../../Engine/Content/EngineMaterials/Substrate/GLints/dict_16_192_64_0p5_0p02_0001_0002.uexp" 7052
"../../../Engine/Content/EngineMaterials/Substrate/GLints/dict_16_192_64_0p5_0p02_0026_0002.uasset" 7053
"../../../Engine/Content/EngineMaterials/Substrate/GLints/dict_16_192_64_0p5_0p02_0026_0002.uexp" 7054
"../../../Engine/Content/EngineMaterials/Substrate/GLints/dict_16_192_64_0p5_0p02_0012_0015.uasset" 7055
"../../../Engine/Content/EngineMaterials/Substrate/GLints/dict_16_192_64_0p5_0p02_0012_0015.uexp" 7056
"../../../Engine/Content/EngineMaterials/Substrate/GLints/dict_16_192_64_0p5_0p02_0009_0003.uasset" 7057
"../../../Engine/Content/EngineMaterials/Substrate/GLints/dict_16_192_64_0p5_0p02_0009_0003.uexp" 7058
"../../../Engine/Content/EngineMaterials/Substrate/GLints/dict_16_192_64_0p5_0p02_0022_0004.uasset" 7059
"../../../Engine/Content/EngineMaterials/Substrate/GLints/dict_16_192_64_0p5_0p02_0022_0004.uexp" 7060
"../../../Engine/Content/EngineMaterials/Substrate/GLints/dict_16_192_64_0p5_0p02_0063_0007.uasset" 7061
"../../../Engine/Content/EngineMaterials/Substrate/GLints/dict_16_192_64_0p5_0p02_0063_0007.uexp" 7062
"../../../Engine/Content/EngineMaterials/Substrate/GLints/dict_16_192_64_0p5_0p02_0010_0003.uasset" 7063
"../../../Engine/Content/EngineMaterials/Substrate/GLints/dict_16_192_64_0p5_0p02_0010_0003.uexp" 7064
"../../../Engine/Content/EngineMaterials/Substrate/GLints/dict_16_192_64_0p5_0p02_0061_0014.uasset" 7065
"../../../Engine/Content/EngineMaterials/Substrate/GLints/dict_16_192_64_0p5_0p02_0061_0014.uexp" 7066
"../../../Engine/Content/EngineMaterials/Substrate/GLints/dict_16_192_64_0p5_0p02_0056_0013.uasset" 7067
"../../../Engine/Content/EngineMaterials/Substrate/GLints/dict_16_192_64_0p5_0p02_0056_0013.uexp" 7068
"../../../Engine/Content/EngineMaterials/Substrate/GLints/dict_16_192_64_0p5_0p02_0033_0005.uasset" 7069
"../../../Engine/Content/EngineMaterials/Substrate/GLints/dict_16_192_64_0p5_0p02_0033_0005.uexp" 7070
"../../../Engine/Content/EngineMaterials/Substrate/GLints/dict_16_192_64_0p5_0p02_0054_0007.uasset" 7071
"../../../Engine/Content/EngineMaterials/Substrate/GLints/dict_16_192_64_0p5_0p02_0054_0007.uexp" 7072
"../../../Engine/Content/EngineMaterials/Substrate/GLints/dict_16_192_64_0p5_0p02_0050_0001.uasset" 7073
"../../../Engine/Content/EngineMaterials/Substrate/GLints/dict_16_192_64_0p5_0p02_0050_0001.uexp" 7074
"../../../Engine/Content/EngineMaterials/Substrate/GLints/dict_16_192_64_0p5_0p02_0004_0000.uasset" 7075
"../../../Engine/Content/EngineMaterials/Substrate/GLints/dict_16_192_64_0p5_0p02_0004_0000.uexp" 7076
"../../../Engine/Content/EngineMaterials/Substrate/GLints/dict_16_192_64_0p5_0p02_0010_0006.uasset" 7077
"../../../Engine/Content/EngineMaterials/Substrate/GLints/dict_16_192_64_0p5_0p02_0010_0006.uexp" 7078
"../../../Engine/Content/EngineMaterials/Substrate/GLints/dict_16_192_64_0p5_0p02_0019_0007.uasset" 7079
"../../../Engine/Content/EngineMaterials/Substrate/GLints/dict_16_192_64_0p5_0p02_0019_0007.uexp" 7080
"../../../Engine/Content/EngineMaterials/Substrate/GLints/dict_16_192_64_0p5_0p02_0050_0003.uasset" 7081
"../../../Engine/Content/EngineMaterials/Substrate/GLints/dict_16_192_64_0p5_0p02_0050_0003.uexp" 7082
"../../../Engine/Content/EngineMaterials/Substrate/GLints/dict_16_192_64_0p5_0p02_0041_0001.uasset" 7083
"../../../Engine/Content/EngineMaterials/Substrate/GLints/dict_16_192_64_0p5_0p02_0041_0001.uexp" 7084
"../../../Engine/Content/EngineMaterials/Substrate/GLints/dict_16_192_64_0p5_0p02_0025_0014.uasset" 7085
"../../../Engine/Content/EngineMaterials/Substrate/GLints/dict_16_192_64_0p5_0p02_0025_0014.uexp" 7086
"../../../Engine/Content/EngineMaterials/Substrate/GLints/dict_16_192_64_0p5_0p02_0008_0004.uasset" 7087
"../../../Engine/Content/EngineMaterials/Substrate/GLints/dict_16_192_64_0p5_0p02_0008_0004.uexp" 7088
"../../../Engine/Content/EngineMaterials/Substrate/GLints/dict_16_192_64_0p5_0p02_0027_0008.uasset" 7089
"../../../Engine/Content/EngineMaterials/Substrate/GLints/dict_16_192_64_0p5_0p02_0027_0008.uexp" 7090
"../../../Engine/Content/EngineMaterials/Substrate/GLints/dict_16_192_64_0p5_0p02_0020_0009.uasset" 7091
"../../../Engine/Content/EngineMaterials/Substrate/GLints/dict_16_192_64_0p5_0p02_0020_0009.uexp" 7092
"../../../Engine/Content/EngineMaterials/Substrate/GLints/dict_16_192_64_0p5_0p02_0062_0011.uasset" 7093
"../../../Engine/Content/EngineMaterials/Substrate/GLints/dict_16_192_64_0p5_0p02_0062_0011.uexp" 7094
"../../../Engine/Content/EngineMaterials/Substrate/GLints/dict_16_192_64_0p5_0p02_0025_0015.uasset" 7095
"../../../Engine/Content/EngineMaterials/Substrate/GLints/dict_16_192_64_0p5_0p02_0025_0015.uexp" 7096
"../../../Engine/Content/EngineMaterials/Substrate/GLints/dict_16_192_64_0p5_0p02_0010_0011.uasset" 7097
"../../../Engine/Content/EngineMaterials/Substrate/GLints/dict_16_192_64_0p5_0p02_0010_0011.uexp" 7098
"../../../Engine/Content/EngineMaterials/Substrate/GLints/dict_16_192_64_0p5_0p02_0010_0004.uasset" 7099
"../../../Engine/Content/EngineMaterials/Substrate/GLints/dict_16_192_64_0p5_0p02_0010_0004.uexp" 7100
"../../../Engine/Content/EngineMaterials/Substrate/GLints/dict_16_192_64_0p5_0p02_0033_0009.uasset" 7101
"../../../Engine/Content/EngineMaterials/Substrate/GLints/dict_16_192_64_0p5_0p02_0033_0009.uexp" 7102
"../../../Engine/Content/EngineMaterials/Substrate/GLints/dict_16_192_64_0p5_0p02_0033_0003.uasset" 7103
"../../../Engine/Content/EngineMaterials/Substrate/GLints/dict_16_192_64_0p5_0p02_0033_0003.uexp" 7104
"../../../Engine/Content/EngineMaterials/Substrate/GLints/dict_16_192_64_0p5_0p02_0005_0009.uasset" 7105
"../../../Engine/Content/EngineMaterials/Substrate/GLints/dict_16_192_64_0p5_0p02_0005_0009.uexp" 7106
"../../../Engine/Content/EngineMaterials/Substrate/GLints/dict_16_192_64_0p5_0p02_0059_0014.uasset" 7107
"../../../Engine/Content/EngineMaterials/Substrate/GLints/dict_16_192_64_0p5_0p02_0059_0014.uexp" 7108
"../../../Engine/Content/EngineMaterials/Substrate/GLints/dict_16_192_64_0p5_0p02_0056_0012.uasset" 7109
"../../../Engine/Content/EngineMaterials/Substrate/GLints/dict_16_192_64_0p5_0p02_0056_0012.uexp" 7110
"../../../Engine/Content/EngineMaterials/Substrate/GLints/dict_16_192_64_0p5_0p02_0055_0005.uasset" 7111
"../../../Engine/Content/EngineMaterials/Substrate/GLints/dict_16_192_64_0p5_0p02_0055_0005.uexp" 7112
"../../../Engine/Content/EngineMaterials/Substrate/GLints/dict_16_192_64_0p5_0p02_0023_0002.uasset" 7113
"../../../Engine/Content/EngineMaterials/Substrate/GLints/dict_16_192_64_0p5_0p02_0023_0002.uexp" 7114
"../../../Engine/Content/EngineMaterials/Substrate/GLints/dict_16_192_64_0p5_0p02_0012_0004.uasset" 7115
"../../../Engine/Content/EngineMaterials/Substrate/GLints/dict_16_192_64_0p5_0p02_0012_0004.uexp" 7116
"../../../Engine/Content/EngineMaterials/Substrate/GLints/dict_16_192_64_0p5_0p02_0048_0002.uasset" 7117
"../../../Engine/Content/EngineMaterials/Substrate/GLints/dict_16_192_64_0p5_0p02_0048_0002.uexp" 7118
"../../../Engine/Content/EngineMaterials/Substrate/GLints/dict_16_192_64_0p5_0p02_0055_0006.uasset" 7119
"../../../Engine/Content/EngineMaterials/Substrate/GLints/dict_16_192_64_0p5_0p02_0055_0006.uexp" 7120
"../../../Engine/Content/EngineMaterials/Substrate/GLints/dict_16_192_64_0p5_0p02_0013_0003.uasset" 7121
"../../../Engine/Content/EngineMaterials/Substrate/GLints/dict_16_192_64_0p5_0p02_0013_0003.uexp" 7122
"../../../Engine/Content/EngineMaterials/Substrate/GLints/dict_16_192_64_0p5_0p02_0032_0002.uasset" 7123
"../../../Engine/Content/EngineMaterials/Substrate/GLints/dict_16_192_64_0p5_0p02_0032_0002.uexp" 7124
"../../../Engine/Content/EngineMaterials/Substrate/GLints/dict_16_192_64_0p5_0p02_0032_0014.uasset" 7125
"../../../Engine/Content/EngineMaterials/Substrate/GLints/dict_16_192_64_0p5_0p02_0032_0014.uexp" 7126
"../../../Engine/Content/EngineMaterials/Substrate/GLints/dict_16_192_64_0p5_0p02_0030_0000.uasset" 7127
"../../../Engine/Content/EngineMaterials/Substrate/GLints/dict_16_192_64_0p5_0p02_0030_0000.uexp" 7128
"../../../Engine/Content/EngineMaterials/Substrate/GLints/dict_16_192_64_0p5_0p02_0028_0014.uasset" 7129
"../../../Engine/Content/EngineMaterials/Substrate/GLints/dict_16_192_64_0p5_0p02_0028_0014.uexp" 7130
"../../../Engine/Content/EngineMaterials/Substrate/GLints/dict_16_192_64_0p5_0p02_0014_0012.uasset" 7131
"../../../Engine/Content/EngineMaterials/Substrate/GLints/dict_16_192_64_0p5_0p02_0014_0012.uexp" 7132
"../../../Engine/Content/EngineMaterials/Substrate/GLints/dict_16_192_64_0p5_0p02_0013_0008.uasset" 7133
"../../../Engine/Content/EngineMaterials/Substrate/GLints/dict_16_192_64_0p5_0p02_0013_0008.uexp" 7134
"../../../Engine/Content/EngineMaterials/Substrate/GLints/dict_16_192_64_0p5_0p02_0018_0001.uasset" 7135
"../../../Engine/Content/EngineMaterials/Substrate/GLints/dict_16_192_64_0p5_0p02_0018_0001.uexp" 7136
"../../../Engine/Content/EngineMaterials/Substrate/GLints/dict_16_192_64_0p5_0p02_0020_0013.uasset" 7137
"../../../Engine/Content/EngineMaterials/Substrate/GLints/dict_16_192_64_0p5_0p02_0020_0013.uexp" 7138
"../../../Engine/Content/EngineMaterials/Substrate/GLints/dict_16_192_64_0p5_0p02_0005_0000.uasset" 7139
"../../../Engine/Content/EngineMaterials/Substrate/GLints/dict_16_192_64_0p5_0p02_0005_0000.uexp" 7140
"../../../Engine/Content/EngineMaterials/Substrate/GLints/dict_16_192_64_0p5_0p02_0034_0010.uasset" 7141
"../../../Engine/Content/EngineMaterials/Substrate/GLints/dict_16_192_64_0p5_0p02_0034_0010.uexp" 7142
"../../../Engine/Content/EngineMaterials/Substrate/GLints/dict_16_192_64_0p5_0p02_0059_0004.uasset" 7143
"../../../Engine/Content/EngineMaterials/Substrate/GLints/dict_16_192_64_0p5_0p02_0059_0004.uexp" 7144
"../../../Engine/Content/EngineMaterials/Substrate/GLints/dict_16_192_64_0p5_0p02_0038_0015.uasset" 7145
"../../../Engine/Content/EngineMaterials/Substrate/GLints/dict_16_192_64_0p5_0p02_0038_0015.uexp" 7146
"../../../Engine/Content/EngineMaterials/Substrate/GLints/dict_16_192_64_0p5_0p02_0018_0010.uasset" 7147
"../../../Engine/Content/EngineMaterials/Substrate/GLints/dict_16_192_64_0p5_0p02_0018_0010.uexp" 7148
"../../../Engine/Content/EngineMaterials/Substrate/GLints/dict_16_192_64_0p5_0p02_0046_0004.uasset" 7149
"../../../Engine/Content/EngineMaterials/Substrate/GLints/dict_16_192_64_0p5_0p02_0046_0004.uexp" 7150
"../../../Engine/Content/EngineMaterials/Substrate/GLints/dict_16_192_64_0p5_0p02_0004_0001.uasset" 7151
"../../../Engine/Content/EngineMaterials/Substrate/GLints/dict_16_192_64_0p5_0p02_0004_0001.uexp" 7152
"../../../Engine/Content/EngineMaterials/Substrate/GLints/dict_16_192_64_0p5_0p02_0048_0004.uasset" 7153
"../../../Engine/Content/EngineMaterials/Substrate/GLints/dict_16_192_64_0p5_0p02_0048_0004.uexp" 7154
"../../../Engine/Content/EngineMaterials/Substrate/GLints/dict_16_192_64_0p5_0p02_0044_0011.uasset" 7155
"../../../Engine/Content/EngineMaterials/Substrate/GLints/dict_16_192_64_0p5_0p02_0044_0011.uexp" 7156
"../../../Engine/Content/EngineMaterials/Substrate/GLints/dict_16_192_64_0p5_0p02_0047_0001.uasset" 7157
"../../../Engine/Content/EngineMaterials/Substrate/GLints/dict_16_192_64_0p5_0p02_0047_0001.uexp" 7158
"../../../Engine/Content/EngineMaterials/Substrate/GLints/dict_16_192_64_0p5_0p02_0020_0010.uasset" 7159
"../../../Engine/Content/EngineMaterials/Substrate/GLints/dict_16_192_64_0p5_0p02_0020_0010.uexp" 7160
"../../../Engine/Content/EngineMaterials/Substrate/GLints/dict_16_192_64_0p5_0p02_0003_0003.uasset" 7161
"../../../Engine/Content/EngineMaterials/Substrate/GLints/dict_16_192_64_0p5_0p02_0003_0003.uexp" 7162
"../../../Engine/Content/EngineMaterials/Substrate/GLints/dict_16_192_64_0p5_0p02_0011_0014.uasset" 7163
"../../../Engine/Content/EngineMaterials/Substrate/GLints/dict_16_192_64_0p5_0p02_0011_0014.uexp" 7164
"../../../Engine/Content/EngineMaterials/Substrate/GLints/dict_16_192_64_0p5_0p02_0030_0003.uasset" 7165
"../../../Engine/Content/EngineMaterials/Substrate/GLints/dict_16_192_64_0p5_0p02_0030_0003.uexp" 7166
"../../../Engine/Content/EngineMaterials/Substrate/GLints/dict_16_192_64_0p5_0p02_0011_0002.uasset" 7167
"../../../Engine/Content/EngineMaterials/Substrate/GLints/dict_16_192_64_0p5_0p02_0011_0002.uexp" 7168
"../../../Engine/Content/EngineMaterials/Substrate/GLints/dict_16_192_64_0p5_0p02_0028_0005.uasset" 7169
"../../../Engine/Content/EngineMaterials/Substrate/GLints/dict_16_192_64_0p5_0p02_0028_0005.uexp" 7170
"../../../Engine/Content/EngineMaterials/Substrate/GLints/dict_16_192_64_0p5_0p02_0020_0003.uasset" 7171
"../../../Engine/Content/EngineMaterials/Substrate/GLints/dict_16_192_64_0p5_0p02_0020_0003.uexp" 7172
"../../../Engine/Content/EngineMaterials/Substrate/GLints/dict_16_192_64_0p5_0p02_0012_0005.uasset" 7173
"../../../Engine/Content/EngineMaterials/Substrate/GLints/dict_16_192_64_0p5_0p02_0012_0005.uexp" 7174
"../../../Engine/Content/EngineMaterials/Substrate/GLints/dict_16_192_64_0p5_0p02_0008_0015.uasset" 7175
"../../../Engine/Content/EngineMaterials/Substrate/GLints/dict_16_192_64_0p5_0p02_0008_0015.uexp" 7176
"../../../Engine/Content/EngineMaterials/Substrate/GLints/dict_16_192_64_0p5_0p02_0013_0012.uasset" 7177
"../../../Engine/Content/EngineMaterials/Substrate/GLints/dict_16_192_64_0p5_0p02_0013_0012.uexp" 7178
"../../../Engine/Content/EngineMaterials/Substrate/GLints/dict_16_192_64_0p5_0p02_0011_0007.uasset" 7179
"../../../Engine/Content/EngineMaterials/Substrate/GLints/dict_16_192_64_0p5_0p02_0011_0007.uexp" 7180
"../../../Engine/Content/EngineMaterials/Substrate/GLints/dict_16_192_64_0p5_0p02_0024_0002.uasset" 7181
"../../../Engine/Content/EngineMaterials/Substrate/GLints/dict_16_192_64_0p5_0p02_0024_0002.uexp" 7182
"../../../Engine/Content/EngineMaterials/Substrate/GLints/dict_16_192_64_0p5_0p02_0003_0010.uasset" 7183
"../../../Engine/Content/EngineMaterials/Substrate/GLints/dict_16_192_64_0p5_0p02_0003_0010.uexp" 7184
"../../../Engine/Content/EngineMaterials/Substrate/GLints/dict_16_192_64_0p5_0p02_0003_0001.uasset" 7185
"../../../Engine/Content/EngineMaterials/Substrate/GLints/dict_16_192_64_0p5_0p02_0003_0001.uexp" 7186
"../../../Engine/Content/EngineMaterials/Substrate/GLints/dict_16_192_64_0p5_0p02_0051_0013.uasset" 7187
"../../../Engine/Content/EngineMaterials/Substrate/GLints/dict_16_192_64_0p5_0p02_0051_0013.uexp" 7188
"../../../Engine/Content/EngineMaterials/Substrate/GLints/dict_16_192_64_0p5_0p02_0001_0008.uasset" 7189
"../../../Engine/Content/EngineMaterials/Substrate/GLints/dict_16_192_64_0p5_0p02_0001_0008.uexp" 7190
"../../../Engine/Content/EngineMaterials/Substrate/GLints/dict_16_192_64_0p5_0p02_0017_0007.uasset" 7191
"../../../Engine/Content/EngineMaterials/Substrate/GLints/dict_16_192_64_0p5_0p02_0017_0007.uexp" 7192
"../../../Engine/Content/EngineMaterials/Substrate/GLints/dict_16_192_64_0p5_0p02_0024_0012.uasset" 7193
"../../../Engine/Content/EngineMaterials/Substrate/GLints/dict_16_192_64_0p5_0p02_0024_0012.uexp" 7194
"../../../Engine/Content/EngineMaterials/Substrate/GLints/dict_16_192_64_0p5_0p02_0054_0001.uasset" 7195
"../../../Engine/Content/EngineMaterials/Substrate/GLints/dict_16_192_64_0p5_0p02_0054_0001.uexp" 7196
"../../../Engine/Content/EngineMaterials/Substrate/GLints/dict_16_192_64_0p5_0p02_0038_0006.uasset" 7197
"../../../Engine/Content/EngineMaterials/Substrate/GLints/dict_16_192_64_0p5_0p02_0038_0006.uexp" 7198
"../../../Engine/Content/EngineMaterials/Substrate/GLints/dict_16_192_64_0p5_0p02_0029_0011.uasset" 7199
"../../../Engine/Content/EngineMaterials/Substrate/GLints/dict_16_192_64_0p5_0p02_0029_0011.uexp" 7200
"../../../Engine/Content/EngineMaterials/Substrate/GLints/dict_16_192_64_0p5_0p02_0008_0012.uasset" 7201
"../../../Engine/Content/EngineMaterials/Substrate/GLints/dict_16_192_64_0p5_0p02_0008_0012.uexp" 7202
"../../../Engine/Content/EngineMaterials/Substrate/GLints/dict_16_192_64_0p5_0p02_0029_0000.uasset" 7203
"../../../Engine/Content/EngineMaterials/Substrate/GLints/dict_16_192_64_0p5_0p02_0029_0000.uexp" 7204
"../../../Engine/Content/EngineMaterials/Substrate/GLints/dict_16_192_64_0p5_0p02_0054_0010.uasset" 7205
"../../../Engine/Content/EngineMaterials/Substrate/GLints/dict_16_192_64_0p5_0p02_0054_0010.uexp" 7206
"../../../Engine/Content/EngineMaterials/Substrate/GLints/dict_16_192_64_0p5_0p02_0051_0006.uasset" 7207
"../../../Engine/Content/EngineMaterials/Substrate/GLints/dict_16_192_64_0p5_0p02_0051_0006.uexp" 7208
"../../../Engine/Content/EngineMaterials/Substrate/GLints/dict_16_192_64_0p5_0p02_0012_0007.uasset" 7209
"../../../Engine/Content/EngineMaterials/Substrate/GLints/dict_16_192_64_0p5_0p02_0012_0007.uexp" 7210
"../../../Engine/Content/EngineMaterials/Substrate/GLints/dict_16_192_64_0p5_0p02_0054_0003.uasset" 7211
"../../../Engine/Content/EngineMaterials/Substrate/GLints/dict_16_192_64_0p5_0p02_0054_0003.uexp" 7212
"../../../Engine/Content/EngineMaterials/Substrate/GLints/dict_16_192_64_0p5_0p02_0040_0000.uasset" 7213
"../../../Engine/Content/EngineMaterials/Substrate/GLints/dict_16_192_64_0p5_0p02_0040_0000.uexp" 7214
"../../../Engine/Content/EngineMaterials/Substrate/GLints/dict_16_192_64_0p5_0p02_0021_0003.uasset" 7215
"../../../Engine/Content/EngineMaterials/Substrate/GLints/dict_16_192_64_0p5_0p02_0021_0003.uexp" 7216
"../../../Engine/Content/EngineMaterials/Substrate/GLints/dict_16_192_64_0p5_0p02_0030_0008.uasset" 7217
"../../../Engine/Content/EngineMaterials/Substrate/GLints/dict_16_192_64_0p5_0p02_0030_0008.uexp" 7218
"../../../Engine/Content/EngineMaterials/Substrate/GLints/dict_16_192_64_0p5_0p02_0063_0010.uasset" 7219
"../../../Engine/Content/EngineMaterials/Substrate/GLints/dict_16_192_64_0p5_0p02_0063_0010.uexp" 7220
"../../../Engine/Content/EngineMaterials/Substrate/GLints/dict_16_192_64_0p5_0p02_0060_0008.uasset" 7221
"../../../Engine/Content/EngineMaterials/Substrate/GLints/dict_16_192_64_0p5_0p02_0060_0008.uexp" 7222
"../../../Engine/Content/EngineMaterials/Substrate/GLints/dict_16_192_64_0p5_0p02_0037_0013.uasset" 7223
"../../../Engine/Content/EngineMaterials/Substrate/GLints/dict_16_192_64_0p5_0p02_0037_0013.uexp" 7224
"../../../Engine/Content/EngineMaterials/Substrate/GLints/dict_16_192_64_0p5_0p02_0061_0003.uasset" 7225
"../../../Engine/Content/EngineMaterials/Substrate/GLints/dict_16_192_64_0p5_0p02_0061_0003.uexp" 7226
"../../../Engine/Content/EngineMaterials/Substrate/GLints/dict_16_192_64_0p5_0p02_0048_0007.uasset" 7227
"../../../Engine/Content/EngineMaterials/Substrate/GLints/dict_16_192_64_0p5_0p02_0048_0007.uexp" 7228
"../../../Engine/Content/EngineMaterials/Substrate/GLints/dict_16_192_64_0p5_0p02_0062_0000.uasset" 7229
"../../../Engine/Content/EngineMaterials/Substrate/GLints/dict_16_192_64_0p5_0p02_0062_0000.uexp" 7230
"../../../Engine/Content/EngineMaterials/Substrate/GLints/dict_16_192_64_0p5_0p02_0038_0000.uasset" 7231
"../../../Engine/Content/EngineMaterials/Substrate/GLints/dict_16_192_64_0p5_0p02_0038_0000.uexp" 7232
"../../../Engine/Content/EngineMaterials/Substrate/GLints/dict_16_192_64_0p5_0p02_0058_0011.uasset" 7233
"../../../Engine/Content/EngineMaterials/Substrate/GLints/dict_16_192_64_0p5_0p02_0058_0011.uexp" 7234
"../../../Engine/Content/EngineMaterials/Substrate/GLints/dict_16_192_64_0p5_0p02_0051_0010.uasset" 7235
"../../../Engine/Content/EngineMaterials/Substrate/GLints/dict_16_192_64_0p5_0p02_0051_0010.uexp" 7236
"../../../Engine/Content/EngineMaterials/Substrate/GLints/dict_16_192_64_0p5_0p02_0014_0002.uasset" 7237
"../../../Engine/Content/EngineMaterials/Substrate/GLints/dict_16_192_64_0p5_0p02_0014_0002.uexp" 7238
"../../../Engine/Content/EngineMaterials/Substrate/GLints/dict_16_192_64_0p5_0p02_0052_0010.uasset" 7239
"../../../Engine/Content/EngineMaterials/Substrate/GLints/dict_16_192_64_0p5_0p02_0052_0010.uexp" 7240
"../../../Engine/Content/EngineMaterials/Substrate/GLints/dict_16_192_64_0p5_0p02_0027_0004.uasset" 7241
"../../../Engine/Content/EngineMaterials/Substrate/GLints/dict_16_192_64_0p5_0p02_0027_0004.uexp" 7242
"../../../Engine/Content/EngineMaterials/Substrate/GLints/dict_16_192_64_0p5_0p02_0037_0003.uasset" 7243
"../../../Engine/Content/EngineMaterials/Substrate/GLints/dict_16_192_64_0p5_0p02_0037_0003.uexp" 7244
"../../../Engine/Content/EngineMaterials/Substrate/GLints/dict_16_192_64_0p5_0p02_0024_0013.uasset" 7245
"../../../Engine/Content/EngineMaterials/Substrate/GLints/dict_16_192_64_0p5_0p02_0024_0013.uexp" 7246
"../../../Engine/Content/EngineMaterials/Substrate/GLints/dict_16_192_64_0p5_0p02_0017_0011.uasset" 7247
"../../../Engine/Content/EngineMaterials/Substrate/GLints/dict_16_192_64_0p5_0p02_0017_0011.uexp" 7248
"../../../Engine/Content/EngineMaterials/Substrate/GLints/dict_16_192_64_0p5_0p02_0016_0003.uasset" 7249
"../../../Engine/Content/EngineMaterials/Substrate/GLints/dict_16_192_64_0p5_0p02_0016_0003.uexp" 7250
"../../../Engine/Content/EngineMaterials/Substrate/GLints/dict_16_192_64_0p5_0p02_0003_0011.uasset" 7251
"../../../Engine/Content/EngineMaterials/Substrate/GLints/dict_16_192_64_0p5_0p02_0003_0011.uexp" 7252
"../../../Engine/Content/EngineMaterials/Substrate/GLints/dict_16_192_64_0p5_0p02_0050_0010.uasset" 7253
"../../../Engine/Content/EngineMaterials/Substrate/GLints/dict_16_192_64_0p5_0p02_0050_0010.uexp" 7254
"../../../Engine/Content/EngineMaterials/Substrate/GLints/dict_16_192_64_0p5_0p02_0035_0006.uasset" 7255
"../../../Engine/Content/EngineMaterials/Substrate/GLints/dict_16_192_64_0p5_0p02_0035_0006.uexp" 7256
"../../../Engine/Content/EngineMaterials/Substrate/GLints/dict_16_192_64_0p5_0p02_0003_0005.uasset" 7257
"../../../Engine/Content/EngineMaterials/Substrate/GLints/dict_16_192_64_0p5_0p02_0003_0005.uexp" 7258
"../../../Engine/Content/EngineMaterials/Substrate/GLints/dict_16_192_64_0p5_0p02_0037_0010.uasset" 7259
"../../../Engine/Content/EngineMaterials/Substrate/GLints/dict_16_192_64_0p5_0p02_0037_0010.uexp" 7260
"../../../Engine/Content/EngineMaterials/Substrate/GLints/dict_16_192_64_0p5_0p02_0036_0011.uasset" 7261
"../../../Engine/Content/EngineMaterials/Substrate/GLints/dict_16_192_64_0p5_0p02_0036_0011.uexp" 7262
"../../../Engine/Content/EngineMaterials/Substrate/GLints/dict_16_192_64_0p5_0p02_0019_0011.uasset" 7263
"../../../Engine/Content/EngineMaterials/Substrate/GLints/dict_16_192_64_0p5_0p02_0019_0011.uexp" 7264
"../../../Engine/Content/EngineMaterials/Substrate/GLints/dict_16_192_64_0p5_0p02_0060_0007.uasset" 7265
"../../../Engine/Content/EngineMaterials/Substrate/GLints/dict_16_192_64_0p5_0p02_0060_0007.uexp" 7266
"../../../Engine/Content/EngineMaterials/Substrate/GLints/dict_16_192_64_0p5_0p02_0042_0001.uasset" 7267
"../../../Engine/Content/EngineMaterials/Substrate/GLints/dict_16_192_64_0p5_0p02_0042_0001.uexp" 7268
"../../../Engine/Content/EngineMaterials/Substrate/GLints/dict_16_192_64_0p5_0p02_0017_0012.uasset" 7269
"../../../Engine/Content/EngineMaterials/Substrate/GLints/dict_16_192_64_0p5_0p02_0017_0012.uexp" 7270
"../../../Engine/Content/EngineMaterials/Substrate/GLints/dict_16_192_64_0p5_0p02_0021_0000.uasset" 7271
"../../../Engine/Content/EngineMaterials/Substrate/GLints/dict_16_192_64_0p5_0p02_0021_0000.uexp" 7272
"../../../Engine/Content/EngineMaterials/Substrate/GLints/dict_16_192_64_0p5_0p02_0055_0000.uasset" 7273
"../../../Engine/Content/EngineMaterials/Substrate/GLints/dict_16_192_64_0p5_0p02_0055_0000.uexp" 7274
"../../../Engine/Content/EngineMaterials/Substrate/GLints/dict_16_192_64_0p5_0p02_0032_0015.uasset" 7275
"../../../Engine/Content/EngineMaterials/Substrate/GLints/dict_16_192_64_0p5_0p02_0032_0015.uexp" 7276
"../../../Engine/Content/EngineMaterials/Substrate/GLints/dict_16_192_64_0p5_0p02_0026_0013.uasset" 7277
"../../../Engine/Content/EngineMaterials/Substrate/GLints/dict_16_192_64_0p5_0p02_0026_0013.uexp" 7278
"../../../Engine/Content/EngineMaterials/Substrate/GLints/dict_16_192_64_0p5_0p02_0018_0015.uasset" 7279
"../../../Engine/Content/EngineMaterials/Substrate/GLints/dict_16_192_64_0p5_0p02_0018_0015.uexp" 7280
"../../../Engine/Content/EngineMaterials/Substrate/GLints/dict_16_192_64_0p5_0p02_0028_0002.uasset" 7281
"../../../Engine/Content/EngineMaterials/Substrate/GLints/dict_16_192_64_0p5_0p02_0028_0002.uexp" 7282
"../../../Engine/Content/EngineMaterials/Substrate/GLints/dict_16_192_64_0p5_0p02_0058_0001.uasset" 7283
"../../../Engine/Content/EngineMaterials/Substrate/GLints/dict_16_192_64_0p5_0p02_0058_0001.uexp" 7284
"../../../Engine/Content/EngineMaterials/Substrate/GLints/dict_16_192_64_0p5_0p02_0052_0014.uasset" 7285
"../../../Engine/Content/EngineMaterials/Substrate/GLints/dict_16_192_64_0p5_0p02_0052_0014.uexp" 7286
"../../../Engine/Content/EngineMaterials/Substrate/GLints/dict_16_192_64_0p5_0p02_0020_0005.uasset" 7287
"../../../Engine/Content/EngineMaterials/Substrate/GLints/dict_16_192_64_0p5_0p02_0020_0005.uexp" 7288
"../../../Engine/Content/EngineMaterials/Substrate/GLints/dict_16_192_64_0p5_0p02_0016_0002.uasset" 7289
"../../../Engine/Content/EngineMaterials/Substrate/GLints/dict_16_192_64_0p5_0p02_0016_0002.uexp" 7290
"../../../Engine/Content/EngineMaterials/Substrate/GLints/dict_16_192_64_0p5_0p02_0001_0004.uasset" 7291
"../../../Engine/Content/EngineMaterials/Substrate/GLints/dict_16_192_64_0p5_0p02_0001_0004.uexp" 7292
"../../../Engine/Content/EngineMaterials/Substrate/GLints/dict_16_192_64_0p5_0p02_0048_0010.uasset" 7293
"../../../Engine/Content/EngineMaterials/Substrate/GLints/dict_16_192_64_0p5_0p02_0048_0010.uexp" 7294
"../../../Engine/Content/EngineMaterials/Substrate/GLints/dict_16_192_64_0p5_0p02_0043_0005.uasset" 7295
"../../../Engine/Content/EngineMaterials/Substrate/GLints/dict_16_192_64_0p5_0p02_0043_0005.uexp" 7296
"../../../Engine/Content/EngineMaterials/Substrate/GLints/dict_16_192_64_0p5_0p02_0002_0002.uasset" 7297
"../../../Engine/Content/EngineMaterials/Substrate/GLints/dict_16_192_64_0p5_0p02_0002_0002.uexp" 7298
"../../../Engine/Content/EngineMaterials/Substrate/GLints/dict_16_192_64_0p5_0p02_0019_0001.uasset" 7299
"../../../Engine/Content/EngineMaterials/Substrate/GLints/dict_16_192_64_0p5_0p02_0019_0001.uexp" 7300
"../../../Engine/Content/EngineMaterials/Substrate/GLints/dict_16_192_64_0p5_0p02_0058_0013.uasset" 7301
"../../../Engine/Content/EngineMaterials/Substrate/GLints/dict_16_192_64_0p5_0p02_0058_0013.uexp" 7302
"../../../Engine/Content/EngineMaterials/Substrate/GLints/dict_16_192_64_0p5_0p02_0052_0003.uasset" 7303
"../../../Engine/Content/EngineMaterials/Substrate/GLints/dict_16_192_64_0p5_0p02_0052_0003.uexp" 7304
"../../../Engine/Content/EngineMaterials/Substrate/GLints/dict_16_192_64_0p5_0p02_0038_0001.uasset" 7305
"../../../Engine/Content/EngineMaterials/Substrate/GLints/dict_16_192_64_0p5_0p02_0038_0001.uexp" 7306
"../../../Engine/Content/EngineMaterials/Substrate/GLints/dict_16_192_64_0p5_0p02_0027_0001.uasset" 7307
"../../../Engine/Content/EngineMaterials/Substrate/GLints/dict_16_192_64_0p5_0p02_0027_0001.uexp" 7308
"../../../Engine/Content/EngineMaterials/Substrate/GLints/dict_16_192_64_0p5_0p02_0025_0001.uasset" 7309
"../../../Engine/Content/EngineMaterials/Substrate/GLints/dict_16_192_64_0p5_0p02_0025_0001.uexp" 7310
"../../../Engine/Content/EngineMaterials/Substrate/GLints/dict_16_192_64_0p5_0p02_0063_0006.uasset" 7311
"../../../Engine/Content/EngineMaterials/Substrate/GLints/dict_16_192_64_0p5_0p02_0063_0006.uexp" 7312
"../../../Engine/Content/EngineMaterials/Substrate/GLints/dict_16_192_64_0p5_0p02_0023_0003.uasset" 7313
"../../../Engine/Content/EngineMaterials/Substrate/GLints/dict_16_192_64_0p5_0p02_0023_0003.uexp" 7314
"../../../Engine/Content/EngineMaterials/Substrate/GLints/dict_16_192_64_0p5_0p02_0044_0007.uasset" 7315
"../../../Engine/Content/EngineMaterials/Substrate/GLints/dict_16_192_64_0p5_0p02_0044_0007.uexp" 7316
"../../../Engine/Content/EngineMaterials/Substrate/GLints/dict_16_192_64_0p5_0p02_0005_0015.uasset" 7317
"../../../Engine/Content/EngineMaterials/Substrate/GLints/dict_16_192_64_0p5_0p02_0005_0015.uexp" 7318
"../../../Engine/Content/EngineMaterials/Substrate/GLints/dict_16_192_64_0p5_0p02_0002_0000.uasset" 7319
"../../../Engine/Content/EngineMaterials/Substrate/GLints/dict_16_192_64_0p5_0p02_0002_0000.uexp" 7320
"../../../Engine/Content/EngineMaterials/Substrate/GLints/dict_16_192_64_0p5_0p02_0042_0005.uasset" 7321
"../../../Engine/Content/EngineMaterials/Substrate/GLints/dict_16_192_64_0p5_0p02_0042_0005.uexp" 7322
"../../../Engine/Content/EngineMaterials/Substrate/GLints/dict_16_192_64_0p5_0p02_0008_0001.uasset" 7323
"../../../Engine/Content/EngineMaterials/Substrate/GLints/dict_16_192_64_0p5_0p02_0008_0001.uexp" 7324
"../../../Engine/Content/EngineMaterials/Substrate/GLints/dict_16_192_64_0p5_0p02_0049_0002.uasset" 7325
"../../../Engine/Content/EngineMaterials/Substrate/GLints/dict_16_192_64_0p5_0p02_0049_0002.uexp" 7326
"../../../Engine/Content/EngineMaterials/Substrate/GLints/dict_16_192_64_0p5_0p02_0046_0013.uasset" 7327
"../../../Engine/Content/EngineMaterials/Substrate/GLints/dict_16_192_64_0p5_0p02_0046_0013.uexp" 7328
"../../../Engine/Content/EngineMaterials/Substrate/GLints/dict_16_192_64_0p5_0p02_0033_0012.uasset" 7329
"../../../Engine/Content/EngineMaterials/Substrate/GLints/dict_16_192_64_0p5_0p02_0033_0012.uexp" 7330
"../../../Engine/Content/EngineMaterials/Substrate/GLints/dict_16_192_64_0p5_0p02_0026_0004.uasset" 7331
"../../../Engine/Content/EngineMaterials/Substrate/GLints/dict_16_192_64_0p5_0p02_0026_0004.uexp" 7332
"../../../Engine/Content/EngineMaterials/Substrate/GLints/dict_16_192_64_0p5_0p02_0057_0012.uasset" 7333
"../../../Engine/Content/EngineMaterials/Substrate/GLints/dict_16_192_64_0p5_0p02_0057_0012.uexp" 7334
"../../../Engine/Content/EngineMaterials/Substrate/GLints/dict_16_192_64_0p5_0p02_0028_0011.uasset" 7335
"../../../Engine/Content/EngineMaterials/Substrate/GLints/dict_16_192_64_0p5_0p02_0028_0011.uexp" 7336
"../../../Engine/Content/EngineMaterials/Substrate/GLints/dict_16_192_64_0p5_0p02_0022_0007.uasset" 7337
"../../../Engine/Content/EngineMaterials/Substrate/GLints/dict_16_192_64_0p5_0p02_0022_0007.uexp" 7338
"../../../Engine/Content/EngineMaterials/Substrate/GLints/dict_16_192_64_0p5_0p02_0031_0002.uasset" 7339
"../../../Engine/Content/EngineMaterials/Substrate/GLints/dict_16_192_64_0p5_0p02_0031_0002.uexp" 7340
"../../../Engine/Content/EngineMaterials/Substrate/GLints/dict_16_192_64_0p5_0p02_0028_0007.uasset" 7341
"../../../Engine/Content/EngineMaterials/Substrate/GLints/dict_16_192_64_0p5_0p02_0028_0007.uexp" 7342
"../../../Engine/Content/EngineMaterials/Substrate/GLints/dict_16_192_64_0p5_0p02_0055_0002.uasset" 7343
"../../../Engine/Content/EngineMaterials/Substrate/GLints/dict_16_192_64_0p5_0p02_0055_0002.uexp" 7344
"../../../Engine/Content/EngineMaterials/Substrate/GLints/dict_16_192_64_0p5_0p02_0043_0007.uasset" 7345
"../../../Engine/Content/EngineMaterials/Substrate/GLints/dict_16_192_64_0p5_0p02_0043_0007.uexp" 7346
"../../../Engine/Content/EngineMaterials/Substrate/GLints/dict_16_192_64_0p5_0p02_0014_0011.uasset" 7347
"../../../Engine/Content/EngineMaterials/Substrate/GLints/dict_16_192_64_0p5_0p02_0014_0011.uexp" 7348
"../../../Engine/Content/EngineMaterials/Substrate/GLints/dict_16_192_64_0p5_0p02_0010_0015.uasset" 7349
"../../../Engine/Content/EngineMaterials/Substrate/GLints/dict_16_192_64_0p5_0p02_0010_0015.uexp" 7350
"../../../Engine/Content/EngineMaterials/Substrate/GLints/dict_16_192_64_0p5_0p02_0060_0013.uasset" 7351
"../../../Engine/Content/EngineMaterials/Substrate/GLints/dict_16_192_64_0p5_0p02_0060_0013.uexp" 7352
"../../../Engine/Content/EngineMaterials/Substrate/GLints/dict_16_192_64_0p5_0p02_0032_0007.uasset" 7353
"../../../Engine/Content/EngineMaterials/Substrate/GLints/dict_16_192_64_0p5_0p02_0032_0007.uexp" 7354
"../../../Engine/Content/EngineMaterials/Substrate/GLints/dict_16_192_64_0p5_0p02_0030_0007.uasset" 7355
"../../../Engine/Content/EngineMaterials/Substrate/GLints/dict_16_192_64_0p5_0p02_0030_0007.uexp" 7356
"../../../Engine/Content/EngineMaterials/Substrate/GLints/dict_16_192_64_0p5_0p02_0029_0005.uasset" 7357
"../../../Engine/Content/EngineMaterials/Substrate/GLints/dict_16_192_64_0p5_0p02_0029_0005.uexp" 7358
"../../../Engine/Content/EngineMaterials/Substrate/GLints/dict_16_192_64_0p5_0p02_0059_0012.uasset" 7359
"../../../Engine/Content/EngineMaterials/Substrate/GLints/dict_16_192_64_0p5_0p02_0059_0012.uexp" 7360
"../../../Engine/Content/EngineMaterials/Substrate/GLints/dict_16_192_64_0p5_0p02_0052_0002.uasset" 7361
"../../../Engine/Content/EngineMaterials/Substrate/GLints/dict_16_192_64_0p5_0p02_0052_0002.uexp" 7362
"../../../Engine/Content/EngineMaterials/Substrate/GLints/dict_16_192_64_0p5_0p02_0058_0007.uasset" 7363
"../../../Engine/Content/EngineMaterials/Substrate/GLints/dict_16_192_64_0p5_0p02_0058_0007.uexp" 7364
"../../../Engine/Content/EngineMaterials/Substrate/GLints/dict_16_192_64_0p5_0p02_0024_0001.uasset" 7365
"../../../Engine/Content/EngineMaterials/Substrate/GLints/dict_16_192_64_0p5_0p02_0024_0001.uexp" 7366
"../../../Engine/Content/EngineMaterials/Substrate/GLints/dict_16_192_64_0p5_0p02_0021_0008.uasset" 7367
"../../../Engine/Content/EngineMaterials/Substrate/GLints/dict_16_192_64_0p5_0p02_0021_0008.uexp" 7368
"../../../Engine/Content/EngineMaterials/Substrate/GLints/dict_16_192_64_0p5_0p02_0018_0007.uasset" 7369
"../../../Engine/Content/EngineMaterials/Substrate/GLints/dict_16_192_64_0p5_0p02_0018_0007.uexp" 7370
"../../../Engine/Content/EngineMaterials/Substrate/GLints/dict_16_192_64_0p5_0p02_0046_0012.uasset" 7371
"../../../Engine/Content/EngineMaterials/Substrate/GLints/dict_16_192_64_0p5_0p02_0046_0012.uexp" 7372
"../../../Engine/Content/EngineMaterials/Substrate/GLints/dict_16_192_64_0p5_0p02_0030_0001.uasset" 7373
"../../../Engine/Content/EngineMaterials/Substrate/GLints/dict_16_192_64_0p5_0p02_0030_0001.uexp" 7374
"../../../Engine/Content/EngineMaterials/Substrate/GLints/dict_16_192_64_0p5_0p02_0023_0005.uasset" 7375
"../../../Engine/Content/EngineMaterials/Substrate/GLints/dict_16_192_64_0p5_0p02_0023_0005.uexp" 7376
"../../../Engine/Content/EngineMaterials/Substrate/GLints/dict_16_192_64_0p5_0p02_0008_0009.uasset" 7377
"../../../Engine/Content/EngineMaterials/Substrate/GLints/dict_16_192_64_0p5_0p02_0008_0009.uexp" 7378
"../../../Engine/Content/EngineMaterials/Substrate/GLints/dict_16_192_64_0p5_0p02_0002_0010.uasset" 7379
"../../../Engine/Content/EngineMaterials/Substrate/GLints/dict_16_192_64_0p5_0p02_0002_0010.uexp" 7380
"../../../Engine/Content/EngineMaterials/Substrate/GLints/dict_16_192_64_0p5_0p02_0058_0008.uasset" 7381
"../../../Engine/Content/EngineMaterials/Substrate/GLints/dict_16_192_64_0p5_0p02_0058_0008.uexp" 7382
"../../../Engine/Content/EngineMaterials/Substrate/GLints/dict_16_192_64_0p5_0p02_0051_0008.uasset" 7383
"../../../Engine/Content/EngineMaterials/Substrate/GLints/dict_16_192_64_0p5_0p02_0051_0008.uexp" 7384
"../../../Engine/Content/EngineMaterials/Substrate/GLints/dict_16_192_64_0p5_0p02_0050_0009.uasset" 7385
"../../../Engine/Content/EngineMaterials/Substrate/GLints/dict_16_192_64_0p5_0p02_0050_0009.uexp" 7386
"../../../Engine/Content/EngineMaterials/Substrate/GLints/dict_16_192_64_0p5_0p02_0027_0006.uasset" 7387
"../../../Engine/Content/EngineMaterials/Substrate/GLints/dict_16_192_64_0p5_0p02_0027_0006.uexp" 7388
"../../../Engine/Content/EngineMaterials/Substrate/GLints/dict_16_192_64_0p5_0p02_0028_0006.uasset" 7389
"../../../Engine/Content/EngineMaterials/Substrate/GLints/dict_16_192_64_0p5_0p02_0028_0006.uexp" 7390
"../../../Engine/Content/EngineMaterials/Substrate/GLints/dict_16_192_64_0p5_0p02_0048_0001.uasset" 7391
"../../../Engine/Content/EngineMaterials/Substrate/GLints/dict_16_192_64_0p5_0p02_0048_0001.uexp" 7392
"../../../Engine/Content/EngineMaterials/Substrate/GLints/dict_16_192_64_0p5_0p02_0014_0001.uasset" 7393
"../../../Engine/Content/EngineMaterials/Substrate/GLints/dict_16_192_64_0p5_0p02_0014_0001.uexp" 7394
"../../../Engine/Content/EngineMaterials/Substrate/GLints/dict_16_192_64_0p5_0p02_0001_0014.uasset" 7395
"../../../Engine/Content/EngineMaterials/Substrate/GLints/dict_16_192_64_0p5_0p02_0001_0014.uexp" 7396
"../../../Engine/Content/EngineMaterials/Substrate/GLints/dict_16_192_64_0p5_0p02_0062_0008.uasset" 7397
"../../../Engine/Content/EngineMaterials/Substrate/GLints/dict_16_192_64_0p5_0p02_0062_0008.uexp" 7398
"../../../Engine/Content/EngineMaterials/Substrate/GLints/dict_16_192_64_0p5_0p02_0061_0009.uasset" 7399
"../../../Engine/Content/EngineMaterials/Substrate/GLints/dict_16_192_64_0p5_0p02_0061_0009.uexp" 7400
"../../../Engine/Content/EngineMaterials/Substrate/GLints/dict_16_192_64_0p5_0p02_0022_0013.uasset" 7401
"../../../Engine/Content/EngineMaterials/Substrate/GLints/dict_16_192_64_0p5_0p02_0022_0013.uexp" 7402
"../../../Engine/Content/EngineMaterials/Substrate/GLints/dict_16_192_64_0p5_0p02_0060_0010.uasset" 7403
"../../../Engine/Content/EngineMaterials/Substrate/GLints/dict_16_192_64_0p5_0p02_0060_0010.uexp" 7404
"../../../Engine/Content/EngineMaterials/Substrate/GLints/dict_16_192_64_0p5_0p02_0015_0015.uasset" 7405
"../../../Engine/Content/EngineMaterials/Substrate/GLints/dict_16_192_64_0p5_0p02_0015_0015.uexp" 7406
"../../../Engine/Content/EngineMaterials/Substrate/GLints/dict_16_192_64_0p5_0p02_0034_0004.uasset" 7407
"../../../Engine/Content/EngineMaterials/Substrate/GLints/dict_16_192_64_0p5_0p02_0034_0004.uexp" 7408
"../../../Engine/Content/EngineMaterials/Substrate/GLints/dict_16_192_64_0p5_0p02_0044_0010.uasset" 7409
"../../../Engine/Content/EngineMaterials/Substrate/GLints/dict_16_192_64_0p5_0p02_0044_0010.uexp" 7410
"../../../Engine/Content/EngineMaterials/Substrate/GLints/dict_16_192_64_0p5_0p02_0051_0009.uasset" 7411
"../../../Engine/Content/EngineMaterials/Substrate/GLints/dict_16_192_64_0p5_0p02_0051_0009.uexp" 7412
"../../../Engine/Content/EngineMaterials/Substrate/GLints/dict_16_192_64_0p5_0p02_0036_0005.uasset" 7413
"../../../Engine/Content/EngineMaterials/Substrate/GLints/dict_16_192_64_0p5_0p02_0036_0005.uexp" 7414
"../../../Engine/Content/EngineMaterials/Substrate/GLints/dict_16_192_64_0p5_0p02_0047_0013.uasset" 7415
"../../../Engine/Content/EngineMaterials/Substrate/GLints/dict_16_192_64_0p5_0p02_0047_0013.uexp" 7416
"../../../Engine/Content/EngineMaterials/Substrate/GLints/dict_16_192_64_0p5_0p02_0037_0007.uasset" 7417
"../../../Engine/Content/EngineMaterials/Substrate/GLints/dict_16_192_64_0p5_0p02_0037_0007.uexp" 7418
"../../../Engine/Content/EngineMaterials/Substrate/GLints/dict_16_192_64_0p5_0p02_0018_0009.uasset" 7419
"../../../Engine/Content/EngineMaterials/Substrate/GLints/dict_16_192_64_0p5_0p02_0018_0009.uexp" 7420
"../../../Engine/Content/EngineMaterials/Substrate/GLints/dict_16_192_64_0p5_0p02_0035_0002.uasset" 7421
"../../../Engine/Content/EngineMaterials/Substrate/GLints/dict_16_192_64_0p5_0p02_0035_0002.uexp" 7422
"../../../Engine/Content/EngineMaterials/Substrate/GLints/dict_16_192_64_0p5_0p02_0008_0003.uasset" 7423
"../../../Engine/Content/EngineMaterials/Substrate/GLints/dict_16_192_64_0p5_0p02_0008_0003.uexp" 7424
"../../../Engine/Content/EngineMaterials/Substrate/GLints/dict_16_192_64_0p5_0p02_0022_0001.uasset" 7425
"../../../Engine/Content/EngineMaterials/Substrate/GLints/dict_16_192_64_0p5_0p02_0022_0001.uexp" 7426
"../../../Engine/Content/EngineMaterials/Substrate/GLints/dict_16_192_64_0p5_0p02_0000_0000.uasset" 7427
"../../../Engine/Content/EngineMaterials/Substrate/GLints/dict_16_192_64_0p5_0p02_0000_0000.uexp" 7428
"../../../Engine/Content/EngineMaterials/Substrate/GLints/dict_16_192_64_0p5_0p02_0034_0008.uasset" 7429
"../../../Engine/Content/EngineMaterials/Substrate/GLints/dict_16_192_64_0p5_0p02_0034_0008.uexp" 7430
"../../../Engine/Content/EngineMaterials/Substrate/GLints/dict_16_192_64_0p5_0p02_0017_0003.uasset" 7431
"../../../Engine/Content/EngineMaterials/Substrate/GLints/dict_16_192_64_0p5_0p02_0017_0003.uexp" 7432
"../../../Engine/Content/EngineMaterials/Substrate/GLints/dict_16_192_64_0p5_0p02_0002_0005.uasset" 7433
"../../../Engine/Content/EngineMaterials/Substrate/GLints/dict_16_192_64_0p5_0p02_0002_0005.uexp" 7434
"../../../Engine/Content/EngineMaterials/Substrate/GLints/dict_16_192_64_0p5_0p02_0043_0001.uasset" 7435
"../../../Engine/Content/EngineMaterials/Substrate/GLints/dict_16_192_64_0p5_0p02_0043_0001.uexp" 7436
"../../../Engine/Content/EngineMaterials/Substrate/GLints/dict_16_192_64_0p5_0p02_0026_0006.uasset" 7437
"../../../Engine/Content/EngineMaterials/Substrate/GLints/dict_16_192_64_0p5_0p02_0026_0006.uexp" 7438
"../../../Engine/Content/EngineMaterials/Substrate/GLints/dict_16_192_64_0p5_0p02_0041_0008.uasset" 7439
"../../../Engine/Content/EngineMaterials/Substrate/GLints/dict_16_192_64_0p5_0p02_0041_0008.uexp" 7440
"../../../Engine/Content/EngineMaterials/Substrate/GLints/dict_16_192_64_0p5_0p02_0028_0009.uasset" 7441
"../../../Engine/Content/EngineMaterials/Substrate/GLints/dict_16_192_64_0p5_0p02_0028_0009.uexp" 7442
"../../../Engine/Content/EngineMaterials/Substrate/GLints/dict_16_192_64_0p5_0p02_0049_0007.uasset" 7443
"../../../Engine/Content/EngineMaterials/Substrate/GLints/dict_16_192_64_0p5_0p02_0049_0007.uexp" 7444
"../../../Engine/Content/EngineMaterials/Substrate/GLints/dict_16_192_64_0p5_0p02_0021_0010.uasset" 7445
"../../../Engine/Content/EngineMaterials/Substrate/GLints/dict_16_192_64_0p5_0p02_0021_0010.uexp" 7446
"../../../Engine/Content/EngineMaterials/Substrate/GLints/dict_16_192_64_0p5_0p02_0015_0000.uasset" 7447
"../../../Engine/Content/EngineMaterials/Substrate/GLints/dict_16_192_64_0p5_0p02_0015_0000.uexp" 7448
"../../../Engine/Content/EngineMaterials/Substrate/GLints/dict_16_192_64_0p5_0p02_0046_0008.uasset" 7449
"../../../Engine/Content/EngineMaterials/Substrate/GLints/dict_16_192_64_0p5_0p02_0046_0008.uexp" 7450
"../../../Engine/Content/EngineMaterials/Substrate/GLints/dict_16_192_64_0p5_0p02_0052_0012.uasset" 7451
"../../../Engine/Content/EngineMaterials/Substrate/GLints/dict_16_192_64_0p5_0p02_0052_0012.uexp" 7452
"../../../Engine/Content/EngineMaterials/Substrate/GLints/dict_16_192_64_0p5_0p02_0040_0011.uasset" 7453
"../../../Engine/Content/EngineMaterials/Substrate/GLints/dict_16_192_64_0p5_0p02_0040_0011.uexp" 7454
"../../../Engine/Content/EngineMaterials/Substrate/GLints/dict_16_192_64_0p5_0p02_0023_0012.uasset" 7455
"../../../Engine/Content/EngineMaterials/Substrate/GLints/dict_16_192_64_0p5_0p02_0023_0012.uexp" 7456
"../../../Engine/Content/EngineMaterials/Substrate/GLints/dict_16_192_64_0p5_0p02_0019_0003.uasset" 7457
"../../../Engine/Content/EngineMaterials/Substrate/GLints/dict_16_192_64_0p5_0p02_0019_0003.uexp" 7458
"../../../Engine/Content/EngineMaterials/Substrate/GLints/dict_16_192_64_0p5_0p02_0005_0007.uasset" 7459
"../../../Engine/Content/EngineMaterials/Substrate/GLints/dict_16_192_64_0p5_0p02_0005_0007.uexp" 7460
"../../../Engine/Content/EngineMaterials/Substrate/GLints/dict_16_192_64_0p5_0p02_0032_0009.uasset" 7461
"../../../Engine/Content/EngineMaterials/Substrate/GLints/dict_16_192_64_0p5_0p02_0032_0009.uexp" 7462
"../../../Engine/Content/EngineMaterials/Substrate/GLints/dict_16_192_64_0p5_0p02_0031_0001.uasset" 7463
"../../../Engine/Content/EngineMaterials/Substrate/GLints/dict_16_192_64_0p5_0p02_0031_0001.uexp" 7464
"../../../Engine/Content/EngineMaterials/Substrate/GLints/dict_16_192_64_0p5_0p02_0056_0010.uasset" 7465
"../../../Engine/Content/EngineMaterials/Substrate/GLints/dict_16_192_64_0p5_0p02_0056_0010.uexp" 7466
"../../../Engine/Content/EngineMaterials/Substrate/GLints/dict_16_192_64_0p5_0p02_0051_0000.uasset" 7467
"../../../Engine/Content/EngineMaterials/Substrate/GLints/dict_16_192_64_0p5_0p02_0051_0000.uexp" 7468
"../../../Engine/Content/EngineMaterials/Substrate/GLints/dict_16_192_64_0p5_0p02_0047_0014.uasset" 7469
"../../../Engine/Content/EngineMaterials/Substrate/GLints/dict_16_192_64_0p5_0p02_0047_0014.uexp" 7470
"../../../Engine/Content/EngineMaterials/Substrate/GLints/dict_16_192_64_0p5_0p02_0041_0014.uasset" 7471
"../../../Engine/Content/EngineMaterials/Substrate/GLints/dict_16_192_64_0p5_0p02_0041_0014.uexp" 7472
"../../../Engine/Content/EngineMaterials/Substrate/GLints/dict_16_192_64_0p5_0p02_0046_0007.uasset" 7473
"../../../Engine/Content/EngineMaterials/Substrate/GLints/dict_16_192_64_0p5_0p02_0046_0007.uexp" 7474
"../../../Engine/Content/EngineMaterials/Substrate/GLints/dict_16_192_64_0p5_0p02_0037_0001.uasset" 7475
"../../../Engine/Content/EngineMaterials/Substrate/GLints/dict_16_192_64_0p5_0p02_0037_0001.uexp" 7476
"../../../Engine/Content/EngineMaterials/Substrate/GLints/dict_16_192_64_0p5_0p02_0022_0008.uasset" 7477
"../../../Engine/Content/EngineMaterials/Substrate/GLints/dict_16_192_64_0p5_0p02_0022_0008.uexp" 7478
"../../../Engine/Content/EngineMaterials/Substrate/GLints/dict_16_192_64_0p5_0p02_0004_0003.uasset" 7479
"../../../Engine/Content/EngineMaterials/Substrate/GLints/dict_16_192_64_0p5_0p02_0004_0003.uexp" 7480
"../../../Engine/Content/EngineMaterials/Substrate/GLints/dict_16_192_64_0p5_0p02_0038_0013.uasset" 7481
"../../../Engine/Content/EngineMaterials/Substrate/GLints/dict_16_192_64_0p5_0p02_0038_0013.uexp" 7482
"../../../Engine/Content/EngineMaterials/Substrate/GLints/dict_16_192_64_0p5_0p02_0045_0006.uasset" 7483
"../../../Engine/Content/EngineMaterials/Substrate/GLints/dict_16_192_64_0p5_0p02_0045_0006.uexp" 7484
"../../../Engine/Content/EngineMaterials/Substrate/GLints/dict_16_192_64_0p5_0p02_0063_0002.uasset" 7485
"../../../Engine/Content/EngineMaterials/Substrate/GLints/dict_16_192_64_0p5_0p02_0063_0002.uexp" 7486
"../../../Engine/Content/EngineMaterials/Substrate/GLints/dict_16_192_64_0p5_0p02_0021_0001.uasset" 7487
"../../../Engine/Content/EngineMaterials/Substrate/GLints/dict_16_192_64_0p5_0p02_0021_0001.uexp" 7488
"../../../Engine/Content/EngineMaterials/Substrate/GLints/dict_16_192_64_0p5_0p02_0062_0013.uasset" 7489
"../../../Engine/Content/EngineMaterials/Substrate/GLints/dict_16_192_64_0p5_0p02_0062_0013.uexp" 7490
"../../../Engine/Content/EngineMaterials/Substrate/GLints/dict_16_192_64_0p5_0p02_0056_0000.uasset" 7491
"../../../Engine/Content/EngineMaterials/Substrate/GLints/dict_16_192_64_0p5_0p02_0056_0000.uexp" 7492
"../../../Engine/Content/EngineMaterials/Substrate/GLints/dict_16_192_64_0p5_0p02_0053_0003.uasset" 7493
"../../../Engine/Content/EngineMaterials/Substrate/GLints/dict_16_192_64_0p5_0p02_0053_0003.uexp" 7494
"../../../Engine/Content/EngineMaterials/Substrate/GLints/dict_16_192_64_0p5_0p02_0022_0012.uasset" 7495
"../../../Engine/Content/EngineMaterials/Substrate/GLints/dict_16_192_64_0p5_0p02_0022_0012.uexp" 7496
"../../../Engine/Content/EngineMaterials/Substrate/GLints/dict_16_192_64_0p5_0p02_0000_0013.uasset" 7497
"../../../Engine/Content/EngineMaterials/Substrate/GLints/dict_16_192_64_0p5_0p02_0000_0013.uexp" 7498
"../../../Engine/Content/EngineMaterials/Substrate/GLints/dict_16_192_64_0p5_0p02_0062_0007.uasset" 7499
"../../../Engine/Content/EngineMaterials/Substrate/GLints/dict_16_192_64_0p5_0p02_0062_0007.uexp" 7500
"../../../Engine/Content/EngineMaterials/Substrate/GLints/dict_16_192_64_0p5_0p02_0055_0001.uasset" 7501
"../../../Engine/Content/EngineMaterials/Substrate/GLints/dict_16_192_64_0p5_0p02_0055_0001.uexp" 7502
"../../../Engine/Content/EngineMaterials/Substrate/GLints/dict_16_192_64_0p5_0p02_0051_0012.uasset" 7503
"../../../Engine/Content/EngineMaterials/Substrate/GLints/dict_16_192_64_0p5_0p02_0051_0012.uexp" 7504
"../../../Engine/Content/EngineMaterials/Substrate/GLints/dict_16_192_64_0p5_0p02_0019_0010.uasset" 7505
"../../../Engine/Content/EngineMaterials/Substrate/GLints/dict_16_192_64_0p5_0p02_0019_0010.uexp" 7506
"../../../Engine/Content/EngineMaterials/Substrate/GLints/dict_16_192_64_0p5_0p02_0005_0008.uasset" 7507
"../../../Engine/Content/EngineMaterials/Substrate/GLints/dict_16_192_64_0p5_0p02_0005_0008.uexp" 7508
"../../../Engine/Content/EngineMaterials/Substrate/GLints/dict_16_192_64_0p5_0p02_0004_0010.uasset" 7509
"../../../Engine/Content/EngineMaterials/Substrate/GLints/dict_16_192_64_0p5_0p02_0004_0010.uexp" 7510
"../../../Engine/Content/EngineMaterials/Substrate/GLints/dict_16_192_64_0p5_0p02_0057_0002.uasset" 7511
"../../../Engine/Content/EngineMaterials/Substrate/GLints/dict_16_192_64_0p5_0p02_0057_0002.uexp" 7512
"../../../Engine/Content/EngineMaterials/Substrate/GLints/dict_16_192_64_0p5_0p02_0020_0006.uasset" 7513
"../../../Engine/Content/EngineMaterials/Substrate/GLints/dict_16_192_64_0p5_0p02_0020_0006.uexp" 7514
"../../../Engine/Content/EngineMaterials/Substrate/GLints/dict_16_192_64_0p5_0p02_0062_0004.uasset" 7515
"../../../Engine/Content/EngineMaterials/Substrate/GLints/dict_16_192_64_0p5_0p02_0062_0004.uexp" 7516
"../../../Engine/Content/EngineMaterials/Substrate/GLints/dict_16_192_64_0p5_0p02_0039_0015.uasset" 7517
"../../../Engine/Content/EngineMaterials/Substrate/GLints/dict_16_192_64_0p5_0p02_0039_0015.uexp" 7518
"../../../Engine/Content/EngineMaterials/Substrate/GLints/dict_16_192_64_0p5_0p02_0041_0011.uasset" 7519
"../../../Engine/Content/EngineMaterials/Substrate/GLints/dict_16_192_64_0p5_0p02_0041_0011.uexp" 7520
"../../../Engine/Content/EngineMaterials/Substrate/GLints/dict_16_192_64_0p5_0p02_0032_0000.uasset" 7521
"../../../Engine/Content/EngineMaterials/Substrate/GLints/dict_16_192_64_0p5_0p02_0032_0000.uexp" 7522
"../../../Engine/Content/EngineMaterials/Substrate/GLints/dict_16_192_64_0p5_0p02_0030_0012.uasset" 7523
"../../../Engine/Content/EngineMaterials/Substrate/GLints/dict_16_192_64_0p5_0p02_0030_0012.uexp" 7524
"../../../Engine/Content/EngineMaterials/Substrate/GLints/dict_16_192_64_0p5_0p02_0016_0013.uasset" 7525
"../../../Engine/Content/EngineMaterials/Substrate/GLints/dict_16_192_64_0p5_0p02_0016_0013.uexp" 7526
"../../../Engine/Content/EngineMaterials/Substrate/GLints/dict_16_192_64_0p5_0p02_0009_0002.uasset" 7527
"../../../Engine/Content/EngineMaterials/Substrate/GLints/dict_16_192_64_0p5_0p02_0009_0002.uexp" 7528
"../../../Engine/Content/EngineMaterials/Substrate/GLints/dict_16_192_64_0p5_0p02_0039_0004.uasset" 7529
"../../../Engine/Content/EngineMaterials/Substrate/GLints/dict_16_192_64_0p5_0p02_0039_0004.uexp" 7530
"../../../Engine/Content/EngineMaterials/Substrate/GLints/dict_16_192_64_0p5_0p02_0003_0002.uasset" 7531
"../../../Engine/Content/EngineMaterials/Substrate/GLints/dict_16_192_64_0p5_0p02_0003_0002.uexp" 7532
"../../../Engine/Content/EngineMaterials/Substrate/GLints/dict_16_192_64_0p5_0p02_0004_0015.uasset" 7533
"../../../Engine/Content/EngineMaterials/Substrate/GLints/dict_16_192_64_0p5_0p02_0004_0015.uexp" 7534
"../../../Engine/Content/EngineMaterials/Substrate/GLints/dict_16_192_64_0p5_0p02_0030_0004.uasset" 7535
"../../../Engine/Content/EngineMaterials/Substrate/GLints/dict_16_192_64_0p5_0p02_0030_0004.uexp" 7536
"../../../Engine/Content/EngineMaterials/Substrate/GLints/dict_16_192_64_0p5_0p02_0045_0007.uasset" 7537
"../../../Engine/Content/EngineMaterials/Substrate/GLints/dict_16_192_64_0p5_0p02_0045_0007.uexp" 7538
"../../../Engine/Content/EngineMaterials/Substrate/GLints/dict_16_192_64_0p5_0p02_0053_0009.uasset" 7539
"../../../Engine/Content/EngineMaterials/Substrate/GLints/dict_16_192_64_0p5_0p02_0053_0009.uexp" 7540
"../../../Engine/Content/EngineMaterials/Substrate/GLints/dict_16_192_64_0p5_0p02_0044_0002.uasset" 7541
"../../../Engine/Content/EngineMaterials/Substrate/GLints/dict_16_192_64_0p5_0p02_0044_0002.uexp" 7542
"../../../Engine/Content/EngineMaterials/Substrate/GLints/dict_16_192_64_0p5_0p02_0050_0005.uasset" 7543
"../../../Engine/Content/EngineMaterials/Substrate/GLints/dict_16_192_64_0p5_0p02_0050_0005.uexp" 7544
"../../../Engine/Content/EngineMaterials/Substrate/GLints/dict_16_192_64_0p5_0p02_0018_0013.uasset" 7545
"../../../Engine/Content/EngineMaterials/Substrate/GLints/dict_16_192_64_0p5_0p02_0018_0013.uexp" 7546
"../../../Engine/Content/EngineMaterials/Substrate/GLints/dict_16_192_64_0p5_0p02_0040_0015.uasset" 7547
"../../../Engine/Content/EngineMaterials/Substrate/GLints/dict_16_192_64_0p5_0p02_0040_0015.uexp" 7548
"../../../Engine/Content/EngineMaterials/Substrate/GLints/dict_16_192_64_0p5_0p02_0033_0010.uasset" 7549
"../../../Engine/Content/EngineMaterials/Substrate/GLints/dict_16_192_64_0p5_0p02_0033_0010.uexp" 7550
"../../../Engine/Content/EngineMaterials/Substrate/GLints/dict_16_192_64_0p5_0p02_0055_0008.uasset" 7551
"../../../Engine/Content/EngineMaterials/Substrate/GLints/dict_16_192_64_0p5_0p02_0055_0008.uexp" 7552
"../../../Engine/Content/EngineMaterials/Substrate/GLints/dict_16_192_64_0p5_0p02_0048_0014.uasset" 7553
"../../../Engine/Content/EngineMaterials/Substrate/GLints/dict_16_192_64_0p5_0p02_0048_0014.uexp" 7554
"../../../Engine/Content/EngineMaterials/Substrate/GLints/dict_16_192_64_0p5_0p02_0000_0014.uasset" 7555
"../../../Engine/Content/EngineMaterials/Substrate/GLints/dict_16_192_64_0p5_0p02_0000_0014.uexp" 7556
"../../../Engine/Content/EngineMaterials/Substrate/GLints/dict_16_192_64_0p5_0p02_0050_0011.uasset" 7557
"../../../Engine/Content/EngineMaterials/Substrate/GLints/dict_16_192_64_0p5_0p02_0050_0011.uexp" 7558
"../../../Engine/Content/EngineMaterials/Substrate/GLints/dict_16_192_64_0p5_0p02_0055_0009.uasset" 7559
"../../../Engine/Content/EngineMaterials/Substrate/GLints/dict_16_192_64_0p5_0p02_0055_0009.uexp" 7560
"../../../Engine/Content/EngineMaterials/Substrate/GLints/dict_16_192_64_0p5_0p02_0030_0002.uasset" 7561
"../../../Engine/Content/EngineMaterials/Substrate/GLints/dict_16_192_64_0p5_0p02_0030_0002.uexp" 7562
"../../../Engine/Content/EngineMaterials/Substrate/GLints/dict_16_192_64_0p5_0p02_0060_0014.uasset" 7563
"../../../Engine/Content/EngineMaterials/Substrate/GLints/dict_16_192_64_0p5_0p02_0060_0014.uexp" 7564
"../../../Engine/Content/EngineMaterials/Substrate/GLints/dict_16_192_64_0p5_0p02_0037_0014.uasset" 7565
"../../../Engine/Content/EngineMaterials/Substrate/GLints/dict_16_192_64_0p5_0p02_0037_0014.uexp" 7566
"../../../Engine/Content/EngineMaterials/Substrate/GLints/dict_16_192_64_0p5_0p02_0044_0009.uasset" 7567
"../../../Engine/Content/EngineMaterials/Substrate/GLints/dict_16_192_64_0p5_0p02_0044_0009.uexp" 7568
"../../../Engine/Content/EngineMaterials/Substrate/GLints/dict_16_192_64_0p5_0p02_0038_0003.uasset" 7569
"../../../Engine/Content/EngineMaterials/Substrate/GLints/dict_16_192_64_0p5_0p02_0038_0003.uexp" 7570
"../../../Engine/Content/EngineMaterials/Substrate/GLints/dict_16_192_64_0p5_0p02_0035_0011.uasset" 7571
"../../../Engine/Content/EngineMaterials/Substrate/GLints/dict_16_192_64_0p5_0p02_0035_0011.uexp" 7572
"../../../Engine/Content/EngineMaterials/Substrate/GLints/dict_16_192_64_0p5_0p02_0014_0003.uasset" 7573
"../../../Engine/Content/EngineMaterials/Substrate/GLints/dict_16_192_64_0p5_0p02_0014_0003.uexp" 7574
"../../../Engine/Content/EngineMaterials/Substrate/GLints/dict_16_192_64_0p5_0p02_0053_0008.uasset" 7575
"../../../Engine/Content/EngineMaterials/Substrate/GLints/dict_16_192_64_0p5_0p02_0053_0008.uexp" 7576
"../../../Engine/Content/EngineMaterials/Substrate/GLints/dict_16_192_64_0p5_0p02_0013_0000.uasset" 7577
"../../../Engine/Content/EngineMaterials/Substrate/GLints/dict_16_192_64_0p5_0p02_0013_0000.uexp" 7578
"../../../Engine/Content/EngineMaterials/Substrate/GLints/dict_16_192_64_0p5_0p02_0026_0015.uasset" 7579
"../../../Engine/Content/EngineMaterials/Substrate/GLints/dict_16_192_64_0p5_0p02_0026_0015.uexp" 7580
"../../../Engine/Content/EngineMaterials/Substrate/GLints/dict_16_192_64_0p5_0p02_0009_0000.uasset" 7581
"../../../Engine/Content/EngineMaterials/Substrate/GLints/dict_16_192_64_0p5_0p02_0009_0000.uexp" 7582
"../../../Engine/Content/EngineMaterials/Substrate/GLints/dict_16_192_64_0p5_0p02_0045_0001.uasset" 7583
"../../../Engine/Content/EngineMaterials/Substrate/GLints/dict_16_192_64_0p5_0p02_0045_0001.uexp" 7584
"../../../Engine/Content/EngineMaterials/Substrate/GLints/dict_16_192_64_0p5_0p02_0009_0010.uasset" 7585
"../../../Engine/Content/EngineMaterials/Substrate/GLints/dict_16_192_64_0p5_0p02_0009_0010.uexp" 7586
"../../../Engine/Content/EngineMaterials/Substrate/GLints/dict_16_192_64_0p5_0p02_0021_0013.uasset" 7587
"../../../Engine/Content/EngineMaterials/Substrate/GLints/dict_16_192_64_0p5_0p02_0021_0013.uexp" 7588
"../../../Engine/Content/EngineMaterials/Substrate/GLints/dict_16_192_64_0p5_0p02_0032_0008.uasset" 7589
"../../../Engine/Content/EngineMaterials/Substrate/GLints/dict_16_192_64_0p5_0p02_0032_0008.uexp" 7590
"../../../Engine/Content/EngineMaterials/Substrate/GLints/dict_16_192_64_0p5_0p02_0015_0010.uasset" 7591
"../../../Engine/Content/EngineMaterials/Substrate/GLints/dict_16_192_64_0p5_0p02_0015_0010.uexp" 7592
"../../../Engine/Content/EngineMaterials/Substrate/GLints/dict_16_192_64_0p5_0p02_0007_0010.uasset" 7593
"../../../Engine/Content/EngineMaterials/Substrate/GLints/dict_16_192_64_0p5_0p02_0007_0010.uexp" 7594
"../../../Engine/Content/EngineMaterials/Substrate/GLints/dict_16_192_64_0p5_0p02_0031_0007.uasset" 7595
"../../../Engine/Content/EngineMaterials/Substrate/GLints/dict_16_192_64_0p5_0p02_0031_0007.uexp" 7596
"../../../Engine/Content/EngineMaterials/Substrate/GLints/dict_16_192_64_0p5_0p02_0054_0014.uasset" 7597
"../../../Engine/Content/EngineMaterials/Substrate/GLints/dict_16_192_64_0p5_0p02_0054_0014.uexp" 7598
"../../../Engine/Content/EngineMaterials/Substrate/GLints/dict_16_192_64_0p5_0p02_0044_0015.uasset" 7599
"../../../Engine/Content/EngineMaterials/Substrate/GLints/dict_16_192_64_0p5_0p02_0044_0015.uexp" 7600
"../../../Engine/Content/EngineMaterials/Substrate/GLints/dict_16_192_64_0p5_0p02_0021_0009.uasset" 7601
"../../../Engine/Content/EngineMaterials/Substrate/GLints/dict_16_192_64_0p5_0p02_0021_0009.uexp" 7602
"../../../Engine/Content/EngineMaterials/Substrate/GLints/dict_16_192_64_0p5_0p02_0006_0010.uasset" 7603
"../../../Engine/Content/EngineMaterials/Substrate/GLints/dict_16_192_64_0p5_0p02_0006_0010.uexp" 7604
"../../../Engine/Content/EngineMaterials/Substrate/GLints/dict_16_192_64_0p5_0p02_0034_0013.uasset" 7605
"../../../Engine/Content/EngineMaterials/Substrate/GLints/dict_16_192_64_0p5_0p02_0034_0013.uexp" 7606
"../../../Engine/Content/EngineMaterials/Substrate/GLints/dict_16_192_64_0p5_0p02_0003_0012.uasset" 7607
"../../../Engine/Content/EngineMaterials/Substrate/GLints/dict_16_192_64_0p5_0p02_0003_0012.uexp" 7608
"../../../Engine/Content/EngineMaterials/Substrate/GLints/dict_16_192_64_0p5_0p02_0044_0006.uasset" 7609
"../../../Engine/Content/EngineMaterials/Substrate/GLints/dict_16_192_64_0p5_0p02_0044_0006.uexp" 7610
"../../../Engine/Content/EngineMaterials/Substrate/GLints/dict_16_192_64_0p5_0p02_0036_0009.uasset" 7611
"../../../Engine/Content/EngineMaterials/Substrate/GLints/dict_16_192_64_0p5_0p02_0036_0009.uexp" 7612
"../../../Engine/Content/EngineMaterials/Substrate/GLints/dict_16_192_64_0p5_0p02_0026_0001.uasset" 7613
"../../../Engine/Content/EngineMaterials/Substrate/GLints/dict_16_192_64_0p5_0p02_0026_0001.uexp" 7614
"../../../Engine/Content/EngineMaterials/Substrate/GLints/dict_16_192_64_0p5_0p02_0016_0001.uasset" 7615
"../../../Engine/Content/EngineMaterials/Substrate/GLints/dict_16_192_64_0p5_0p02_0016_0001.uexp" 7616
"../../../Engine/Content/EngineMaterials/Substrate/GLints/dict_16_192_64_0p5_0p02_0021_0007.uasset" 7617
"../../../Engine/Content/EngineMaterials/Substrate/GLints/dict_16_192_64_0p5_0p02_0021_0007.uexp" 7618
"../../../Engine/Content/EngineMaterials/Substrate/GLints/dict_16_192_64_0p5_0p02_0059_0006.uasset" 7619
"../../../Engine/Content/EngineMaterials/Substrate/GLints/dict_16_192_64_0p5_0p02_0059_0006.uexp" 7620
"../../../Engine/Content/EngineMaterials/Substrate/GLints/dict_16_192_64_0p5_0p02_0042_0015.uasset" 7621
"../../../Engine/Content/EngineMaterials/Substrate/GLints/dict_16_192_64_0p5_0p02_0042_0015.uexp" 7622
"../../../Engine/Content/EngineMaterials/Substrate/GLints/dict_16_192_64_0p5_0p02_0042_0010.uasset" 7623
"../../../Engine/Content/EngineMaterials/Substrate/GLints/dict_16_192_64_0p5_0p02_0042_0010.uexp" 7624
"../../../Engine/Content/EngineMaterials/Substrate/GLints/dict_16_192_64_0p5_0p02_0027_0012.uasset" 7625
"../../../Engine/Content/EngineMaterials/Substrate/GLints/dict_16_192_64_0p5_0p02_0027_0012.uexp" 7626
"../../../Engine/Content/EngineMaterials/Substrate/GLints/dict_16_192_64_0p5_0p02_0031_0012.uasset" 7627
"../../../Engine/Content/EngineMaterials/Substrate/GLints/dict_16_192_64_0p5_0p02_0031_0012.uexp" 7628
"../../../Engine/Content/EngineMaterials/Substrate/GLints/dict_16_192_64_0p5_0p02_0037_0008.uasset" 7629
"../../../Engine/Content/EngineMaterials/Substrate/GLints/dict_16_192_64_0p5_0p02_0037_0008.uexp" 7630
"../../../Engine/Content/EngineMaterials/Substrate/GLints/dict_16_192_64_0p5_0p02_0014_0013.uasset" 7631
"../../../Engine/Content/EngineMaterials/Substrate/GLints/dict_16_192_64_0p5_0p02_0014_0013.uexp" 7632
"../../../Engine/Content/EngineMaterials/Substrate/GLints/dict_16_192_64_0p5_0p02_0002_0014.uasset" 7633
"../../../Engine/Content/EngineMaterials/Substrate/GLints/dict_16_192_64_0p5_0p02_0002_0014.uexp" 7634
"../../../Engine/Content/EngineMaterials/Substrate/GLints/dict_16_192_64_0p5_0p02_0002_0009.uasset" 7635
"../../../Engine/Content/EngineMaterials/Substrate/GLints/dict_16_192_64_0p5_0p02_0002_0009.uexp" 7636
"../../../Engine/Content/EngineMaterials/Substrate/GLints/dict_16_192_64_0p5_0p02_0048_0009.uasset" 7637
"../../../Engine/Content/EngineMaterials/Substrate/GLints/dict_16_192_64_0p5_0p02_0048_0009.uexp" 7638
"../../../Engine/Content/EngineMaterials/Substrate/GLints/dict_16_192_64_0p5_0p02_0053_0011.uasset" 7639
"../../../Engine/Content/EngineMaterials/Substrate/GLints/dict_16_192_64_0p5_0p02_0053_0011.uexp" 7640
"../../../Engine/Content/EngineMaterials/Substrate/GLints/dict_16_192_64_0p5_0p02_0013_0006.uasset" 7641
"../../../Engine/Content/EngineMaterials/Substrate/GLints/dict_16_192_64_0p5_0p02_0013_0006.uexp" 7642
"../../../Engine/Content/EngineMaterials/Substrate/GLints/dict_16_192_64_0p5_0p02_0018_0005.uasset" 7643
"../../../Engine/Content/EngineMaterials/Substrate/GLints/dict_16_192_64_0p5_0p02_0018_0005.uexp" 7644
"../../../Engine/Content/EngineMaterials/Substrate/GLints/dict_16_192_64_0p5_0p02_0040_0010.uasset" 7645
"../../../Engine/Content/EngineMaterials/Substrate/GLints/dict_16_192_64_0p5_0p02_0040_0010.uexp" 7646
"../../../Engine/Content/EngineMaterials/Substrate/GLints/dict_16_192_64_0p5_0p02_0027_0009.uasset" 7647
"../../../Engine/Content/EngineMaterials/Substrate/GLints/dict_16_192_64_0p5_0p02_0027_0009.uexp" 7648
"../../../Engine/Content/EngineMaterials/Substrate/GLints/dict_16_192_64_0p5_0p02_0051_0002.uasset" 7649
"../../../Engine/Content/EngineMaterials/Substrate/GLints/dict_16_192_64_0p5_0p02_0051_0002.uexp" 7650
"../../../Engine/Content/EngineMaterials/Substrate/GLints/dict_16_192_64_0p5_0p02_0011_0009.uasset" 7651
"../../../Engine/Content/EngineMaterials/Substrate/GLints/dict_16_192_64_0p5_0p02_0011_0009.uexp" 7652
"../../../Engine/Content/EngineMaterials/Substrate/GLints/dict_16_192_64_0p5_0p02_0050_0012.uasset" 7653
"../../../Engine/Content/EngineMaterials/Substrate/GLints/dict_16_192_64_0p5_0p02_0050_0012.uexp" 7654
"../../../Engine/Content/EngineMaterials/Substrate/GLints/dict_16_192_64_0p5_0p02_0035_0007.uasset" 7655
"../../../Engine/Content/EngineMaterials/Substrate/GLints/dict_16_192_64_0p5_0p02_0035_0007.uexp" 7656
"../../../Engine/Content/EngineMaterials/Substrate/GLints/dict_16_192_64_0p5_0p02_0001_0010.uasset" 7657
"../../../Engine/Content/EngineMaterials/Substrate/GLints/dict_16_192_64_0p5_0p02_0001_0010.uexp" 7658
"../../../Engine/Content/EngineMaterials/Substrate/GLints/dict_16_192_64_0p5_0p02_0000_0005.uasset" 7659
"../../../Engine/Content/EngineMaterials/Substrate/GLints/dict_16_192_64_0p5_0p02_0000_0005.uexp" 7660
"../../../Engine/Content/EngineMaterials/Substrate/GLints/dict_16_192_64_0p5_0p02_0054_0009.uasset" 7661
"../../../Engine/Content/EngineMaterials/Substrate/GLints/dict_16_192_64_0p5_0p02_0054_0009.uexp" 7662
"../../../Engine/Content/EngineMaterials/Substrate/GLints/dict_16_192_64_0p5_0p02_0048_0012.uasset" 7663
"../../../Engine/Content/EngineMaterials/Substrate/GLints/dict_16_192_64_0p5_0p02_0048_0012.uexp" 7664
"../../../Engine/Content/EngineMaterials/Substrate/GLints/dict_16_192_64_0p5_0p02_0028_0004.uasset" 7665
"../../../Engine/Content/EngineMaterials/Substrate/GLints/dict_16_192_64_0p5_0p02_0028_0004.uexp" 7666
"../../../Engine/Content/EngineMaterials/Substrate/GLints/dict_16_192_64_0p5_0p02_0009_0011.uasset" 7667
"../../../Engine/Content/EngineMaterials/Substrate/GLints/dict_16_192_64_0p5_0p02_0009_0011.uexp" 7668
"../../../Engine/Content/EngineMaterials/Substrate/GLints/dict_16_192_64_0p5_0p02_0009_0006.uasset" 7669
"../../../Engine/Content/EngineMaterials/Substrate/GLints/dict_16_192_64_0p5_0p02_0009_0006.uexp" 7670
"../../../Engine/Content/EngineMaterials/Substrate/GLints/dict_16_192_64_0p5_0p02_0009_0001.uasset" 7671
"../../../Engine/Content/EngineMaterials/Substrate/GLints/dict_16_192_64_0p5_0p02_0009_0001.uexp" 7672
"../../../Engine/Content/EngineMaterials/Substrate/GLints/dict_16_192_64_0p5_0p02_0020_0000.uasset" 7673
"../../../Engine/Content/EngineMaterials/Substrate/GLints/dict_16_192_64_0p5_0p02_0020_0000.uexp" 7674
"../../../Engine/Content/EngineMaterials/Substrate/GLints/dict_16_192_64_0p5_0p02_0010_0007.uasset" 7675
"../../../Engine/Content/EngineMaterials/Substrate/GLints/dict_16_192_64_0p5_0p02_0010_0007.uexp" 7676
"../../../Engine/Content/EngineMaterials/Substrate/GLints/dict_16_192_64_0p5_0p02_0042_0011.uasset" 7677
"../../../Engine/Content/EngineMaterials/Substrate/GLints/dict_16_192_64_0p5_0p02_0042_0011.uexp" 7678
"../../../Engine/Content/EngineMaterials/Substrate/GLints/dict_16_192_64_0p5_0p02_0001_0007.uasset" 7679
"../../../Engine/Content/EngineMaterials/Substrate/GLints/dict_16_192_64_0p5_0p02_0001_0007.uexp" 7680
"../../../Engine/Content/EngineMaterials/Substrate/GLints/dict_16_192_64_0p5_0p02_0036_0014.uasset" 7681
"../../../Engine/Content/EngineMaterials/Substrate/GLints/dict_16_192_64_0p5_0p02_0036_0014.uexp" 7682
"../../../Engine/Content/EngineMaterials/Substrate/GLints/dict_16_192_64_0p5_0p02_0033_0002.uasset" 7683
"../../../Engine/Content/EngineMaterials/Substrate/GLints/dict_16_192_64_0p5_0p02_0033_0002.uexp" 7684
"../../../Engine/Content/EngineMaterials/Substrate/GLints/dict_16_192_64_0p5_0p02_0037_0004.uasset" 7685
"../../../Engine/Content/EngineMaterials/Substrate/GLints/dict_16_192_64_0p5_0p02_0037_0004.uexp" 7686
"../../../Engine/Content/EngineMaterials/Substrate/GLints/dict_16_192_64_0p5_0p02_0022_0015.uasset" 7687
"../../../Engine/Content/EngineMaterials/Substrate/GLints/dict_16_192_64_0p5_0p02_0022_0015.uexp" 7688
"../../../Engine/Content/EngineMaterials/Substrate/GLints/dict_16_192_64_0p5_0p02_0029_0015.uasset" 7689
"../../../Engine/Content/EngineMaterials/Substrate/GLints/dict_16_192_64_0p5_0p02_0029_0015.uexp" 7690
"../../../Engine/Content/EngineMaterials/Substrate/GLints/dict_16_192_64_0p5_0p02_0019_0006.uasset" 7691
"../../../Engine/Content/EngineMaterials/Substrate/GLints/dict_16_192_64_0p5_0p02_0019_0006.uexp" 7692
"../../../Engine/Content/EngineMaterials/Substrate/GLints/dict_16_192_64_0p5_0p02_0000_0008.uasset" 7693
"../../../Engine/Content/EngineMaterials/Substrate/GLints/dict_16_192_64_0p5_0p02_0000_0008.uexp" 7694
"../../../Engine/Content/EngineMaterials/Substrate/GLints/dict_16_192_64_0p5_0p02_0062_0003.uasset" 7695
"../../../Engine/Content/EngineMaterials/Substrate/GLints/dict_16_192_64_0p5_0p02_0062_0003.uexp" 7696
"../../../Engine/Content/EngineMaterials/Substrate/GLints/dict_16_192_64_0p5_0p02_0013_0010.uasset" 7697
"../../../Engine/Content/EngineMaterials/Substrate/GLints/dict_16_192_64_0p5_0p02_0013_0010.uexp" 7698
"../../../Engine/Content/EngineMaterials/Substrate/GLints/dict_16_192_64_0p5_0p02_0007_0000.uasset" 7699
"../../../Engine/Content/EngineMaterials/Substrate/GLints/dict_16_192_64_0p5_0p02_0007_0000.uexp" 7700
"../../../Engine/Content/EngineMaterials/Substrate/GLints/dict_16_192_64_0p5_0p02_0003_0004.uasset" 7701
"../../../Engine/Content/EngineMaterials/Substrate/GLints/dict_16_192_64_0p5_0p02_0003_0004.uexp" 7702
"../../../Engine/Content/EngineMaterials/Substrate/GLints/dict_16_192_64_0p5_0p02_0040_0002.uasset" 7703
"../../../Engine/Content/EngineMaterials/Substrate/GLints/dict_16_192_64_0p5_0p02_0040_0002.uexp" 7704
"../../../Engine/Content/EngineMaterials/Substrate/GLints/dict_16_192_64_0p5_0p02_0011_0015.uasset" 7705
"../../../Engine/Content/EngineMaterials/Substrate/GLints/dict_16_192_64_0p5_0p02_0011_0015.uexp" 7706
"../../../Engine/Content/EngineMaterials/Substrate/GLints/dict_16_192_64_0p5_0p02_0033_0004.uasset" 7707
"../../../Engine/Content/EngineMaterials/Substrate/GLints/dict_16_192_64_0p5_0p02_0033_0004.uexp" 7708
"../../../Engine/Content/EngineMaterials/Substrate/GLints/dict_16_192_64_0p5_0p02_0029_0002.uasset" 7709
"../../../Engine/Content/EngineMaterials/Substrate/GLints/dict_16_192_64_0p5_0p02_0029_0002.uexp" 7710
"../../../Engine/Content/EngineMaterials/Substrate/GLints/dict_16_192_64_0p5_0p02_0055_0013.uasset" 7711
"../../../Engine/Content/EngineMaterials/Substrate/GLints/dict_16_192_64_0p5_0p02_0055_0013.uexp" 7712
"../../../Engine/Content/EngineMaterials/Substrate/GLints/dict_16_192_64_0p5_0p02_0037_0009.uasset" 7713
"../../../Engine/Content/EngineMaterials/Substrate/GLints/dict_16_192_64_0p5_0p02_0037_0009.uexp" 7714
"../../../Engine/Content/EngineMaterials/Substrate/GLints/dict_16_192_64_0p5_0p02_0011_0003.uasset" 7715
"../../../Engine/Content/EngineMaterials/Substrate/GLints/dict_16_192_64_0p5_0p02_0011_0003.uexp" 7716
"../../../Engine/Content/EngineMaterials/Substrate/GLints/dict_16_192_64_0p5_0p02_0052_0008.uasset" 7717
"../../../Engine/Content/EngineMaterials/Substrate/GLints/dict_16_192_64_0p5_0p02_0052_0008.uexp" 7718
"../../../Engine/Content/EngineMaterials/Substrate/GLints/dict_16_192_64_0p5_0p02_0008_0005.uasset" 7719
"../../../Engine/Content/EngineMaterials/Substrate/GLints/dict_16_192_64_0p5_0p02_0008_0005.uexp" 7720
"../../../Engine/Content/EngineMaterials/Substrate/GLints/dict_16_192_64_0p5_0p02_0059_0005.uasset" 7721
"../../../Engine/Content/EngineMaterials/Substrate/GLints/dict_16_192_64_0p5_0p02_0059_0005.uexp" 7722
"../../../Engine/Content/EngineMaterials/Substrate/GLints/dict_16_192_64_0p5_0p02_0052_0009.uasset" 7723
"../../../Engine/Content/EngineMaterials/Substrate/GLints/dict_16_192_64_0p5_0p02_0052_0009.uexp" 7724
"../../../Engine/Content/EngineMaterials/Substrate/GLints/dict_16_192_64_0p5_0p02_0057_0015.uasset" 7725
"../../../Engine/Content/EngineMaterials/Substrate/GLints/dict_16_192_64_0p5_0p02_0057_0015.uexp" 7726
"../../../Engine/Content/EngineMaterials/Substrate/GLints/dict_16_192_64_0p5_0p02_0039_0009.uasset" 7727
"../../../Engine/Content/EngineMaterials/Substrate/GLints/dict_16_192_64_0p5_0p02_0039_0009.uexp" 7728
"../../../Engine/Content/EngineMaterials/Substrate/GLints/dict_16_192_64_0p5_0p02_0009_0008.uasset" 7729
"../../../Engine/Content/EngineMaterials/Substrate/GLints/dict_16_192_64_0p5_0p02_0009_0008.uexp" 7730
"../../../Engine/Content/EngineMaterials/Substrate/GLints/dict_16_192_64_0p5_0p02_0037_0006.uasset" 7731
"../../../Engine/Content/EngineMaterials/Substrate/GLints/dict_16_192_64_0p5_0p02_0037_0006.uexp" 7732
"../../../Engine/Content/EngineMaterials/Substrate/GLints/dict_16_192_64_0p5_0p02_0032_0003.uasset" 7733
"../../../Engine/Content/EngineMaterials/Substrate/GLints/dict_16_192_64_0p5_0p02_0032_0003.uexp" 7734
"../../../Engine/Content/EngineMaterials/Substrate/GLints/dict_16_192_64_0p5_0p02_0047_0007.uasset" 7735
"../../../Engine/Content/EngineMaterials/Substrate/GLints/dict_16_192_64_0p5_0p02_0047_0007.uexp" 7736
"../../../Engine/Content/EngineMaterials/Substrate/GLints/dict_16_192_64_0p5_0p02_0055_0012.uasset" 7737
"../../../Engine/Content/EngineMaterials/Substrate/GLints/dict_16_192_64_0p5_0p02_0055_0012.uexp" 7738
"../../../Engine/Content/EngineMaterials/Substrate/GLints/dict_16_192_64_0p5_0p02_0037_0011.uasset" 7739
"../../../Engine/Content/EngineMaterials/Substrate/GLints/dict_16_192_64_0p5_0p02_0037_0011.uexp" 7740
"../../../Engine/Content/EngineMaterials/Substrate/GLints/dict_16_192_64_0p5_0p02_0027_0013.uasset" 7741
"../../../Engine/Content/EngineMaterials/Substrate/GLints/dict_16_192_64_0p5_0p02_0027_0013.uexp" 7742
"../../../Engine/Content/EngineMaterials/Substrate/GLints/dict_16_192_64_0p5_0p02_0019_0009.uasset" 7743
"../../../Engine/Content/EngineMaterials/Substrate/GLints/dict_16_192_64_0p5_0p02_0019_0009.uexp" 7744
"../../../Engine/Content/EngineMaterials/Substrate/GLints/dict_16_192_64_0p5_0p02_0008_0000.uasset" 7745
"../../../Engine/Content/EngineMaterials/Substrate/GLints/dict_16_192_64_0p5_0p02_0008_0000.uexp" 7746
"../../../Engine/Content/EngineMaterials/Substrate/GLints/dict_16_192_64_0p5_0p02_0034_0012.uasset" 7747
"../../../Engine/Content/EngineMaterials/Substrate/GLints/dict_16_192_64_0p5_0p02_0034_0012.uexp" 7748
"../../../Engine/Content/EngineMaterials/Substrate/GLints/dict_16_192_64_0p5_0p02_0010_0005.uasset" 7749
"../../../Engine/Content/EngineMaterials/Substrate/GLints/dict_16_192_64_0p5_0p02_0010_0005.uexp" 7750
"../../../Engine/Content/EngineMaterials/Substrate/GLints/dict_16_192_64_0p5_0p02_0005_0013.uasset" 7751
"../../../Engine/Content/EngineMaterials/Substrate/GLints/dict_16_192_64_0p5_0p02_0005_0013.uexp" 7752
"../../../Engine/Content/EngineMaterials/Substrate/GLints/dict_16_192_64_0p5_0p02_0026_0008.uasset" 7753
"../../../Engine/Content/EngineMaterials/Substrate/GLints/dict_16_192_64_0p5_0p02_0026_0008.uexp" 7754
"../../../Engine/Content/EngineMaterials/Substrate/GLints/dict_16_192_64_0p5_0p02_0058_0015.uasset" 7755
"../../../Engine/Content/EngineMaterials/Substrate/GLints/dict_16_192_64_0p5_0p02_0058_0015.uexp" 7756
"../../../Engine/Content/EngineMaterials/Substrate/GLints/dict_16_192_64_0p5_0p02_0038_0012.uasset" 7757
"../../../Engine/Content/EngineMaterials/Substrate/GLints/dict_16_192_64_0p5_0p02_0038_0012.uexp" 7758
"../../../Engine/Content/EngineMaterials/Substrate/GLints/dict_16_192_64_0p5_0p02_0038_0011.uasset" 7759
"../../../Engine/Content/EngineMaterials/Substrate/GLints/dict_16_192_64_0p5_0p02_0038_0011.uexp" 7760
"../../../Engine/Content/EngineMaterials/Substrate/GLints/dict_16_192_64_0p5_0p02_0012_0012.uasset" 7761
"../../../Engine/Content/EngineMaterials/Substrate/GLints/dict_16_192_64_0p5_0p02_0012_0012.uexp" 7762
"../../../Engine/Content/EngineMaterials/Substrate/GLints/dict_16_192_64_0p5_0p02_0059_0002.uasset" 7763
"../../../Engine/Content/EngineMaterials/Substrate/GLints/dict_16_192_64_0p5_0p02_0059_0002.uexp" 7764
"../../../Engine/Content/EngineMaterials/Substrate/GLints/dict_16_192_64_0p5_0p02_0037_0012.uasset" 7765
"../../../Engine/Content/EngineMaterials/Substrate/GLints/dict_16_192_64_0p5_0p02_0037_0012.uexp" 7766
"../../../Engine/Content/EngineMaterials/Substrate/GLints/dict_16_192_64_0p5_0p02_0040_0014.uasset" 7767
"../../../Engine/Content/EngineMaterials/Substrate/GLints/dict_16_192_64_0p5_0p02_0040_0014.uexp" 7768
"../../../Engine/Content/EngineMaterials/Substrate/GLints/dict_16_192_64_0p5_0p02_0058_0006.uasset" 7769
"../../../Engine/Content/EngineMaterials/Substrate/GLints/dict_16_192_64_0p5_0p02_0058_0006.uexp" 7770
"../../../Engine/Content/EngineMaterials/Substrate/GLints/dict_16_192_64_0p5_0p02_0060_0002.uasset" 7771
"../../../Engine/Content/EngineMaterials/Substrate/GLints/dict_16_192_64_0p5_0p02_0060_0002.uexp" 7772
"../../../Engine/Content/EngineMaterials/Substrate/GLints/dict_16_192_64_0p5_0p02_0040_0008.uasset" 7773
"../../../Engine/Content/EngineMaterials/Substrate/GLints/dict_16_192_64_0p5_0p02_0040_0008.uexp" 7774
"../../../Engine/Content/EngineMaterials/Substrate/GLints/dict_16_192_64_0p5_0p02_0005_0014.uasset" 7775
"../../../Engine/Content/EngineMaterials/Substrate/GLints/dict_16_192_64_0p5_0p02_0005_0014.uexp" 7776
"../../../Engine/Content/EngineMaterials/Substrate/GLints/dict_16_192_64_0p5_0p02_0050_0015.uasset" 7777
"../../../Engine/Content/EngineMaterials/Substrate/GLints/dict_16_192_64_0p5_0p02_0050_0015.uexp" 7778
"../../../Engine/Content/EngineMaterials/Substrate/GLints/dict_16_192_64_0p5_0p02_0007_0001.uasset" 7779
"../../../Engine/Content/EngineMaterials/Substrate/GLints/dict_16_192_64_0p5_0p02_0007_0001.uexp" 7780
"../../../Engine/Content/EngineMaterials/Substrate/GLints/dict_16_192_64_0p5_0p02_0059_0013.uasset" 7781
"../../../Engine/Content/EngineMaterials/Substrate/GLints/dict_16_192_64_0p5_0p02_0059_0013.uexp" 7782
"../../../Engine/Content/EngineMaterials/Substrate/GLints/dict_16_192_64_0p5_0p02_0048_0013.uasset" 7783
"../../../Engine/Content/EngineMaterials/Substrate/GLints/dict_16_192_64_0p5_0p02_0048_0013.uexp" 7784
"../../../Engine/Content/EngineMaterials/Substrate/GLints/dict_16_192_64_0p5_0p02_0030_0011.uasset" 7785
"../../../Engine/Content/EngineMaterials/Substrate/GLints/dict_16_192_64_0p5_0p02_0030_0011.uexp" 7786
"../../../Engine/Content/EngineMaterials/Substrate/GLints/dict_16_192_64_0p5_0p02_0008_0002.uasset" 7787
"../../../Engine/Content/EngineMaterials/Substrate/GLints/dict_16_192_64_0p5_0p02_0008_0002.uexp" 7788
"../../../Engine/Content/EngineMaterials/Substrate/GLints/dict_16_192_64_0p5_0p02_0029_0012.uasset" 7789
"../../../Engine/Content/EngineMaterials/Substrate/GLints/dict_16_192_64_0p5_0p02_0029_0012.uexp" 7790
"../../../Engine/Content/EngineMaterials/Substrate/GLints/dict_16_192_64_0p5_0p02_0032_0004.uasset" 7791
"../../../Engine/Content/EngineMaterials/Substrate/GLints/dict_16_192_64_0p5_0p02_0032_0004.uexp" 7792
"../../../Engine/Content/EngineMaterials/Substrate/GLints/dict_16_192_64_0p5_0p02_0018_0011.uasset" 7793
"../../../Engine/Content/EngineMaterials/Substrate/GLints/dict_16_192_64_0p5_0p02_0018_0011.uexp" 7794
"../../../Engine/Content/EngineMaterials/Substrate/GLints/dict_16_192_64_0p5_0p02_0041_0006.uasset" 7795
"../../../Engine/Content/EngineMaterials/Substrate/GLints/dict_16_192_64_0p5_0p02_0041_0006.uexp" 7796
"../../../Engine/Content/EngineMaterials/Substrate/GLints/dict_16_192_64_0p5_0p02_0044_0001.uasset" 7797
"../../../Engine/Content/EngineMaterials/Substrate/GLints/dict_16_192_64_0p5_0p02_0044_0001.uexp" 7798
"../../../Engine/Content/EngineMaterials/Substrate/GLints/dict_16_192_64_0p5_0p02_0025_0006.uasset" 7799
"../../../Engine/Content/EngineMaterials/Substrate/GLints/dict_16_192_64_0p5_0p02_0025_0006.uexp" 7800
"../../../Engine/Content/EngineMaterials/Substrate/GLints/dict_16_192_64_0p5_0p02_0013_0005.uasset" 7801
"../../../Engine/Content/EngineMaterials/Substrate/GLints/dict_16_192_64_0p5_0p02_0013_0005.uexp" 7802
"../../../Engine/Content/EngineMaterials/Substrate/GLints/dict_16_192_64_0p5_0p02_0004_0006.uasset" 7803
"../../../Engine/Content/EngineMaterials/Substrate/GLints/dict_16_192_64_0p5_0p02_0004_0006.uexp" 7804
"../../../Engine/Content/EngineMaterials/Substrate/GLints/dict_16_192_64_0p5_0p02_0049_0012.uasset" 7805
"../../../Engine/Content/EngineMaterials/Substrate/GLints/dict_16_192_64_0p5_0p02_0049_0012.uexp" 7806
"../../../Engine/Content/EngineMaterials/Substrate/GLints/dict_16_192_64_0p5_0p02_0041_0005.uasset" 7807
"../../../Engine/Content/EngineMaterials/Substrate/GLints/dict_16_192_64_0p5_0p02_0041_0005.uexp" 7808
"../../../Engine/Content/EngineMaterials/Substrate/GLints/dict_16_192_64_0p5_0p02_0047_0005.uasset" 7809
"../../../Engine/Content/EngineMaterials/Substrate/GLints/dict_16_192_64_0p5_0p02_0047_0005.uexp" 7810
"../../../Engine/Content/EngineMaterials/Substrate/GLints/dict_16_192_64_0p5_0p02_0041_0002.uasset" 7811
"../../../Engine/Content/EngineMaterials/Substrate/GLints/dict_16_192_64_0p5_0p02_0041_0002.uexp" 7812
"../../../Engine/Content/EngineMaterials/Substrate/GLints/dict_16_192_64_0p5_0p02_0036_0007.uasset" 7813
"../../../Engine/Content/EngineMaterials/Substrate/GLints/dict_16_192_64_0p5_0p02_0036_0007.uexp" 7814
"../../../Engine/Content/EngineMaterials/Substrate/GLints/dict_16_192_64_0p5_0p02_0011_0005.uasset" 7815
"../../../Engine/Content/EngineMaterials/Substrate/GLints/dict_16_192_64_0p5_0p02_0011_0005.uexp" 7816
"../../../Engine/Content/EngineMaterials/Substrate/GLints/dict_16_192_64_0p5_0p02_0001_0001.uasset" 7817
"../../../Engine/Content/EngineMaterials/Substrate/GLints/dict_16_192_64_0p5_0p02_0001_0001.uexp" 7818
"../../../Engine/Content/EngineMaterials/Substrate/GLints/dict_16_192_64_0p5_0p02_0050_0002.uasset" 7819
"../../../Engine/Content/EngineMaterials/Substrate/GLints/dict_16_192_64_0p5_0p02_0050_0002.uexp" 7820
"../../../Engine/Content/EngineMaterials/Substrate/GLints/dict_16_192_64_0p5_0p02_0018_0002.uasset" 7821
"../../../Engine/Content/EngineMaterials/Substrate/GLints/dict_16_192_64_0p5_0p02_0018_0002.uexp" 7822
"../../../Engine/Content/EngineMaterials/Substrate/GLints/dict_16_192_64_0p5_0p02_0028_0013.uasset" 7823
"../../../Engine/Content/EngineMaterials/Substrate/GLints/dict_16_192_64_0p5_0p02_0028_0013.uexp" 7824
"../../../Engine/Content/EngineMaterials/Substrate/GLints/dict_16_192_64_0p5_0p02_0027_0014.uasset" 7825
"../../../Engine/Content/EngineMaterials/Substrate/GLints/dict_16_192_64_0p5_0p02_0027_0014.uexp" 7826
"../../../Engine/Content/EngineMaterials/Substrate/GLints/dict_16_192_64_0p5_0p02_0023_0011.uasset" 7827
"../../../Engine/Content/EngineMaterials/Substrate/GLints/dict_16_192_64_0p5_0p02_0023_0011.uexp" 7828
"../../../Engine/Content/EngineMaterials/Substrate/GLints/dict_16_192_64_0p5_0p02_0021_0014.uasset" 7829
"../../../Engine/Content/EngineMaterials/Substrate/GLints/dict_16_192_64_0p5_0p02_0021_0014.uexp" 7830
"../../../Engine/Content/EngineMaterials/Substrate/GLints/dict_16_192_64_0p5_0p02_0020_0014.uasset" 7831
"../../../Engine/Content/EngineMaterials/Substrate/GLints/dict_16_192_64_0p5_0p02_0020_0014.uexp" 7832
"../../../Engine/Content/EngineMaterials/Substrate/GLints/dict_16_192_64_0p5_0p02_0004_0009.uasset" 7833
"../../../Engine/Content/EngineMaterials/Substrate/GLints/dict_16_192_64_0p5_0p02_0004_0009.uexp" 7834
"../../../Engine/Content/EngineMaterials/Substrate/GLints/dict_16_192_64_0p5_0p02_0059_0009.uasset" 7835
"../../../Engine/Content/EngineMaterials/Substrate/GLints/dict_16_192_64_0p5_0p02_0059_0009.uexp" 7836
"../../../Engine/Content/EngineMaterials/Substrate/GLints/dict_16_192_64_0p5_0p02_0011_0000.uasset" 7837
"../../../Engine/Content/EngineMaterials/Substrate/GLints/dict_16_192_64_0p5_0p02_0011_0000.uexp" 7838
"../../../Engine/Content/EngineMaterials/Substrate/GLints/dict_16_192_64_0p5_0p02_0059_0010.uasset" 7839
"../../../Engine/Content/EngineMaterials/Substrate/GLints/dict_16_192_64_0p5_0p02_0059_0010.uexp" 7840
"../../../Engine/Content/EngineMaterials/Substrate/GLints/dict_16_192_64_0p5_0p02_0052_0007.uasset" 7841
"../../../Engine/Content/EngineMaterials/Substrate/GLints/dict_16_192_64_0p5_0p02_0052_0007.uexp" 7842
"../../../Engine/Content/EngineMaterials/Substrate/GLints/dict_16_192_64_0p5_0p02_0035_0012.uasset" 7843
"../../../Engine/Content/EngineMaterials/Substrate/GLints/dict_16_192_64_0p5_0p02_0035_0012.uexp" 7844
"../../../Engine/Content/EngineMaterials/Substrate/GLints/dict_16_192_64_0p5_0p02_0031_0009.uasset" 7845
"../../../Engine/Content/EngineMaterials/Substrate/GLints/dict_16_192_64_0p5_0p02_0031_0009.uexp" 7846
"../../../Engine/Content/EngineMaterials/Substrate/GLints/dict_16_192_64_0p5_0p02_0022_0003.uasset" 7847
"../../../Engine/Content/EngineMaterials/Substrate/GLints/dict_16_192_64_0p5_0p02_0022_0003.uexp" 7848
"../../../Engine/Content/EngineMaterials/Substrate/GLints/dict_16_192_64_0p5_0p02_0017_0013.uasset" 7849
"../../../Engine/Content/EngineMaterials/Substrate/GLints/dict_16_192_64_0p5_0p02_0017_0013.uexp" 7850
"../../../Engine/Content/EngineMaterials/Substrate/GLints/dict_16_192_64_0p5_0p02_0033_0001.uasset" 7851
"../../../Engine/Content/EngineMaterials/Substrate/GLints/dict_16_192_64_0p5_0p02_0033_0001.uexp" 7852
"../../../Engine/Content/EngineMaterials/Substrate/GLints/dict_16_192_64_0p5_0p02_0063_0013.uasset" 7853
"../../../Engine/Content/EngineMaterials/Substrate/GLints/dict_16_192_64_0p5_0p02_0063_0013.uexp" 7854
"../../../Engine/Content/EngineMaterials/Substrate/GLints/dict_16_192_64_0p5_0p02_0062_0009.uasset" 7855
"../../../Engine/Content/EngineMaterials/Substrate/GLints/dict_16_192_64_0p5_0p02_0062_0009.uexp" 7856
"../../../Engine/Content/EngineMaterials/Substrate/GLints/dict_16_192_64_0p5_0p02_0058_0010.uasset" 7857
"../../../Engine/Content/EngineMaterials/Substrate/GLints/dict_16_192_64_0p5_0p02_0058_0010.uexp" 7858
"../../../Engine/Content/EngineMaterials/Substrate/GLints/dict_16_192_64_0p5_0p02_0043_0003.uasset" 7859
"../../../Engine/Content/EngineMaterials/Substrate/GLints/dict_16_192_64_0p5_0p02_0043_0003.uexp" 7860
"../../../Engine/Content/EngineMaterials/Substrate/GLints/dict_16_192_64_0p5_0p02_0041_0004.uasset" 7861
"../../../Engine/Content/EngineMaterials/Substrate/GLints/dict_16_192_64_0p5_0p02_0041_0004.uexp" 7862
"../../../Engine/Content/EngineMaterials/Substrate/GLints/dict_16_192_64_0p5_0p02_0061_0005.uasset" 7863
"../../../Engine/Content/EngineMaterials/Substrate/GLints/dict_16_192_64_0p5_0p02_0061_0005.uexp" 7864
"../../../Engine/Content/EngineMaterials/Substrate/GLints/dict_16_192_64_0p5_0p02_0063_0004.uasset" 7865
"../../../Engine/Content/EngineMaterials/Substrate/GLints/dict_16_192_64_0p5_0p02_0063_0004.uexp" 7866
"../../../Engine/Content/EngineMaterials/Substrate/GLints/dict_16_192_64_0p5_0p02_0025_0005.uasset" 7867
"../../../Engine/Content/EngineMaterials/Substrate/GLints/dict_16_192_64_0p5_0p02_0025_0005.uexp" 7868
"../../../Engine/Content/EngineMaterials/Substrate/GLints/dict_16_192_64_0p5_0p02_0009_0012.uasset" 7869
"../../../Engine/Content/EngineMaterials/Substrate/GLints/dict_16_192_64_0p5_0p02_0009_0012.uexp" 7870
"../../../Engine/Content/EngineMaterials/Substrate/GLints/dict_16_192_64_0p5_0p02_0003_0006.uasset" 7871
"../../../Engine/Content/EngineMaterials/Substrate/GLints/dict_16_192_64_0p5_0p02_0003_0006.uexp" 7872
"../../../Engine/Content/EngineMaterials/Substrate/GLints/dict_16_192_64_0p5_0p02_0007_0009.uasset" 7873
"../../../Engine/Content/EngineMaterials/Substrate/GLints/dict_16_192_64_0p5_0p02_0007_0009.uexp" 7874
"../../../Engine/Content/EngineMaterials/Substrate/GLints/dict_16_192_64_0p5_0p02_0038_0005.uasset" 7875
"../../../Engine/Content/EngineMaterials/Substrate/GLints/dict_16_192_64_0p5_0p02_0038_0005.uexp" 7876
"../../../Engine/Content/EngineMaterials/Substrate/GLints/dict_16_192_64_0p5_0p02_0023_0015.uasset" 7877
"../../../Engine/Content/EngineMaterials/Substrate/GLints/dict_16_192_64_0p5_0p02_0023_0015.uexp" 7878
"../../../Engine/Content/EngineMaterials/Substrate/GLints/dict_16_192_64_0p5_0p02_0011_0001.uasset" 7879
"../../../Engine/Content/EngineMaterials/Substrate/GLints/dict_16_192_64_0p5_0p02_0011_0001.uexp" 7880
"../../../Engine/Content/EngineMaterials/Substrate/GLints/dict_16_192_64_0p5_0p02_0024_0005.uasset" 7881
"../../../Engine/Content/EngineMaterials/Substrate/GLints/dict_16_192_64_0p5_0p02_0024_0005.uexp" 7882
"../../../Engine/Content/EngineMaterials/Substrate/GLints/dict_16_192_64_0p5_0p02_0017_0014.uasset" 7883
"../../../Engine/Content/EngineMaterials/Substrate/GLints/dict_16_192_64_0p5_0p02_0017_0014.uexp" 7884
"../../../Engine/Content/EngineMaterials/Substrate/GLints/dict_16_192_64_0p5_0p02_0006_0004.uasset" 7885
"../../../Engine/Content/EngineMaterials/Substrate/GLints/dict_16_192_64_0p5_0p02_0006_0004.uexp" 7886
"../../../Engine/Content/EngineMaterials/Substrate/GLints/dict_16_192_64_0p5_0p02_0036_0013.uasset" 7887
"../../../Engine/Content/EngineMaterials/Substrate/GLints/dict_16_192_64_0p5_0p02_0036_0013.uexp" 7888
"../../../Engine/Content/EngineMaterials/Substrate/GLints/dict_16_192_64_0p5_0p02_0033_0007.uasset" 7889
"../../../Engine/Content/EngineMaterials/Substrate/GLints/dict_16_192_64_0p5_0p02_0033_0007.uexp" 7890
"../../../Engine/Content/EngineMaterials/Substrate/GLints/dict_16_192_64_0p5_0p02_0000_0001.uasset" 7891
"../../../Engine/Content/EngineMaterials/Substrate/GLints/dict_16_192_64_0p5_0p02_0000_0001.uexp" 7892
"../../../Engine/Content/EngineMaterials/Substrate/GLints/dict_16_192_64_0p5_0p02_0040_0013.uasset" 7893
"../../../Engine/Content/EngineMaterials/Substrate/GLints/dict_16_192_64_0p5_0p02_0040_0013.uexp" 7894
"../../../Engine/Content/EngineMaterials/Substrate/GLints/dict_16_192_64_0p5_0p02_0037_0000.uasset" 7895
"../../../Engine/Content/EngineMaterials/Substrate/GLints/dict_16_192_64_0p5_0p02_0037_0000.uexp" 7896
"../../../Engine/Content/EngineMaterials/Substrate/GLints/dict_16_192_64_0p5_0p02_0012_0013.uasset" 7897
"../../../Engine/Content/EngineMaterials/Substrate/GLints/dict_16_192_64_0p5_0p02_0012_0013.uexp" 7898
"../../../Engine/Content/EngineMaterials/Substrate/GLints/dict_16_192_64_0p5_0p02_0019_0012.uasset" 7899
"../../../Engine/Content/EngineMaterials/Substrate/GLints/dict_16_192_64_0p5_0p02_0019_0012.uexp" 7900
"../../../Engine/Content/EngineMaterials/Substrate/GLints/dict_16_192_64_0p5_0p02_0047_0009.uasset" 7901
"../../../Engine/Content/EngineMaterials/Substrate/GLints/dict_16_192_64_0p5_0p02_0047_0009.uexp" 7902
"../../../Engine/Content/EngineMaterials/Substrate/GLints/dict_16_192_64_0p5_0p02_0027_0002.uasset" 7903
"../../../Engine/Content/EngineMaterials/Substrate/GLints/dict_16_192_64_0p5_0p02_0027_0002.uexp" 7904
"../../../Engine/Content/EngineMaterials/Substrate/GLints/dict_16_192_64_0p5_0p02_0062_0002.uasset" 7905
"../../../Engine/Content/EngineMaterials/Substrate/GLints/dict_16_192_64_0p5_0p02_0062_0002.uexp" 7906
"../../../Engine/Content/EngineMaterials/Substrate/GLints/dict_16_192_64_0p5_0p02_0035_0003.uasset" 7907
"../../../Engine/Content/EngineMaterials/Substrate/GLints/dict_16_192_64_0p5_0p02_0035_0003.uexp" 7908
"../../../Engine/Content/EngineMaterials/Substrate/GLints/dict_16_192_64_0p5_0p02_0010_0009.uasset" 7909
"../../../Engine/Content/EngineMaterials/Substrate/GLints/dict_16_192_64_0p5_0p02_0010_0009.uexp" 7910
"../../../Engine/Content/EngineMaterials/Substrate/GLints/dict_16_192_64_0p5_0p02_0031_0005.uasset" 7911
"../../../Engine/Content/EngineMaterials/Substrate/GLints/dict_16_192_64_0p5_0p02_0031_0005.uexp" 7912
"../../../Engine/Content/EngineMaterials/Substrate/GLints/dict_16_192_64_0p5_0p02_0054_0012.uasset" 7913
"../../../Engine/Content/EngineMaterials/Substrate/GLints/dict_16_192_64_0p5_0p02_0054_0012.uexp" 7914
"../../../Engine/Content/EngineMaterials/Substrate/GLints/dict_16_192_64_0p5_0p02_0024_0015.uasset" 7915
"../../../Engine/Content/EngineMaterials/Substrate/GLints/dict_16_192_64_0p5_0p02_0024_0015.uexp" 7916
"../../../Engine/Content/EngineMaterials/Substrate/GLints/dict_16_192_64_0p5_0p02_0012_0000.uasset" 7917
"../../../Engine/Content/EngineMaterials/Substrate/GLints/dict_16_192_64_0p5_0p02_0012_0000.uexp" 7918
"../../../Engine/Content/EngineMaterials/Substrate/GLints/dict_16_192_64_0p5_0p02_0015_0005.uasset" 7919
"../../../Engine/Content/EngineMaterials/Substrate/GLints/dict_16_192_64_0p5_0p02_0015_0005.uexp" 7920
"../../../Engine/Content/EngineMaterials/Substrate/GLints/dict_16_192_64_0p5_0p02_0062_0005.uasset" 7921
"../../../Engine/Content/EngineMaterials/Substrate/GLints/dict_16_192_64_0p5_0p02_0062_0005.uexp" 7922
"../../../Engine/Content/EngineMaterials/Substrate/GLints/dict_16_192_64_0p5_0p02_0007_0005.uasset" 7923
"../../../Engine/Content/EngineMaterials/Substrate/GLints/dict_16_192_64_0p5_0p02_0007_0005.uexp" 7924
"../../../Engine/Content/EngineMaterials/Substrate/GLints/dict_16_192_64_0p5_0p02_0046_0015.uasset" 7925
"../../../Engine/Content/EngineMaterials/Substrate/GLints/dict_16_192_64_0p5_0p02_0046_0015.uexp" 7926
"../../../Engine/Content/EngineMaterials/Substrate/GLints/dict_16_192_64_0p5_0p02_0031_0008.uasset" 7927
"../../../Engine/Content/EngineMaterials/Substrate/GLints/dict_16_192_64_0p5_0p02_0031_0008.uexp" 7928
"../../../Engine/Content/EngineMaterials/Substrate/GLints/dict_16_192_64_0p5_0p02_0029_0013.uasset" 7929
"../../../Engine/Content/EngineMaterials/Substrate/GLints/dict_16_192_64_0p5_0p02_0029_0013.uexp" 7930
"../../../Engine/Content/EngineMaterials/Substrate/GLints/dict_16_192_64_0p5_0p02_0025_0008.uasset" 7931
"../../../Engine/Content/EngineMaterials/Substrate/GLints/dict_16_192_64_0p5_0p02_0025_0008.uexp" 7932
"../../../Engine/Content/EngineMaterials/Substrate/GLints/dict_16_192_64_0p5_0p02_0016_0014.uasset" 7933
"../../../Engine/Content/EngineMaterials/Substrate/GLints/dict_16_192_64_0p5_0p02_0016_0014.uexp" 7934
"../../../Engine/Content/EngineMaterials/Substrate/GLints/dict_16_192_64_0p5_0p02_0060_0012.uasset" 7935
"../../../Engine/Content/EngineMaterials/Substrate/GLints/dict_16_192_64_0p5_0p02_0060_0012.uexp" 7936
"../../../Engine/Content/EngineMaterials/Substrate/GLints/dict_16_192_64_0p5_0p02_0026_0007.uasset" 7937
"../../../Engine/Content/EngineMaterials/Substrate/GLints/dict_16_192_64_0p5_0p02_0026_0007.uexp" 7938
"../../../Engine/Content/EngineMaterials/Substrate/GLints/dict_16_192_64_0p5_0p02_0024_0010.uasset" 7939
"../../../Engine/Content/EngineMaterials/Substrate/GLints/dict_16_192_64_0p5_0p02_0024_0010.uexp" 7940
"../../../Engine/Content/EngineMaterials/Substrate/GLints/dict_16_192_64_0p5_0p02_0059_0007.uasset" 7941
"../../../Engine/Content/EngineMaterials/Substrate/GLints/dict_16_192_64_0p5_0p02_0059_0007.uexp" 7942
"../../../Engine/Content/EngineMaterials/Substrate/GLints/dict_16_192_64_0p5_0p02_0050_0000.uasset" 7943
"../../../Engine/Content/EngineMaterials/Substrate/GLints/dict_16_192_64_0p5_0p02_0050_0000.uexp" 7944
"../../../Engine/Content/EngineMaterials/Substrate/GLints/dict_16_192_64_0p5_0p02_0021_0002.uasset" 7945
"../../../Engine/Content/EngineMaterials/Substrate/GLints/dict_16_192_64_0p5_0p02_0021_0002.uexp" 7946
"../../../Engine/Content/EngineMaterials/Substrate/GLints/dict_16_192_64_0p5_0p02_0019_0004.uasset" 7947
"../../../Engine/Content/EngineMaterials/Substrate/GLints/dict_16_192_64_0p5_0p02_0019_0004.uexp" 7948
"../../../Engine/Content/EngineMaterials/Substrate/GLints/dict_16_192_64_0p5_0p02_0062_0001.uasset" 7949
"../../../Engine/Content/EngineMaterials/Substrate/GLints/dict_16_192_64_0p5_0p02_0062_0001.uexp" 7950
"../../../Engine/Content/EngineMaterials/Substrate/GLints/dict_16_192_64_0p5_0p02_0052_0000.uasset" 7951
"../../../Engine/Content/EngineMaterials/Substrate/GLints/dict_16_192_64_0p5_0p02_0052_0000.uexp" 7952
"../../../Engine/Content/EngineMaterials/Substrate/GLints/dict_16_192_64_0p5_0p02_0009_0015.uasset" 7953
"../../../Engine/Content/EngineMaterials/Substrate/GLints/dict_16_192_64_0p5_0p02_0009_0015.uexp" 7954
"../../../Engine/Content/EngineMaterials/Substrate/GLints/dict_16_192_64_0p5_0p02_0062_0012.uasset" 7955
"../../../Engine/Content/EngineMaterials/Substrate/GLints/dict_16_192_64_0p5_0p02_0062_0012.uexp" 7956
"../../../Engine/Content/EngineMaterials/Substrate/GLints/dict_16_192_64_0p5_0p02_0050_0004.uasset" 7957
"../../../Engine/Content/EngineMaterials/Substrate/GLints/dict_16_192_64_0p5_0p02_0050_0004.uexp" 7958
"../../../Engine/Content/EngineMaterials/Substrate/GLints/dict_16_192_64_0p5_0p02_0062_0010.uasset" 7959
"../../../Engine/Content/EngineMaterials/Substrate/GLints/dict_16_192_64_0p5_0p02_0062_0010.uexp" 7960
"../../../Engine/Content/EngineMaterials/Substrate/GLints/dict_16_192_64_0p5_0p02_0039_0001.uasset" 7961
"../../../Engine/Content/EngineMaterials/Substrate/GLints/dict_16_192_64_0p5_0p02_0039_0001.uexp" 7962
"../../../Engine/Content/EngineMaterials/Substrate/GLints/dict_16_192_64_0p5_0p02_0048_0015.uasset" 7963
"../../../Engine/Content/EngineMaterials/Substrate/GLints/dict_16_192_64_0p5_0p02_0048_0015.uexp" 7964
"../../../Engine/Content/EngineMaterials/Substrate/GLints/dict_16_192_64_0p5_0p02_0063_0015.uasset" 7965
"../../../Engine/Content/EngineMaterials/Substrate/GLints/dict_16_192_64_0p5_0p02_0063_0015.uexp" 7966
"../../../Engine/Content/EngineMaterials/Substrate/GLints/dict_16_192_64_0p5_0p02_0043_0010.uasset" 7967
"../../../Engine/Content/EngineMaterials/Substrate/GLints/dict_16_192_64_0p5_0p02_0043_0010.uexp" 7968
"../../../Engine/Content/EngineMaterials/Substrate/GLints/dict_16_192_64_0p5_0p02_0053_0010.uasset" 7969
"../../../Engine/Content/EngineMaterials/Substrate/GLints/dict_16_192_64_0p5_0p02_0053_0010.uexp" 7970
"../../../Engine/Content/EngineMaterials/Substrate/GLints/dict_16_192_64_0p5_0p02_0017_0010.uasset" 7971
"../../../Engine/Content/EngineMaterials/Substrate/GLints/dict_16_192_64_0p5_0p02_0017_0010.uexp" 7972
"../../../Engine/Content/EngineMaterials/Substrate/GLints/dict_16_192_64_0p5_0p02_0004_0008.uasset" 7973
"../../../Engine/Content/EngineMaterials/Substrate/GLints/dict_16_192_64_0p5_0p02_0004_0008.uexp" 7974
"../../../Engine/Content/EngineMaterials/Substrate/GLints/dict_16_192_64_0p5_0p02_0036_0003.uasset" 7975
"../../../Engine/Content/EngineMaterials/Substrate/GLints/dict_16_192_64_0p5_0p02_0036_0003.uexp" 7976
"../../../Engine/Content/EngineMaterials/Substrate/GLints/dict_16_192_64_0p5_0p02_0033_0000.uasset" 7977
"../../../Engine/Content/EngineMaterials/Substrate/GLints/dict_16_192_64_0p5_0p02_0033_0000.uexp" 7978
"../../../Engine/Content/EngineMaterials/Substrate/GLints/dict_16_192_64_0p5_0p02_0008_0008.uasset" 7979
"../../../Engine/Content/EngineMaterials/Substrate/GLints/dict_16_192_64_0p5_0p02_0008_0008.uexp" 7980
"../../../Engine/Content/EngineMaterials/Substrate/GLints/dict_16_192_64_0p5_0p02_0060_0009.uasset" 7981
"../../../Engine/Content/EngineMaterials/Substrate/GLints/dict_16_192_64_0p5_0p02_0060_0009.uexp" 7982
"../../../Engine/Content/EngineMaterials/Substrate/GLints/dict_16_192_64_0p5_0p02_0031_0000.uasset" 7983
"../../../Engine/Content/EngineMaterials/Substrate/GLints/dict_16_192_64_0p5_0p02_0031_0000.uexp" 7984
"../../../Engine/Content/EngineMaterials/Substrate/GLints/dict_16_192_64_0p5_0p02_0025_0012.uasset" 7985
"../../../Engine/Content/EngineMaterials/Substrate/GLints/dict_16_192_64_0p5_0p02_0025_0012.uexp" 7986
"../../../Engine/Content/EngineMaterials/Substrate/GLints/dict_16_192_64_0p5_0p02_0004_0011.uasset" 7987
"../../../Engine/Content/EngineMaterials/Substrate/GLints/dict_16_192_64_0p5_0p02_0004_0011.uexp" 7988
"../../../Engine/Content/EngineMaterials/Substrate/GLints/dict_16_192_64_0p5_0p02_0056_0011.uasset" 7989
"../../../Engine/Content/EngineMaterials/Substrate/GLints/dict_16_192_64_0p5_0p02_0056_0011.uexp" 7990
"../../../Engine/Content/EngineMaterials/Substrate/GLints/dict_16_192_64_0p5_0p02_0063_0009.uasset" 7991
"../../../Engine/Content/EngineMaterials/Substrate/GLints/dict_16_192_64_0p5_0p02_0063_0009.uexp" 7992
"../../../Engine/Content/EngineMaterials/Substrate/GLints/dict_16_192_64_0p5_0p02_0024_0007.uasset" 7993
"../../../Engine/Content/EngineMaterials/Substrate/GLints/dict_16_192_64_0p5_0p02_0024_0007.uexp" 7994
"../../../Engine/Content/EngineMaterials/Substrate/GLints/dict_16_192_64_0p5_0p02_0001_0006.uasset" 7995
"../../../Engine/Content/EngineMaterials/Substrate/GLints/dict_16_192_64_0p5_0p02_0001_0006.uexp" 7996
"../../../Engine/Content/EngineMaterials/Substrate/GLints/dict_16_192_64_0p5_0p02_0010_0014.uasset" 7997
"../../../Engine/Content/EngineMaterials/Substrate/GLints/dict_16_192_64_0p5_0p02_0010_0014.uexp" 7998
"../../../Engine/Content/EngineMaterials/Substrate/GLints/dict_16_192_64_0p5_0p02_0006_0005.uasset" 7999
"../../../Engine/Content/EngineMaterials/Substrate/GLints/dict_16_192_64_0p5_0p02_0006_0005.uexp" 8000
"../../../Engine/Content/EngineMaterials/Substrate/GLints/dict_16_192_64_0p5_0p02_0044_0012.uasset" 8001
"../../../Engine/Content/EngineMaterials/Substrate/GLints/dict_16_192_64_0p5_0p02_0044_0012.uexp" 8002
"../../../Engine/Content/EngineMaterials/Substrate/GLints/dict_16_192_64_0p5_0p02_0036_0015.uasset" 8003
"../../../Engine/Content/EngineMaterials/Substrate/GLints/dict_16_192_64_0p5_0p02_0036_0015.uexp" 8004
"../../../Engine/Content/EngineMaterials/Substrate/GLints/dict_16_192_64_0p5_0p02_0063_0012.uasset" 8005
"../../../Engine/Content/EngineMaterials/Substrate/GLints/dict_16_192_64_0p5_0p02_0063_0012.uexp" 8006
"../../../Engine/Content/EngineMaterials/Substrate/GLints/dict_16_192_64_0p5_0p02_0054_0000.uasset" 8007
"../../../Engine/Content/EngineMaterials/Substrate/GLints/dict_16_192_64_0p5_0p02_0054_0000.uexp" 8008
"../../../Engine/Content/EngineMaterials/Substrate/GLints/dict_16_192_64_0p5_0p02_0063_0005.uasset" 8009
"../../../Engine/Content/EngineMaterials/Substrate/GLints/dict_16_192_64_0p5_0p02_0063_0005.uexp" 8010
"../../../Engine/Content/EngineMaterials/Substrate/GLints/dict_16_192_64_0p5_0p02_0061_0000.uasset" 8011
"../../../Engine/Content/EngineMaterials/Substrate/GLints/dict_16_192_64_0p5_0p02_0061_0000.uexp" 8012
"../../../Engine/Content/EngineMaterials/Substrate/GLints/dict_16_192_64_0p5_0p02_0042_0014.uasset" 8013
"../../../Engine/Content/EngineMaterials/Substrate/GLints/dict_16_192_64_0p5_0p02_0042_0014.uexp" 8014
"../../../Engine/Content/EngineMaterials/Substrate/GLints/dict_16_192_64_0p5_0p02_0036_0001.uasset" 8015
"../../../Engine/Content/EngineMaterials/Substrate/GLints/dict_16_192_64_0p5_0p02_0036_0001.uexp" 8016
"../../../Engine/Content/EngineMaterials/Substrate/GLints/dict_16_192_64_0p5_0p02_0022_0014.uasset" 8017
"../../../Engine/Content/EngineMaterials/Substrate/GLints/dict_16_192_64_0p5_0p02_0022_0014.uexp" 8018
"../../../Engine/Content/EngineMaterials/Substrate/GLints/dict_16_192_64_0p5_0p02_0055_0014.uasset" 8019
"../../../Engine/Content/EngineMaterials/Substrate/GLints/dict_16_192_64_0p5_0p02_0055_0014.uexp" 8020
"../../../Engine/Content/EngineMaterials/Substrate/GLints/dict_16_192_64_0p5_0p02_0053_0005.uasset" 8021
"../../../Engine/Content/EngineMaterials/Substrate/GLints/dict_16_192_64_0p5_0p02_0053_0005.uexp" 8022
"../../../Engine/Content/EngineMaterials/Substrate/GLints/dict_16_192_64_0p5_0p02_0058_0000.uasset" 8023
"../../../Engine/Content/EngineMaterials/Substrate/GLints/dict_16_192_64_0p5_0p02_0058_0000.uexp" 8024
"../../../Engine/Content/EngineMaterials/Substrate/GLints/dict_16_192_64_0p5_0p02_0034_0005.uasset" 8025
"../../../Engine/Content/EngineMaterials/Substrate/GLints/dict_16_192_64_0p5_0p02_0034_0005.uexp" 8026
"../../../Engine/Content/EngineMaterials/Substrate/GLints/dict_16_192_64_0p5_0p02_0003_0014.uasset" 8027
"../../../Engine/Content/EngineMaterials/Substrate/GLints/dict_16_192_64_0p5_0p02_0003_0014.uexp" 8028
"../../../Engine/Content/EngineMaterials/Substrate/GLints/dict_16_192_64_0p5_0p02_0042_0009.uasset" 8029
"../../../Engine/Content/EngineMaterials/Substrate/GLints/dict_16_192_64_0p5_0p02_0042_0009.uexp" 8030
"../../../Engine/Content/EngineMaterials/Substrate/GLints/dict_16_192_64_0p5_0p02_0021_0005.uasset" 8031
"../../../Engine/Content/EngineMaterials/Substrate/GLints/dict_16_192_64_0p5_0p02_0021_0005.uexp" 8032
"../../../Engine/Content/EngineMaterials/Substrate/GLints/dict_16_192_64_0p5_0p02_0054_0015.uasset" 8033
"../../../Engine/Content/EngineMaterials/Substrate/GLints/dict_16_192_64_0p5_0p02_0054_0015.uexp" 8034
"../../../Engine/Content/EngineMaterials/Substrate/GLints/dict_16_192_64_0p5_0p02_0039_0008.uasset" 8035
"../../../Engine/Content/EngineMaterials/Substrate/GLints/dict_16_192_64_0p5_0p02_0039_0008.uexp" 8036
"../../../Engine/Content/EngineMaterials/Substrate/GLints/dict_16_192_64_0p5_0p02_0010_0010.uasset" 8037
"../../../Engine/Content/EngineMaterials/Substrate/GLints/dict_16_192_64_0p5_0p02_0010_0010.uexp" 8038
"../../../Engine/Content/EngineMaterials/Substrate/GLints/dict_16_192_64_0p5_0p02_0009_0005.uasset" 8039
"../../../Engine/Content/EngineMaterials/Substrate/GLints/dict_16_192_64_0p5_0p02_0009_0005.uexp" 8040
"../../../Engine/Content/EngineMaterials/Substrate/GLints/dict_16_192_64_0p5_0p02_0027_0000.uasset" 8041
"../../../Engine/Content/EngineMaterials/Substrate/GLints/dict_16_192_64_0p5_0p02_0027_0000.uexp" 8042
"../../../Engine/Content/EngineMaterials/Substrate/GLints/dict_16_192_64_0p5_0p02_0007_0007.uasset" 8043
"../../../Engine/Content/EngineMaterials/Substrate/GLints/dict_16_192_64_0p5_0p02_0007_0007.uexp" 8044
"../../../Engine/Content/EngineMaterials/Substrate/GLints/dict_16_192_64_0p5_0p02_0006_0014.uasset" 8045
"../../../Engine/Content/EngineMaterials/Substrate/GLints/dict_16_192_64_0p5_0p02_0006_0014.uexp" 8046
"../../../Engine/Content/EngineMaterials/Substrate/GLints/dict_16_192_64_0p5_0p02_0047_0011.uasset" 8047
"../../../Engine/Content/EngineMaterials/Substrate/GLints/dict_16_192_64_0p5_0p02_0047_0011.uexp" 8048
"../../../Engine/Content/EngineMaterials/Substrate/GLints/dict_16_192_64_0p5_0p02_0019_0002.uasset" 8049
"../../../Engine/Content/EngineMaterials/Substrate/GLints/dict_16_192_64_0p5_0p02_0019_0002.uexp" 8050
"../../../Engine/Content/EngineMaterials/Substrate/GLints/dict_16_192_64_0p5_0p02_0005_0011.uasset" 8051
"../../../Engine/Content/EngineMaterials/Substrate/GLints/dict_16_192_64_0p5_0p02_0005_0011.uexp" 8052
"../../../Engine/Content/EngineMaterials/Substrate/GLints/dict_16_192_64_0p5_0p02_0043_0004.uasset" 8053
"../../../Engine/Content/EngineMaterials/Substrate/GLints/dict_16_192_64_0p5_0p02_0043_0004.uexp" 8054
"../../../Engine/Content/EngineMaterials/Substrate/GLints/dict_16_192_64_0p5_0p02_0012_0010.uasset" 8055
"../../../Engine/Content/EngineMaterials/Substrate/GLints/dict_16_192_64_0p5_0p02_0012_0010.uexp" 8056
"../../../Engine/Content/EngineMaterials/Substrate/GLints/dict_16_192_64_0p5_0p02_0030_0014.uasset" 8057
"../../../Engine/Content/EngineMaterials/Substrate/GLints/dict_16_192_64_0p5_0p02_0030_0014.uexp" 8058
"../../../Engine/Content/EngineMaterials/Substrate/GLints/dict_16_192_64_0p5_0p02_0045_0003.uasset" 8059
"../../../Engine/Content/EngineMaterials/Substrate/GLints/dict_16_192_64_0p5_0p02_0045_0003.uexp" 8060
"../../../Engine/Content/EngineMaterials/Substrate/GLints/dict_16_192_64_0p5_0p02_0044_0004.uasset" 8061
"../../../Engine/Content/EngineMaterials/Substrate/GLints/dict_16_192_64_0p5_0p02_0044_0004.uexp" 8062
"../../../Engine/Content/EngineMaterials/Substrate/GLints/dict_16_192_64_0p5_0p02_0005_0003.uasset" 8063
"../../../Engine/Content/EngineMaterials/Substrate/GLints/dict_16_192_64_0p5_0p02_0005_0003.uexp" 8064
"../../../Engine/Content/EngineMaterials/Substrate/GLints/dict_16_192_64_0p5_0p02_0040_0005.uasset" 8065
"../../../Engine/Content/EngineMaterials/Substrate/GLints/dict_16_192_64_0p5_0p02_0040_0005.uexp" 8066
"../../../Engine/Content/EngineMaterials/Substrate/GLints/dict_16_192_64_0p5_0p02_0026_0005.uasset" 8067
"../../../Engine/Content/EngineMaterials/Substrate/GLints/dict_16_192_64_0p5_0p02_0026_0005.uexp" 8068
"../../../Engine/Content/EngineMaterials/Substrate/GLints/dict_16_192_64_0p5_0p02_0057_0007.uasset" 8069
"../../../Engine/Content/EngineMaterials/Substrate/GLints/dict_16_192_64_0p5_0p02_0057_0007.uexp" 8070
"../../../Engine/Content/EngineMaterials/Substrate/GLints/dict_16_192_64_0p5_0p02_0031_0014.uasset" 8071
"../../../Engine/Content/EngineMaterials/Substrate/GLints/dict_16_192_64_0p5_0p02_0031_0014.uexp" 8072
"../../../Engine/Content/EngineMaterials/Substrate/GLints/dict_16_192_64_0p5_0p02_0005_0006.uasset" 8073
"../../../Engine/Content/EngineMaterials/Substrate/GLints/dict_16_192_64_0p5_0p02_0005_0006.uexp" 8074
"../../../Engine/Content/EngineMaterials/Substrate/GLints/dict_16_192_64_0p5_0p02_0006_0009.uasset" 8075
"../../../Engine/Content/EngineMaterials/Substrate/GLints/dict_16_192_64_0p5_0p02_0006_0009.uexp" 8076
"../../../Engine/Content/EngineMaterials/Substrate/GLints/dict_16_192_64_0p5_0p02_0032_0011.uasset" 8077
"../../../Engine/Content/EngineMaterials/Substrate/GLints/dict_16_192_64_0p5_0p02_0032_0011.uexp" 8078
"../../../Engine/Content/EngineMaterials/Substrate/GLints/dict_16_192_64_0p5_0p02_0038_0009.uasset" 8079
"../../../Engine/Content/EngineMaterials/Substrate/GLints/dict_16_192_64_0p5_0p02_0038_0009.uexp" 8080
"../../../Engine/Content/EngineMaterials/Substrate/GLints/dict_16_192_64_0p5_0p02_0029_0009.uasset" 8081
"../../../Engine/Content/EngineMaterials/Substrate/GLints/dict_16_192_64_0p5_0p02_0029_0009.uexp" 8082
"../../../Engine/Content/EngineMaterials/Substrate/GLints/dict_16_192_64_0p5_0p02_0041_0009.uasset" 8083
"../../../Engine/Content/EngineMaterials/Substrate/GLints/dict_16_192_64_0p5_0p02_0041_0009.uexp" 8084
"../../../Engine/Content/EngineMaterials/Substrate/GLints/dict_16_192_64_0p5_0p02_0063_0000.uasset" 8085
"../../../Engine/Content/EngineMaterials/Substrate/GLints/dict_16_192_64_0p5_0p02_0063_0000.uexp" 8086
"../../../Engine/Content/EngineMaterials/Substrate/GLints/dict_16_192_64_0p5_0p02_0040_0007.uasset" 8087
"../../../Engine/Content/EngineMaterials/Substrate/GLints/dict_16_192_64_0p5_0p02_0040_0007.uexp" 8088
"../../../Engine/Content/EngineMaterials/Substrate/GLints/dict_16_192_64_0p5_0p02_0015_0004.uasset" 8089
"../../../Engine/Content/EngineMaterials/Substrate/GLints/dict_16_192_64_0p5_0p02_0015_0004.uexp" 8090
"../../../Engine/Content/EngineMaterials/Substrate/GLints/dict_16_192_64_0p5_0p02_0038_0002.uasset" 8091
"../../../Engine/Content/EngineMaterials/Substrate/GLints/dict_16_192_64_0p5_0p02_0038_0002.uexp" 8092
"../../../Engine/Content/EngineMaterials/Substrate/GLints/dict_16_192_64_0p5_0p02_0059_0011.uasset" 8093
"../../../Engine/Content/EngineMaterials/Substrate/GLints/dict_16_192_64_0p5_0p02_0059_0011.uexp" 8094
"../../../Engine/Content/EngineMaterials/Substrate/GLints/dict_16_192_64_0p5_0p02_0051_0007.uasset" 8095
"../../../Engine/Content/EngineMaterials/Substrate/GLints/dict_16_192_64_0p5_0p02_0051_0007.uexp" 8096
"../../../Engine/Content/EngineMaterials/Substrate/GLints/dict_16_192_64_0p5_0p02_0010_0012.uasset" 8097
"../../../Engine/Content/EngineMaterials/Substrate/GLints/dict_16_192_64_0p5_0p02_0010_0012.uexp" 8098
"../../../Engine/Content/EngineMaterials/Substrate/GLints/dict_16_192_64_0p5_0p02_0021_0006.uasset" 8099
"../../../Engine/Content/EngineMaterials/Substrate/GLints/dict_16_192_64_0p5_0p02_0021_0006.uexp" 8100
"../../../Engine/Content/EngineMaterials/Substrate/GLints/dict_16_192_64_0p5_0p02_0009_0014.uasset" 8101
"../../../Engine/Content/EngineMaterials/Substrate/GLints/dict_16_192_64_0p5_0p02_0009_0014.uexp" 8102
"../../../Engine/Content/EngineMaterials/Substrate/GLints/dict_16_192_64_0p5_0p02_0006_0007.uasset" 8103
"../../../Engine/Content/EngineMaterials/Substrate/GLints/dict_16_192_64_0p5_0p02_0006_0007.uexp" 8104
"../../../Engine/Content/EngineMaterials/Substrate/GLints/dict_16_192_64_0p5_0p02_0004_0005.uasset" 8105
"../../../Engine/Content/EngineMaterials/Substrate/GLints/dict_16_192_64_0p5_0p02_0004_0005.uexp" 8106
"../../../Engine/Content/EngineMaterials/Substrate/GLints/dict_16_192_64_0p5_0p02_0054_0008.uasset" 8107
"../../../Engine/Content/EngineMaterials/Substrate/GLints/dict_16_192_64_0p5_0p02_0054_0008.uexp" 8108
"../../../Engine/Content/EngineMaterials/Substrate/GLints/dict_16_192_64_0p5_0p02_0046_0010.uasset" 8109
"../../../Engine/Content/EngineMaterials/Substrate/GLints/dict_16_192_64_0p5_0p02_0046_0010.uexp" 8110
"../../../Engine/Content/EngineMaterials/Substrate/GLints/dict_16_192_64_0p5_0p02_0004_0014.uasset" 8111
"../../../Engine/Content/EngineMaterials/Substrate/GLints/dict_16_192_64_0p5_0p02_0004_0014.uexp" 8112
"../../../Engine/Content/EngineMaterials/Substrate/GLints/dict_16_192_64_0p5_0p02_0049_0015.uasset" 8113
"../../../Engine/Content/EngineMaterials/Substrate/GLints/dict_16_192_64_0p5_0p02_0049_0015.uexp" 8114
"../../../Engine/Content/EngineMaterials/Substrate/GLints/dict_16_192_64_0p5_0p02_0041_0003.uasset" 8115
"../../../Engine/Content/EngineMaterials/Substrate/GLints/dict_16_192_64_0p5_0p02_0041_0003.uexp" 8116
"../../../Engine/Content/EngineMaterials/Substrate/GLints/dict_16_192_64_0p5_0p02_0055_0015.uasset" 8117
"../../../Engine/Content/EngineMaterials/Substrate/GLints/dict_16_192_64_0p5_0p02_0055_0015.uexp" 8118
"../../../Engine/Content/EngineMaterials/Substrate/GLints/dict_16_192_64_0p5_0p02_0049_0008.uasset" 8119
"../../../Engine/Content/EngineMaterials/Substrate/GLints/dict_16_192_64_0p5_0p02_0049_0008.uexp" 8120
"../../../Engine/Content/EngineMaterials/Substrate/GLints/dict_16_192_64_0p5_0p02_0039_0003.uasset" 8121
"../../../Engine/Content/EngineMaterials/Substrate/GLints/dict_16_192_64_0p5_0p02_0039_0003.uexp" 8122
"../../../Engine/Content/EngineMaterials/Substrate/GLints/dict_16_192_64_0p5_0p02_0060_0005.uasset" 8123
"../../../Engine/Content/EngineMaterials/Substrate/GLints/dict_16_192_64_0p5_0p02_0060_0005.uexp" 8124
"../../../Engine/Content/EngineMaterials/Substrate/GLints/dict_16_192_64_0p5_0p02_0047_0004.uasset" 8125
"../../../Engine/Content/EngineMaterials/Substrate/GLints/dict_16_192_64_0p5_0p02_0047_0004.uexp" 8126
"../../../Engine/Content/EngineMaterials/Substrate/GLints/dict_16_192_64_0p5_0p02_0030_0010.uasset" 8127
"../../../Engine/Content/EngineMaterials/Substrate/GLints/dict_16_192_64_0p5_0p02_0030_0010.uexp" 8128
"../../../Engine/Content/EngineMaterials/Substrate/GLints/dict_16_192_64_0p5_0p02_0016_0007.uasset" 8129
"../../../Engine/Content/EngineMaterials/Substrate/GLints/dict_16_192_64_0p5_0p02_0016_0007.uexp" 8130
"../../../Engine/Content/EngineMaterials/Substrate/GLints/dict_16_192_64_0p5_0p02_0011_0010.uasset" 8131
"../../../Engine/Content/EngineMaterials/Substrate/GLints/dict_16_192_64_0p5_0p02_0011_0010.uexp" 8132
"../../../Engine/Content/EngineMaterials/Substrate/GLints/dict_16_192_64_0p5_0p02_0043_0013.uasset" 8133
"../../../Engine/Content/EngineMaterials/Substrate/GLints/dict_16_192_64_0p5_0p02_0043_0013.uexp" 8134
"../../../Engine/Content/EngineMaterials/Substrate/GLints/dict_16_192_64_0p5_0p02_0046_0001.uasset" 8135
"../../../Engine/Content/EngineMaterials/Substrate/GLints/dict_16_192_64_0p5_0p02_0046_0001.uexp" 8136
"../../../Engine/Content/EngineMaterials/Substrate/GLints/dict_16_192_64_0p5_0p02_0014_0004.uasset" 8137
"../../../Engine/Content/EngineMaterials/Substrate/GLints/dict_16_192_64_0p5_0p02_0014_0004.uexp" 8138
"../../../Engine/Content/EngineMaterials/Substrate/GLints/dict_16_192_64_0p5_0p02_0026_0000.uasset" 8139
"../../../Engine/Content/EngineMaterials/Substrate/GLints/dict_16_192_64_0p5_0p02_0026_0000.uexp" 8140
"../../../Engine/Content/EngineMaterials/Substrate/GLints/dict_16_192_64_0p5_0p02_0034_0006.uasset" 8141
"../../../Engine/Content/EngineMaterials/Substrate/GLints/dict_16_192_64_0p5_0p02_0034_0006.uexp" 8142
"../../../Engine/Content/EngineMaterials/Substrate/GLints/dict_16_192_64_0p5_0p02_0017_0008.uasset" 8143
"../../../Engine/Content/EngineMaterials/Substrate/GLints/dict_16_192_64_0p5_0p02_0017_0008.uexp" 8144
"../../../Engine/Content/EngineMaterials/Substrate/GLints/dict_16_192_64_0p5_0p02_0053_0006.uasset" 8145
"../../../Engine/Content/EngineMaterials/Substrate/GLints/dict_16_192_64_0p5_0p02_0053_0006.uexp" 8146
"../../../Engine/Content/EngineMaterials/Substrate/GLints/dict_16_192_64_0p5_0p02_0048_0005.uasset" 8147
"../../../Engine/Content/EngineMaterials/Substrate/GLints/dict_16_192_64_0p5_0p02_0048_0005.uexp" 8148
"../../../Engine/Content/EngineMaterials/Substrate/GLints/dict_16_192_64_0p5_0p02_0047_0012.uasset" 8149
"../../../Engine/Content/EngineMaterials/Substrate/GLints/dict_16_192_64_0p5_0p02_0047_0012.uexp" 8150
"../../../Engine/Content/EngineMaterials/Substrate/GLints/dict_16_192_64_0p5_0p02_0011_0012.uasset" 8151
"../../../Engine/Content/EngineMaterials/Substrate/GLints/dict_16_192_64_0p5_0p02_0011_0012.uexp" 8152
"../../../Engine/Content/EngineMaterials/Substrate/GLints/dict_16_192_64_0p5_0p02_0001_0009.uasset" 8153
"../../../Engine/Content/EngineMaterials/Substrate/GLints/dict_16_192_64_0p5_0p02_0001_0009.uexp" 8154
"../../../Engine/Content/EngineMaterials/Substrate/GLints/dict_16_192_64_0p5_0p02_0061_0013.uasset" 8155
"../../../Engine/Content/EngineMaterials/Substrate/GLints/dict_16_192_64_0p5_0p02_0061_0013.uexp" 8156
"../../../Engine/Content/EngineMaterials/Substrate/GLints/dict_16_192_64_0p5_0p02_0025_0002.uasset" 8157
"../../../Engine/Content/EngineMaterials/Substrate/GLints/dict_16_192_64_0p5_0p02_0025_0002.uexp" 8158
"../../../Engine/Content/EngineMaterials/Substrate/GLints/dict_16_192_64_0p5_0p02_0063_0008.uasset" 8159
"../../../Engine/Content/EngineMaterials/Substrate/GLints/dict_16_192_64_0p5_0p02_0063_0008.uexp" 8160
"../../../Engine/Content/EngineMaterials/Substrate/GLints/dict_16_192_64_0p5_0p02_0009_0013.uasset" 8161
"../../../Engine/Content/EngineMaterials/Substrate/GLints/dict_16_192_64_0p5_0p02_0009_0013.uexp" 8162
"../../../Engine/Content/EngineMaterials/Substrate/GLints/dict_16_192_64_0p5_0p02_0049_0014.uasset" 8163
"../../../Engine/Content/EngineMaterials/Substrate/GLints/dict_16_192_64_0p5_0p02_0049_0014.uexp" 8164
"../../../Engine/Content/EngineMaterials/Substrate/GLints/dict_16_192_64_0p5_0p02_0015_0001.uasset" 8165
"../../../Engine/Content/EngineMaterials/Substrate/GLints/dict_16_192_64_0p5_0p02_0015_0001.uexp" 8166
"../../../Engine/Content/EngineMaterials/Substrate/GLints/dict_16_192_64_0p5_0p02_0007_0013.uasset" 8167
"../../../Engine/Content/EngineMaterials/Substrate/GLints/dict_16_192_64_0p5_0p02_0007_0013.uexp" 8168
"../../../Engine/Content/EngineMaterials/Substrate/GLints/dict_16_192_64_0p5_0p02_0058_0003.uasset" 8169
"../../../Engine/Content/EngineMaterials/Substrate/GLints/dict_16_192_64_0p5_0p02_0058_0003.uexp" 8170
"../../../Engine/Content/EngineMaterials/Substrate/GLints/dict_16_192_64_0p5_0p02_0056_0014.uasset" 8171
"../../../Engine/Content/EngineMaterials/Substrate/GLints/dict_16_192_64_0p5_0p02_0056_0014.uexp" 8172
"../../../Engine/Content/EngineMaterials/Substrate/GLints/dict_16_192_64_0p5_0p02_0030_0005.uasset" 8173
"../../../Engine/Content/EngineMaterials/Substrate/GLints/dict_16_192_64_0p5_0p02_0030_0005.uexp" 8174
"../../../Engine/Content/EngineMaterials/Substrate/GLints/dict_16_192_64_0p5_0p02_0011_0011.uasset" 8175
"../../../Engine/Content/EngineMaterials/Substrate/GLints/dict_16_192_64_0p5_0p02_0011_0011.uexp" 8176
"../../../Engine/Content/EngineMaterials/Substrate/GLints/dict_16_192_64_0p5_0p02_0028_0015.uasset" 8177
"../../../Engine/Content/EngineMaterials/Substrate/GLints/dict_16_192_64_0p5_0p02_0028_0015.uexp" 8178
"../../../Engine/Content/EngineMaterials/Substrate/GLints/dict_16_192_64_0p5_0p02_0013_0013.uasset" 8179
"../../../Engine/Content/EngineMaterials/Substrate/GLints/dict_16_192_64_0p5_0p02_0013_0013.uexp" 8180
"../../../Engine/Content/EngineMaterials/Substrate/GLints/dict_16_192_64_0p5_0p02_0011_0004.uasset" 8181
"../../../Engine/Content/EngineMaterials/Substrate/GLints/dict_16_192_64_0p5_0p02_0011_0004.uexp" 8182
"../../../Engine/Content/EngineMaterials/Substrate/GLints/dict_16_192_64_0p5_0p02_0002_0015.uasset" 8183
"../../../Engine/Content/EngineMaterials/Substrate/GLints/dict_16_192_64_0p5_0p02_0002_0015.uexp" 8184
"../../../Engine/Content/EngineMaterials/Substrate/GLints/dict_16_192_64_0p5_0p02_0062_0014.uasset" 8185
"../../../Engine/Content/EngineMaterials/Substrate/GLints/dict_16_192_64_0p5_0p02_0062_0014.uexp" 8186
"../../../Engine/Content/EngineMaterials/Substrate/GLints/dict_16_192_64_0p5_0p02_0036_0006.uasset" 8187
"../../../Engine/Content/EngineMaterials/Substrate/GLints/dict_16_192_64_0p5_0p02_0036_0006.uexp" 8188
"../../../Engine/Content/EngineMaterials/Substrate/GLints/dict_16_192_64_0p5_0p02_0013_0001.uasset" 8189
"../../../Engine/Content/EngineMaterials/Substrate/GLints/dict_16_192_64_0p5_0p02_0013_0001.uexp" 8190
"../../../Engine/Content/EngineMaterials/Substrate/GLints/dict_16_192_64_0p5_0p02_0021_0011.uasset" 8191
"../../../Engine/Content/EngineMaterials/Substrate/GLints/dict_16_192_64_0p5_0p02_0021_0011.uexp" 8192
"../../../Engine/Content/EngineMaterials/Substrate/GLints/dict_16_192_64_0p5_0p02_0035_0010.uasset" 8193
"../../../Engine/Content/EngineMaterials/Substrate/GLints/dict_16_192_64_0p5_0p02_0035_0010.uexp" 8194
"../../../Engine/Content/EngineMaterials/Substrate/GLints/dict_16_192_64_0p5_0p02_0001_0012.uasset" 8195
"../../../Engine/Content/EngineMaterials/Substrate/GLints/dict_16_192_64_0p5_0p02_0001_0012.uexp" 8196
"../../../Engine/Content/EngineMaterials/Substrate/GLints/dict_16_192_64_0p5_0p02_0023_0001.uasset" 8197
"../../../Engine/Content/EngineMaterials/Substrate/GLints/dict_16_192_64_0p5_0p02_0023_0001.uexp" 8198
"../../../Engine/Content/EngineMaterials/Substrate/GLints/dict_16_192_64_0p5_0p02_0056_0002.uasset" 8199
"../../../Engine/Content/EngineMaterials/Substrate/GLints/dict_16_192_64_0p5_0p02_0056_0002.uexp" 8200
"../../../Engine/Content/EngineMaterials/Substrate/GLints/dict_16_192_64_0p5_0p02_0017_0005.uasset" 8201
"../../../Engine/Content/EngineMaterials/Substrate/GLints/dict_16_192_64_0p5_0p02_0017_0005.uexp" 8202
"../../../Engine/Content/EngineMaterials/Substrate/GLints/dict_16_192_64_0p5_0p02_0013_0009.uasset" 8203
"../../../Engine/Content/EngineMaterials/Substrate/GLints/dict_16_192_64_0p5_0p02_0013_0009.uexp" 8204
"../../../Engine/Content/EngineMaterials/Substrate/GLints/dict_16_192_64_0p5_0p02_0045_0012.uasset" 8205
"../../../Engine/Content/EngineMaterials/Substrate/GLints/dict_16_192_64_0p5_0p02_0045_0012.uexp" 8206
"../../../Engine/Content/EngineMaterials/Substrate/GLints/dict_16_192_64_0p5_0p02_0049_0011.uasset" 8207
"../../../Engine/Content/EngineMaterials/Substrate/GLints/dict_16_192_64_0p5_0p02_0049_0011.uexp" 8208
"../../../Engine/Content/EngineMaterials/Substrate/GLints/dict_16_192_64_0p5_0p02_0034_0011.uasset" 8209
"../../../Engine/Content/EngineMaterials/Substrate/GLints/dict_16_192_64_0p5_0p02_0034_0011.uexp" 8210
"../../../Engine/Content/EngineMaterials/Substrate/GLints/dict_16_192_64_0p5_0p02_0005_0010.uasset" 8211
"../../../Engine/Content/EngineMaterials/Substrate/GLints/dict_16_192_64_0p5_0p02_0005_0010.uexp" 8212
"../../../Engine/Content/EngineMaterials/Substrate/GLints/dict_16_192_64_0p5_0p02_0000_0006.uasset" 8213
"../../../Engine/Content/EngineMaterials/Substrate/GLints/dict_16_192_64_0p5_0p02_0000_0006.uexp" 8214
"../../../Engine/Content/EngineMaterials/Substrate/GLints/dict_16_192_64_0p5_0p02_0042_0003.uasset" 8215
"../../../Engine/Content/EngineMaterials/Substrate/GLints/dict_16_192_64_0p5_0p02_0042_0003.uexp" 8216
"../../../Engine/Content/EngineMaterials/Substrate/GLints/dict_16_192_64_0p5_0p02_0060_0011.uasset" 8217
"../../../Engine/Content/EngineMaterials/Substrate/GLints/dict_16_192_64_0p5_0p02_0060_0011.uexp" 8218
"../../../Engine/Content/EngineMaterials/Substrate/GLints/dict_16_192_64_0p5_0p02_0022_0006.uasset" 8219
"../../../Engine/Content/EngineMaterials/Substrate/GLints/dict_16_192_64_0p5_0p02_0022_0006.uexp" 8220
"../../../Engine/Content/EngineMaterials/Substrate/GLints/dict_16_192_64_0p5_0p02_0037_0015.uasset" 8221
"../../../Engine/Content/EngineMaterials/Substrate/GLints/dict_16_192_64_0p5_0p02_0037_0015.uexp" 8222
"../../../Engine/Content/EngineMaterials/Substrate/GLints/dict_16_192_64_0p5_0p02_0001_0005.uasset" 8223
"../../../Engine/Content/EngineMaterials/Substrate/GLints/dict_16_192_64_0p5_0p02_0001_0005.uexp" 8224
"../../../Engine/Content/EngineMaterials/Substrate/GLints/dict_16_192_64_0p5_0p02_0057_0010.uasset" 8225
"../../../Engine/Content/EngineMaterials/Substrate/GLints/dict_16_192_64_0p5_0p02_0057_0010.uexp" 8226
"../../../Engine/Content/EngineMaterials/Substrate/GLints/dict_16_192_64_0p5_0p02_0027_0005.uasset" 8227
"../../../Engine/Content/EngineMaterials/Substrate/GLints/dict_16_192_64_0p5_0p02_0027_0005.uexp" 8228
"../../../Engine/Content/EngineMaterials/Substrate/GLints/dict_16_192_64_0p5_0p02_0014_0009.uasset" 8229
"../../../Engine/Content/EngineMaterials/Substrate/GLints/dict_16_192_64_0p5_0p02_0014_0009.uexp" 8230
"../../../Engine/Content/EngineMaterials/Substrate/GLints/dict_16_192_64_0p5_0p02_0045_0014.uasset" 8231
"../../../Engine/Content/EngineMaterials/Substrate/GLints/dict_16_192_64_0p5_0p02_0045_0014.uexp" 8232
"../../../Engine/Content/EngineMaterials/Substrate/GLints/dict_16_192_64_0p5_0p02_0031_0003.uasset" 8233
"../../../Engine/Content/EngineMaterials/Substrate/GLints/dict_16_192_64_0p5_0p02_0031_0003.uexp" 8234
"../../../Engine/Content/EngineMaterials/Substrate/GLints/dict_16_192_64_0p5_0p02_0006_0011.uasset" 8235
"../../../Engine/Content/EngineMaterials/Substrate/GLints/dict_16_192_64_0p5_0p02_0006_0011.uexp" 8236
"../../../Engine/Content/EngineMaterials/Substrate/GLints/dict_16_192_64_0p5_0p02_0054_0011.uasset" 8237
"../../../Engine/Content/EngineMaterials/Substrate/GLints/dict_16_192_64_0p5_0p02_0054_0011.uexp" 8238
"../../../Engine/Content/EngineMaterials/Substrate/GLints/dict_16_192_64_0p5_0p02_0050_0013.uasset" 8239
"../../../Engine/Content/EngineMaterials/Substrate/GLints/dict_16_192_64_0p5_0p02_0050_0013.uexp" 8240
"../../../Engine/Content/EngineMaterials/Substrate/GLints/dict_16_192_64_0p5_0p02_0047_0006.uasset" 8241
"../../../Engine/Content/EngineMaterials/Substrate/GLints/dict_16_192_64_0p5_0p02_0047_0006.uexp" 8242
"../../../Engine/Content/EngineMaterials/Substrate/GLints/dict_16_192_64_0p5_0p02_0046_0009.uasset" 8243
"../../../Engine/Content/EngineMaterials/Substrate/GLints/dict_16_192_64_0p5_0p02_0046_0009.uexp" 8244
"../../../Engine/Content/EngineMaterials/Substrate/GLints/dict_16_192_64_0p5_0p02_0007_0012.uasset" 8245
"../../../Engine/Content/EngineMaterials/Substrate/GLints/dict_16_192_64_0p5_0p02_0007_0012.uexp" 8246
"../../../Engine/Content/EngineMaterials/Substrate/GLints/dict_16_192_64_0p5_0p02_0039_0011.uasset" 8247
"../../../Engine/Content/EngineMaterials/Substrate/GLints/dict_16_192_64_0p5_0p02_0039_0011.uexp" 8248
"../../../Engine/Content/EngineMaterials/Substrate/GLints/dict_16_192_64_0p5_0p02_0005_0012.uasset" 8249
"../../../Engine/Content/EngineMaterials/Substrate/GLints/dict_16_192_64_0p5_0p02_0005_0012.uexp" 8250
"../../../Engine/Content/EngineMaterials/Substrate/GLints/dict_16_192_64_0p5_0p02_0015_0003.uasset" 8251
"../../../Engine/Content/EngineMaterials/Substrate/GLints/dict_16_192_64_0p5_0p02_0015_0003.uexp" 8252
"../../../Engine/Content/EngineMaterials/Substrate/GLints/dict_16_192_64_0p5_0p02_0043_0000.uasset" 8253
"../../../Engine/Content/EngineMaterials/Substrate/GLints/dict_16_192_64_0p5_0p02_0043_0000.uexp" 8254
"../../../Engine/Content/EngineMaterials/Substrate/GLints/dict_16_192_64_0p5_0p02_0029_0010.uasset" 8255
"../../../Engine/Content/EngineMaterials/Substrate/GLints/dict_16_192_64_0p5_0p02_0029_0010.uexp" 8256
"../../../Engine/Content/EngineMaterials/Substrate/GLints/dict_16_192_64_0p5_0p02_0015_0014.uasset" 8257
"../../../Engine/Content/EngineMaterials/Substrate/GLints/dict_16_192_64_0p5_0p02_0015_0014.uexp" 8258
"../../../Engine/Content/EngineMaterials/Substrate/GLints/dict_16_192_64_0p5_0p02_0013_0015.uasset" 8259
"../../../Engine/Content/EngineMaterials/Substrate/GLints/dict_16_192_64_0p5_0p02_0013_0015.uexp" 8260
"../../../Engine/Content/EngineMaterials/Substrate/GLints/dict_16_192_64_0p5_0p02_0012_0008.uasset" 8261
"../../../Engine/Content/EngineMaterials/Substrate/GLints/dict_16_192_64_0p5_0p02_0012_0008.uexp" 8262
"../../../Engine/Content/EngineMaterials/Substrate/GLints/dict_16_192_64_0p5_0p02_0036_0010.uasset" 8263
"../../../Engine/Content/EngineMaterials/Substrate/GLints/dict_16_192_64_0p5_0p02_0036_0010.uexp" 8264
"../../../Engine/Content/EngineMaterials/Substrate/GLints/dict_16_192_64_0p5_0p02_0015_0013.uasset" 8265
"../../../Engine/Content/EngineMaterials/Substrate/GLints/dict_16_192_64_0p5_0p02_0015_0013.uexp" 8266
"../../../Engine/Content/EngineMaterials/Substrate/GLints/dict_16_192_64_0p5_0p02_0029_0003.uasset" 8267
"../../../Engine/Content/EngineMaterials/Substrate/GLints/dict_16_192_64_0p5_0p02_0029_0003.uexp" 8268
"../../../Engine/Content/EngineMaterials/Substrate/GLints/dict_16_192_64_0p5_0p02_0046_0000.uasset" 8269
"../../../Engine/Content/EngineMaterials/Substrate/GLints/dict_16_192_64_0p5_0p02_0046_0000.uexp" 8270
"../../../Engine/Content/EngineMaterials/Substrate/GLints/dict_16_192_64_0p5_0p02_0062_0015.uasset" 8271
"../../../Engine/Content/EngineMaterials/Substrate/GLints/dict_16_192_64_0p5_0p02_0062_0015.uexp" 8272
"../../../Engine/Content/EngineMaterials/Substrate/GLints/dict_16_192_64_0p5_0p02_0002_0006.uasset" 8273
"../../../Engine/Content/EngineMaterials/Substrate/GLints/dict_16_192_64_0p5_0p02_0002_0006.uexp" 8274
"../../../Engine/Content/EngineMaterials/Substrate/GLints/dict_16_192_64_0p5_0p02_0039_0010.uasset" 8275
"../../../Engine/Content/EngineMaterials/Substrate/GLints/dict_16_192_64_0p5_0p02_0039_0010.uexp" 8276
"../../../Engine/Content/EngineMaterials/Substrate/GLints/dict_16_192_64_0p5_0p02_0020_0002.uasset" 8277
"../../../Engine/Content/EngineMaterials/Substrate/GLints/dict_16_192_64_0p5_0p02_0020_0002.uexp" 8278
"../../../Engine/Content/EngineMaterials/Substrate/GLints/dict_16_192_64_0p5_0p02_0013_0007.uasset" 8279
"../../../Engine/Content/EngineMaterials/Substrate/GLints/dict_16_192_64_0p5_0p02_0013_0007.uexp" 8280
"../../../Engine/Content/EngineMaterials/Substrate/GLints/dict_16_192_64_0p5_0p02_0020_0012.uasset" 8281
"../../../Engine/Content/EngineMaterials/Substrate/GLints/dict_16_192_64_0p5_0p02_0020_0012.uexp" 8282
"../../../Engine/Content/EngineMaterials/Substrate/GLints/dict_16_192_64_0p5_0p02_0052_0013.uasset" 8283
"../../../Engine/Content/EngineMaterials/Substrate/GLints/dict_16_192_64_0p5_0p02_0052_0013.uexp" 8284
"../../../Engine/Content/EngineMaterials/Substrate/GLints/dict_16_192_64_0p5_0p02_0060_0001.uasset" 8285
"../../../Engine/Content/EngineMaterials/Substrate/GLints/dict_16_192_64_0p5_0p02_0060_0001.uexp" 8286
"../../../Engine/Content/EngineMaterials/Substrate/GLints/dict_16_192_64_0p5_0p02_0019_0014.uasset" 8287
"../../../Engine/Content/EngineMaterials/Substrate/GLints/dict_16_192_64_0p5_0p02_0019_0014.uexp" 8288
"../../../Engine/Content/EngineMaterials/Substrate/GLints/dict_16_192_64_0p5_0p02_0051_0001.uasset" 8289
"../../../Engine/Content/EngineMaterials/Substrate/GLints/dict_16_192_64_0p5_0p02_0051_0001.uexp" 8290
"../../../Engine/Content/EngineMaterials/Substrate/GLints/dict_16_192_64_0p5_0p02_0061_0011.uasset" 8291
"../../../Engine/Content/EngineMaterials/Substrate/GLints/dict_16_192_64_0p5_0p02_0061_0011.uexp" 8292
"../../../Engine/Content/EngineMaterials/Substrate/GLints/dict_16_192_64_0p5_0p02_0003_0015.uasset" 8293
"../../../Engine/Content/EngineMaterials/Substrate/GLints/dict_16_192_64_0p5_0p02_0003_0015.uexp" 8294
"../../../Engine/Content/EngineMaterials/Substrate/GLints/dict_16_192_64_0p5_0p02_0033_0014.uasset" 8295
"../../../Engine/Content/EngineMaterials/Substrate/GLints/dict_16_192_64_0p5_0p02_0033_0014.uexp" 8296
"../../../Engine/Content/EngineMaterials/Substrate/GLints/dict_16_192_64_0p5_0p02_0000_0012.uasset" 8297
"../../../Engine/Content/EngineMaterials/Substrate/GLints/dict_16_192_64_0p5_0p02_0000_0012.uexp" 8298
"../../../Engine/Content/EngineMaterials/Substrate/GLints/dict_16_192_64_0p5_0p02_0047_0008.uasset" 8299
"../../../Engine/Content/EngineMaterials/Substrate/GLints/dict_16_192_64_0p5_0p02_0047_0008.uexp" 8300
"../../../Engine/Content/EngineMaterials/Substrate/GLints/dict_16_192_64_0p5_0p02_0001_0003.uasset" 8301
"../../../Engine/Content/EngineMaterials/Substrate/GLints/dict_16_192_64_0p5_0p02_0001_0003.uexp" 8302
"../../../Engine/Content/EngineMaterials/Substrate/GLints/dict_16_192_64_0p5_0p02_0048_0008.uasset" 8303
"../../../Engine/Content/EngineMaterials/Substrate/GLints/dict_16_192_64_0p5_0p02_0048_0008.uexp" 8304
"../../../Engine/Content/EngineMaterials/Substrate/GLints/dict_16_192_64_0p5_0p02_0050_0007.uasset" 8305
"../../../Engine/Content/EngineMaterials/Substrate/GLints/dict_16_192_64_0p5_0p02_0050_0007.uexp" 8306
"../../../Engine/Content/EngineMaterials/Substrate/GLints/dict_16_192_64_0p5_0p02_0049_0013.uasset" 8307
"../../../Engine/Content/EngineMaterials/Substrate/GLints/dict_16_192_64_0p5_0p02_0049_0013.uexp" 8308
"../../../Engine/Content/EngineMaterials/Substrate/GLints/dict_16_192_64_0p5_0p02_0019_0015.uasset" 8309
"../../../Engine/Content/EngineMaterials/Substrate/GLints/dict_16_192_64_0p5_0p02_0019_0015.uexp" 8310
"../../../Engine/Content/EngineMaterials/Substrate/GLints/dict_16_192_64_0p5_0p02_0045_0011.uasset" 8311
"../../../Engine/Content/EngineMaterials/Substrate/GLints/dict_16_192_64_0p5_0p02_0045_0011.uexp" 8312
"../../../Engine/Content/EngineMaterials/Substrate/GLints/dict_16_192_64_0p5_0p02_0046_0005.uasset" 8313
"../../../Engine/Content/EngineMaterials/Substrate/GLints/dict_16_192_64_0p5_0p02_0046_0005.uexp" 8314
"../../../Engine/Content/EngineMaterials/Substrate/GLints/dict_16_192_64_0p5_0p02_0026_0011.uasset" 8315
"../../../Engine/Content/EngineMaterials/Substrate/GLints/dict_16_192_64_0p5_0p02_0026_0011.uexp" 8316
"../../../Engine/Content/EngineMaterials/Substrate/GLints/dict_16_192_64_0p5_0p02_0057_0003.uasset" 8317
"../../../Engine/Content/EngineMaterials/Substrate/GLints/dict_16_192_64_0p5_0p02_0057_0003.uexp" 8318
"../../../Engine/Content/EngineMaterials/Substrate/GLints/dict_16_192_64_0p5_0p02_0007_0006.uasset" 8319
"../../../Engine/Content/EngineMaterials/Substrate/GLints/dict_16_192_64_0p5_0p02_0007_0006.uexp" 8320
"../../../Engine/Content/EngineMaterials/Substrate/GLints/dict_16_192_64_0p5_0p02_0040_0001.uasset" 8321
"../../../Engine/Content/EngineMaterials/Substrate/GLints/dict_16_192_64_0p5_0p02_0040_0001.uexp" 8322
"../../../Engine/Content/EngineMaterials/Substrate/GLints/dict_16_192_64_0p5_0p02_0026_0010.uasset" 8323
"../../../Engine/Content/EngineMaterials/Substrate/GLints/dict_16_192_64_0p5_0p02_0026_0010.uexp" 8324
"../../../Engine/Content/EngineMaterials/Substrate/GLints/dict_16_192_64_0p5_0p02_0059_0008.uasset" 8325
"../../../Engine/Content/EngineMaterials/Substrate/GLints/dict_16_192_64_0p5_0p02_0059_0008.uexp" 8326
"../../../Engine/Content/EngineMaterials/Substrate/GLints/dict_16_192_64_0p5_0p02_0016_0010.uasset" 8327
"../../../Engine/Content/EngineMaterials/Substrate/GLints/dict_16_192_64_0p5_0p02_0016_0010.uexp" 8328
"../../../Engine/Content/EngineMaterials/Substrate/GLints/dict_16_192_64_0p5_0p02_0015_0008.uasset" 8329
"../../../Engine/Content/EngineMaterials/Substrate/GLints/dict_16_192_64_0p5_0p02_0015_0008.uexp" 8330
"../../../Engine/Content/EngineMaterials/Substrate/GLints/dict_16_192_64_0p5_0p02_0043_0011.uasset" 8331
"../../../Engine/Content/EngineMaterials/Substrate/GLints/dict_16_192_64_0p5_0p02_0043_0011.uexp" 8332
"../../../Engine/Content/EngineMaterials/Substrate/GLints/dict_16_192_64_0p5_0p02_0045_0015.uasset" 8333
"../../../Engine/Content/EngineMaterials/Substrate/GLints/dict_16_192_64_0p5_0p02_0045_0015.uexp" 8334
"../../../Engine/Content/EngineMaterials/Substrate/GLints/dict_16_192_64_0p5_0p02_0024_0004.uasset" 8335
"../../../Engine/Content/EngineMaterials/Substrate/GLints/dict_16_192_64_0p5_0p02_0024_0004.uexp" 8336
"../../../Engine/Content/EngineMaterials/Substrate/GLints/dict_16_192_64_0p5_0p02_0025_0009.uasset" 8337
"../../../Engine/Content/EngineMaterials/Substrate/GLints/dict_16_192_64_0p5_0p02_0025_0009.uexp" 8338
"../../../Engine/Content/EngineMaterials/Substrate/GLints/dict_16_192_64_0p5_0p02_0012_0014.uasset" 8339
"../../../Engine/Content/EngineMaterials/Substrate/GLints/dict_16_192_64_0p5_0p02_0012_0014.uexp" 8340
"../../../Engine/Content/EngineMaterials/Substrate/GLints/dict_16_192_64_0p5_0p02_0053_0004.uasset" 8341
"../../../Engine/Content/EngineMaterials/Substrate/GLints/dict_16_192_64_0p5_0p02_0053_0004.uexp" 8342
"../../../Engine/Content/EngineMaterials/Substrate/GLints/dict_16_192_64_0p5_0p02_0017_0004.uasset" 8343
"../../../Engine/Content/EngineMaterials/Substrate/GLints/dict_16_192_64_0p5_0p02_0017_0004.uexp" 8344
"../../../Engine/Content/EngineMaterials/Substrate/GLints/dict_16_192_64_0p5_0p02_0018_0004.uasset" 8345
"../../../Engine/Content/EngineMaterials/Substrate/GLints/dict_16_192_64_0p5_0p02_0018_0004.uexp" 8346
"../../../Engine/Content/EngineMaterials/Substrate/GLints/dict_16_192_64_0p5_0p02_0051_0015.uasset" 8347
"../../../Engine/Content/EngineMaterials/Substrate/GLints/dict_16_192_64_0p5_0p02_0051_0015.uexp" 8348
"../../../Engine/Content/EngineMaterials/Substrate/GLints/dict_16_192_64_0p5_0p02_0057_0013.uasset" 8349
"../../../Engine/Content/EngineMaterials/Substrate/GLints/dict_16_192_64_0p5_0p02_0057_0013.uexp" 8350
"../../../Engine/Content/EngineMaterials/Substrate/GLints/dict_16_192_64_0p5_0p02_0030_0006.uasset" 8351
"../../../Engine/Content/EngineMaterials/Substrate/GLints/dict_16_192_64_0p5_0p02_0030_0006.uexp" 8352
"../../../Engine/Content/EngineMaterials/Substrate/GLints/dict_16_192_64_0p5_0p02_0053_0007.uasset" 8353
"../../../Engine/Content/EngineMaterials/Substrate/GLints/dict_16_192_64_0p5_0p02_0053_0007.uexp" 8354
"../../../Engine/Content/EngineMaterials/Substrate/GLints/dict_16_192_64_0p5_0p02_0046_0003.uasset" 8355
"../../../Engine/Content/EngineMaterials/Substrate/GLints/dict_16_192_64_0p5_0p02_0046_0003.uexp" 8356
"../../../Engine/Content/EngineMaterials/Substrate/GLints/dict_16_192_64_0p5_0p02_0032_0005.uasset" 8357
"../../../Engine/Content/EngineMaterials/Substrate/GLints/dict_16_192_64_0p5_0p02_0032_0005.uexp" 8358
"../../../Engine/Content/EngineMaterials/Substrate/GLints/dict_16_192_64_0p5_0p02_0006_0003.uasset" 8359
"../../../Engine/Content/EngineMaterials/Substrate/GLints/dict_16_192_64_0p5_0p02_0006_0003.uexp" 8360
"../../../Engine/Content/EngineMaterials/Substrate/GLints/dict_16_192_64_0p5_0p02_0018_0006.uasset" 8361
"../../../Engine/Content/EngineMaterials/Substrate/GLints/dict_16_192_64_0p5_0p02_0018_0006.uexp" 8362
"../../../Engine/Content/EngineMaterials/Substrate/GLints/dict_16_192_64_0p5_0p02_0034_0014.uasset" 8363
"../../../Engine/Content/EngineMaterials/Substrate/GLints/dict_16_192_64_0p5_0p02_0034_0014.uexp" 8364
"../../../Engine/Content/EngineMaterials/Substrate/GLints/dict_16_192_64_0p5_0p02_0033_0011.uasset" 8365
"../../../Engine/Content/EngineMaterials/Substrate/GLints/dict_16_192_64_0p5_0p02_0033_0011.uexp" 8366
"../../../Engine/Content/EngineMaterials/Substrate/GLints/dict_16_192_64_0p5_0p02_0007_0004.uasset" 8367
"../../../Engine/Content/EngineMaterials/Substrate/GLints/dict_16_192_64_0p5_0p02_0007_0004.uexp" 8368
"../../../Engine/Content/EngineMaterials/Substrate/GLints/dict_16_192_64_0p5_0p02_0007_0002.uasset" 8369
"../../../Engine/Content/EngineMaterials/Substrate/GLints/dict_16_192_64_0p5_0p02_0007_0002.uexp" 8370
"../../../Engine/Content/EngineMaterials/Substrate/GLints/dict_16_192_64_0p5_0p02_0049_0001.uasset" 8371
"../../../Engine/Content/EngineMaterials/Substrate/GLints/dict_16_192_64_0p5_0p02_0049_0001.uexp" 8372
"../../../Engine/Content/EngineMaterials/Substrate/GLints/dict_16_192_64_0p5_0p02_0028_0012.uasset" 8373
"../../../Engine/Content/EngineMaterials/Substrate/GLints/dict_16_192_64_0p5_0p02_0028_0012.uexp" 8374
"../../../Engine/Content/EngineMaterials/Substrate/GLints/dict_16_192_64_0p5_0p02_0057_0009.uasset" 8375
"../../../Engine/Content/EngineMaterials/Substrate/GLints/dict_16_192_64_0p5_0p02_0057_0009.uexp" 8376
"../../../Engine/Content/EngineMaterials/Substrate/GLints/dict_16_192_64_0p5_0p02_0034_0015.uasset" 8377
"../../../Engine/Content/EngineMaterials/Substrate/GLints/dict_16_192_64_0p5_0p02_0034_0015.uexp" 8378
"../../../Engine/Content/EngineMaterials/Substrate/GLints/dict_16_192_64_0p5_0p02_0024_0008.uasset" 8379
"../../../Engine/Content/EngineMaterials/Substrate/GLints/dict_16_192_64_0p5_0p02_0024_0008.uexp" 8380
"../../../Engine/Content/EngineMaterials/Substrate/GLints/dict_16_192_64_0p5_0p02_0055_0011.uasset" 8381
"../../../Engine/Content/EngineMaterials/Substrate/GLints/dict_16_192_64_0p5_0p02_0055_0011.uexp" 8382
"../../../Engine/Content/EngineMaterials/Substrate/GLints/dict_16_192_64_0p5_0p02_0037_0005.uasset" 8383
"../../../Engine/Content/EngineMaterials/Substrate/GLints/dict_16_192_64_0p5_0p02_0037_0005.uexp" 8384
"../../../Engine/Content/EngineMaterials/Substrate/GLints/dict_16_192_64_0p5_0p02_0023_0000.uasset" 8385
"../../../Engine/Content/EngineMaterials/Substrate/GLints/dict_16_192_64_0p5_0p02_0023_0000.uexp" 8386
"../../../Engine/Content/EngineMaterials/Substrate/GLints/dict_16_192_64_0p5_0p02_0060_0015.uasset" 8387
"../../../Engine/Content/EngineMaterials/Substrate/GLints/dict_16_192_64_0p5_0p02_0060_0015.uexp" 8388
"../../../Engine/Content/EngineMaterials/Substrate/GLints/dict_16_192_64_0p5_0p02_0051_0004.uasset" 8389
"../../../Engine/Content/EngineMaterials/Substrate/GLints/dict_16_192_64_0p5_0p02_0051_0004.uexp" 8390
"../../../Engine/Content/EngineMaterials/Substrate/GLints/dict_16_192_64_0p5_0p02_0061_0008.uasset" 8391
"../../../Engine/Content/EngineMaterials/Substrate/GLints/dict_16_192_64_0p5_0p02_0061_0008.uexp" 8392
"../../../Engine/Content/EngineMaterials/Substrate/GLints/dict_16_192_64_0p5_0p02_0000_0009.uasset" 8393
"../../../Engine/Content/EngineMaterials/Substrate/GLints/dict_16_192_64_0p5_0p02_0000_0009.uexp" 8394
"../../../Engine/Content/EngineMaterials/Substrate/GLints/dict_16_192_64_0p5_0p02_0013_0014.uasset" 8395
"../../../Engine/Content/EngineMaterials/Substrate/GLints/dict_16_192_64_0p5_0p02_0013_0014.uexp" 8396
"../../../Engine/Content/EngineMaterials/Substrate/GLints/dict_16_192_64_0p5_0p02_0048_0000.uasset" 8397
"../../../Engine/Content/EngineMaterials/Substrate/GLints/dict_16_192_64_0p5_0p02_0048_0000.uexp" 8398
"../../../Engine/Content/EngineMaterials/Substrate/GLints/dict_16_192_64_0p5_0p02_0027_0007.uasset" 8399
"../../../Engine/Content/EngineMaterials/Substrate/GLints/dict_16_192_64_0p5_0p02_0027_0007.uexp" 8400
"../../../Engine/Content/EngineMaterials/Substrate/GLints/dict_16_192_64_0p5_0p02_0061_0002.uasset" 8401
"../../../Engine/Content/EngineMaterials/Substrate/GLints/dict_16_192_64_0p5_0p02_0061_0002.uexp" 8402
"../../../Engine/Content/EngineMaterials/Substrate/GLints/dict_16_192_64_0p5_0p02_0021_0012.uasset" 8403
"../../../Engine/Content/EngineMaterials/Substrate/GLints/dict_16_192_64_0p5_0p02_0021_0012.uexp" 8404
"../../../Engine/Content/EngineMaterials/Substrate/GLints/dict_16_192_64_0p5_0p02_0017_0015.uasset" 8405
"../../../Engine/Content/EngineMaterials/Substrate/GLints/dict_16_192_64_0p5_0p02_0017_0015.uexp" 8406
"../../../Engine/Content/EngineMaterials/Substrate/GLints/dict_16_192_64_0p5_0p02_0006_0002.uasset" 8407
"../../../Engine/Content/EngineMaterials/Substrate/GLints/dict_16_192_64_0p5_0p02_0006_0002.uexp" 8408
"../../../Engine/Content/EngineMaterials/Substrate/GLints/dict_16_192_64_0p5_0p02_0023_0006.uasset" 8409
"../../../Engine/Content/EngineMaterials/Substrate/GLints/dict_16_192_64_0p5_0p02_0023_0006.uexp" 8410
"../../../Engine/Content/EngineMaterials/Substrate/GLints/dict_16_192_64_0p5_0p02_0038_0007.uasset" 8411
"../../../Engine/Content/EngineMaterials/Substrate/GLints/dict_16_192_64_0p5_0p02_0038_0007.uexp" 8412
"../../../Engine/Content/EngineMaterials/Substrate/GLints/dict_16_192_64_0p5_0p02_0005_0001.uasset" 8413
"../../../Engine/Content/EngineMaterials/Substrate/GLints/dict_16_192_64_0p5_0p02_0005_0001.uexp" 8414
"../../../Engine/Content/EngineMaterials/Substrate/GLints/dict_16_192_64_0p5_0p02_0021_0004.uasset" 8415
"../../../Engine/Content/EngineMaterials/Substrate/GLints/dict_16_192_64_0p5_0p02_0021_0004.uexp" 8416
"../../../Engine/Content/EngineMaterials/Substrate/GLints/dict_16_192_64_0p5_0p02_0018_0000.uasset" 8417
"../../../Engine/Content/EngineMaterials/Substrate/GLints/dict_16_192_64_0p5_0p02_0018_0000.uexp" 8418
"../../../Engine/Content/EngineMaterials/Substrate/GLints/dict_16_192_64_0p5_0p02_0008_0010.uasset" 8419
"../../../Engine/Content/EngineMaterials/Substrate/GLints/dict_16_192_64_0p5_0p02_0008_0010.uexp" 8420
"../../../Engine/Content/EngineMaterials/Substrate/GLints/dict_16_192_64_0p5_0p02_0026_0009.uasset" 8421
"../../../Engine/Content/EngineMaterials/Substrate/GLints/dict_16_192_64_0p5_0p02_0026_0009.uexp" 8422
"../../../Engine/Content/EngineMaterials/Substrate/GLints/dict_16_192_64_0p5_0p02_0023_0007.uasset" 8423
"../../../Engine/Content/EngineMaterials/Substrate/GLints/dict_16_192_64_0p5_0p02_0023_0007.uexp" 8424
"../../../Engine/Content/EngineMaterials/Substrate/GLints/dict_16_192_64_0p5_0p02_0002_0004.uasset" 8425
"../../../Engine/Content/EngineMaterials/Substrate/GLints/dict_16_192_64_0p5_0p02_0002_0004.uexp" 8426
"../../../Engine/Content/EngineMaterials/Substrate/GLints/dict_16_192_64_0p5_0p02_0001_0013.uasset" 8427
"../../../Engine/Content/EngineMaterials/Substrate/GLints/dict_16_192_64_0p5_0p02_0001_0013.uexp" 8428
"../../../Engine/Content/EngineMaterials/Substrate/GLints/dict_16_192_64_0p5_0p02_0025_0004.uasset" 8429
"../../../Engine/Content/EngineMaterials/Substrate/GLints/dict_16_192_64_0p5_0p02_0025_0004.uexp" 8430
"../../../Engine/Content/EngineMaterials/Substrate/GLints/dict_16_192_64_0p5_0p02_0056_0004.uasset" 8431
"../../../Engine/Content/EngineMaterials/Substrate/GLints/dict_16_192_64_0p5_0p02_0056_0004.uexp" 8432
"../../../Engine/Content/EngineMaterials/Substrate/GLints/dict_16_192_64_0p5_0p02_0019_0000.uasset" 8433
"../../../Engine/Content/EngineMaterials/Substrate/GLints/dict_16_192_64_0p5_0p02_0019_0000.uexp" 8434
"../../../Engine/Content/EngineMaterials/Substrate/GLints/dict_16_192_64_0p5_0p02_0031_0013.uasset" 8435
"../../../Engine/Content/EngineMaterials/Substrate/GLints/dict_16_192_64_0p5_0p02_0031_0013.uexp" 8436
"../../../Engine/Content/EngineMaterials/Substrate/GLints/dict_16_192_64_0p5_0p02_0017_0000.uasset" 8437
"../../../Engine/Content/EngineMaterials/Substrate/GLints/dict_16_192_64_0p5_0p02_0017_0000.uexp" 8438
"../../../Engine/Content/EngineMaterials/Substrate/GLints/dict_16_192_64_0p5_0p02_0011_0008.uasset" 8439
"../../../Engine/Content/EngineMaterials/Substrate/GLints/dict_16_192_64_0p5_0p02_0011_0008.uexp" 8440
"../../../Engine/Content/EngineMaterials/Substrate/GLints/dict_16_192_64_0p5_0p02_0009_0009.uasset" 8441
"../../../Engine/Content/EngineMaterials/Substrate/GLints/dict_16_192_64_0p5_0p02_0009_0009.uexp" 8442
"../../../Engine/Content/EngineMaterials/Substrate/GLints/dict_16_192_64_0p5_0p02_0019_0008.uasset" 8443
"../../../Engine/Content/EngineMaterials/Substrate/GLints/dict_16_192_64_0p5_0p02_0019_0008.uexp" 8444
"../../../Engine/Content/EngineMaterials/Substrate/GLints/dict_16_192_64_0p5_0p02_0041_0010.uasset" 8445
"../../../Engine/Content/EngineMaterials/Substrate/GLints/dict_16_192_64_0p5_0p02_0041_0010.uexp" 8446
"../../../Engine/Content/EngineMaterials/Substrate/GLints/dict_16_192_64_0p5_0p02_0058_0004.uasset" 8447
"../../../Engine/Content/EngineMaterials/Substrate/GLints/dict_16_192_64_0p5_0p02_0058_0004.uexp" 8448
"../../../Engine/Content/EngineMaterials/Substrate/GLints/dict_16_192_64_0p5_0p02_0015_0012.uasset" 8449
"../../../Engine/Content/EngineMaterials/Substrate/GLints/dict_16_192_64_0p5_0p02_0015_0012.uexp" 8450
"../../../Engine/Content/EngineMaterials/Substrate/GLints/dict_16_192_64_0p5_0p02_0040_0004.uasset" 8451
"../../../Engine/Content/EngineMaterials/Substrate/GLints/dict_16_192_64_0p5_0p02_0040_0004.uexp" 8452
"../../../Engine/Content/EngineMaterials/Substrate/GLints/dict_16_192_64_0p5_0p02_0032_0006.uasset" 8453
"../../../Engine/Content/EngineMaterials/Substrate/GLints/dict_16_192_64_0p5_0p02_0032_0006.uexp" 8454
"../../../Engine/Content/EngineMaterials/Substrate/GLints/dict_16_192_64_0p5_0p02_0053_0013.uasset" 8455
"../../../Engine/Content/EngineMaterials/Substrate/GLints/dict_16_192_64_0p5_0p02_0053_0013.uexp" 8456
"../../../Engine/Content/EngineMaterials/Substrate/GLints/dict_16_192_64_0p5_0p02_0023_0004.uasset" 8457
"../../../Engine/Content/EngineMaterials/Substrate/GLints/dict_16_192_64_0p5_0p02_0023_0004.uexp" 8458
"../../../Engine/Content/EngineMaterials/Substrate/GLints/dict_16_192_64_0p5_0p02_0055_0010.uasset" 8459
"../../../Engine/Content/EngineMaterials/Substrate/GLints/dict_16_192_64_0p5_0p02_0055_0010.uexp" 8460
"../../../Engine/Content/EngineMaterials/Substrate/GLints/dict_16_192_64_0p5_0p02_0012_0009.uasset" 8461
"../../../Engine/Content/EngineMaterials/Substrate/GLints/dict_16_192_64_0p5_0p02_0012_0009.uexp" 8462
"../../../Engine/Content/EngineMaterials/Substrate/GLints/dict_16_192_64_0p5_0p02_0039_0006.uasset" 8463
"../../../Engine/Content/EngineMaterials/Substrate/GLints/dict_16_192_64_0p5_0p02_0039_0006.uexp" 8464
"../../../Engine/Content/EngineMaterials/Substrate/GLints/dict_16_192_64_0p5_0p02_0053_0000.uasset" 8465
"../../../Engine/Content/EngineMaterials/Substrate/GLints/dict_16_192_64_0p5_0p02_0053_0000.uexp" 8466
"../../../Engine/Content/EngineMaterials/Substrate/GLints/dict_16_192_64_0p5_0p02_0056_0015.uasset" 8467
"../../../Engine/Content/EngineMaterials/Substrate/GLints/dict_16_192_64_0p5_0p02_0056_0015.uexp" 8468
"../../../Engine/Content/EngineMaterials/Substrate/GLints/dict_16_192_64_0p5_0p02_0015_0007.uasset" 8469
"../../../Engine/Content/EngineMaterials/Substrate/GLints/dict_16_192_64_0p5_0p02_0015_0007.uexp" 8470
"../../../Engine/Content/EngineMaterials/Substrate/GLints/dict_16_192_64_0p5_0p02_0029_0001.uasset" 8471
"../../../Engine/Content/EngineMaterials/Substrate/GLints/dict_16_192_64_0p5_0p02_0029_0001.uexp" 8472
"../../../Engine/Content/EngineMaterials/Substrate/GLints/dict_16_192_64_0p5_0p02_0028_0003.uasset" 8473
"../../../Engine/Content/EngineMaterials/Substrate/GLints/dict_16_192_64_0p5_0p02_0028_0003.uexp" 8474
"../../../Engine/Content/EngineMaterials/Substrate/GLints/dict_16_192_64_0p5_0p02_0018_0008.uasset" 8475
"../../../Engine/Content/EngineMaterials/Substrate/GLints/dict_16_192_64_0p5_0p02_0018_0008.uexp" 8476
"../../../Engine/Content/EngineMaterials/Substrate/GLints/dict_16_192_64_0p5_0p02_0030_0009.uasset" 8477
"../../../Engine/Content/EngineMaterials/Substrate/GLints/dict_16_192_64_0p5_0p02_0030_0009.uexp" 8478
"../../../Engine/Content/EngineMaterials/Substrate/GLints/dict_16_192_64_0p5_0p02_0039_0014.uasset" 8479
"../../../Engine/Content/EngineMaterials/Substrate/GLints/dict_16_192_64_0p5_0p02_0039_0014.uexp" 8480
"../../../Engine/Content/EngineMaterials/Substrate/GLints/dict_16_192_64_0p5_0p02_0014_0010.uasset" 8481
"../../../Engine/Content/EngineMaterials/Substrate/GLints/dict_16_192_64_0p5_0p02_0014_0010.uexp" 8482
"../../../Engine/Content/EngineMaterials/Substrate/GLints/dict_16_192_64_0p5_0p02_0060_0006.uasset" 8483
"../../../Engine/Content/EngineMaterials/Substrate/GLints/dict_16_192_64_0p5_0p02_0060_0006.uexp" 8484
"../../../Engine/Content/EngineMaterials/Substrate/GLints/dict_16_192_64_0p5_0p02_0000_0003.uasset" 8485
"../../../Engine/Content/EngineMaterials/Substrate/GLints/dict_16_192_64_0p5_0p02_0000_0003.uexp" 8486
"../../../Engine/Content/EngineMaterials/Substrate/GLints/dict_16_192_64_0p5_0p02_0049_0010.uasset" 8487
"../../../Engine/Content/EngineMaterials/Substrate/GLints/dict_16_192_64_0p5_0p02_0049_0010.uexp" 8488
"../../../Engine/Content/EngineMaterials/Substrate/GLints/dict_16_192_64_0p5_0p02_0041_0000.uasset" 8489
"../../../Engine/Content/EngineMaterials/Substrate/GLints/dict_16_192_64_0p5_0p02_0041_0000.uexp" 8490
"../../../Engine/Content/EngineMaterials/Substrate/GLints/dict_16_192_64_0p5_0p02_0039_0000.uasset" 8491
"../../../Engine/Content/EngineMaterials/Substrate/GLints/dict_16_192_64_0p5_0p02_0039_0000.uexp" 8492
"../../../Engine/Content/EngineMaterials/Substrate/GLints/dict_16_192_64_0p5_0p02_0045_0010.uasset" 8493
"../../../Engine/Content/EngineMaterials/Substrate/GLints/dict_16_192_64_0p5_0p02_0045_0010.uexp" 8494
"../../../Engine/Content/EngineMaterials/Substrate/GLints/AGlintTex2dArray.uasset" 8495
"../../../Engine/Content/EngineMaterials/Substrate/GLints/AGlintTex2dArray.uexp" 8496
"../../../Engine/Content/Maps/Entry_BuiltData.uasset" 8497
"../../../Engine/Content/Maps/Entry_BuiltData.uexp" 8498
"../../../Engine/Content/Maps/Entry.uexp" 8499
"../../../Engine/Content/Maps/Entry.umap" 8500
"C:/Users/silve/OneDrive/Documents/Unreal Projects/MightyHero/Content/Blueprints/BP_TrackCameraActor.uasset" 8501
"C:/Users/silve/OneDrive/Documents/Unreal Projects/MightyHero/Content/Blueprints/BP_TrackCameraActor.uexp" 8502
"C:/Users/silve/OneDrive/Documents/Unreal Projects/MightyHero/Content/Maps/Main.uexp" 8503
"C:/Users/silve/OneDrive/Documents/Unreal Projects/MightyHero/Content/Maps/Main.umap" 8504
